{"type": "FeatureCollection", "features": [{"type": "Feature", "geometry": {"coordinates": [[[1.512476, 43.578106], [1.512301, 43.578046], [1.512391, 43.577917], [1.512549, 43.577973], [1.512476, 43.578106]]], "type": "Polygon"}, "properties": {"id": "BATIMENT0000000073233453", "zoneCode": "Bi", "zoneLabel": "Bleue inondation", "zoneColor": "#4FA8E0", "concerne": true, "regime": "Constructions nouvelles : Autorisées sous prescriptions (plancher au-dessus des PHEC, sens d'écoulement ou transparence hydraulique, matériaux peu vulnérables), hors établissements sensibles. Constructions existantes : Extensions autorisées selon usage (habitation, annexes, hébergement +plan de secours, ERP/activités, agricole), plancher au-dessus des PHEC.", "etudeGeotechniqueG2": false, "etagePresent": "Non", "etageSource": "estimé par la hauteur (5.1 m), fiabilité modérée", "typologie": "Activité économique", "typologieSource": "BD TOPO", "zoneRefuge": "Conditionnelle : si le plancher ne peut pas être calé au-dessus des PHEC (impossibilité fonctionnelle dûment justifiée), un niveau refuge adapté est exigé (20 m² minimum, hauteur 1,80 m minimum).", "refugeCategorie": "Conditionnelle (impossibilité fonctionnelle à justifier)", "diagnostic": "Étude de vulnérabilité obligatoire sous 1 an pour les établissements sensibles (aléa faible à moyen : pas de délai de mise en œuvre chiffré).", "eligibiliteFprnm": "Potentiellement éligible - activité : FPRNM à 20% des travaux prescrits si moins de 20 salariés, sous réserve d'un bien existant avant le 18/04/2016.", "hauteurM": 5.1, "altitudeSolLidarHdM": 142.36, "coteReferencePheM": 143.34, "distanceIsocoteM": 55.0, "hauteurEauEstimeeM": 0.98, "hauteurEauNote": "Estimation : cote de référence PHE (143.34 m NGF, TIN isocotes (interpolation linéaire entre lignes de cote)) moins altitude sol LIDAR HD (142.36 m NGF).", "coteReferenceMethode": "TIN isocotes (interpolation linéaire entre lignes de cote)"}}, {"type": "Feature", "geometry": {"coordinates": [[[1.53662, 43.579198], [1.536544, 43.579067], [1.536791, 43.578996], [1.53687, 43.579116], [1.53662, 43.579198]]], "type": "Polygon"}, "properties": {"id": "BATIMENT0000000316910419", "zoneCode": "GHi", "zoneLabel": "Grise hachurée inondation (crue historique)", "zoneColor": "#8A8A8A", "concerne": true, "regime": "Constructions nouvelles : Autorisées sous prescriptions : étude géotechnique G2 AVP obligatoire pour toute construction nécessitant des fondations, réseaux eaux pluviales/assainissement étanches. Recommandation : plancher surexhaussé de 30 cm. Constructions existantes : Même régime unique que pour le neuf (pas de distinction nouveau/existant) : étude géotechnique G2 AVP obligatoire pour toute construction nécessitant des fondations. Étude géotechnique G2 AVP (norme NF P 94-500) obligatoire avant travaux nécessitant des fondations.", "etudeGeotechniqueG2": true, "etagePresent": "Non", "etageSource": "connu (BDNB Fichiers Fonciers nb_niveau=1)", "typologie": "Activité économique", "typologieSource": "BDNB (Fichiers Fonciers, millésime 2026-02.a)", "diagnostic": "Étude de vulnérabilité obligatoire sous 1 an pour les établissements sensibles (aléa faible à moyen : pas de délai de mise en œuvre chiffré).", "eligibiliteFprnm": "Potentiellement éligible - activité : FPRNM à 20% des travaux prescrits si moins de 20 salariés, sous réserve d'un bien existant avant le 18/04/2016.", "nbLogements": 0, "hauteurM": 4.8, "altitudeSolLidarHdM": 147.97, "coteReferencePheM": 147.42, "distanceIsocoteM": 49.0, "hauteurEauEstimeeM": 0.0, "hauteurEauNote": "Estimation : cote de référence PHE (147.42 m NGF, TIN isocotes (interpolation linéaire entre lignes de cote)) moins altitude sol LIDAR HD (147.97 m NGF). Terrain surélevé localement par rapport à la cote de référence PHE interpolée à cet endroit : pas de submersion attendue pour cette crue de référence.", "coteReferenceMethode": "TIN isocotes (interpolation linéaire entre lignes de cote)"}}, {"type": "Feature", "geometry": {"coordinates": [[[1.520418, 43.580364], [1.52045, 43.580199], [1.520054, 43.580163], [1.520026, 43.580324], [1.520418, 43.580364]]], "type": "Polygon"}, "properties": {"id": "BATIMENT0000000338868106", "zoneCode": "Bi", "zoneLabel": "Bleue inondation", "zoneColor": "#4FA8E0", "concerne": true, "regime": "Constructions nouvelles : Autorisées sous prescriptions (plancher au-dessus des PHEC, sens d'écoulement ou transparence hydraulique, matériaux peu vulnérables), hors établissements sensibles. Constructions existantes : Extensions autorisées selon usage (habitation, annexes, hébergement +plan de secours, ERP/activités, agricole), plancher au-dessus des PHEC.", "etudeGeotechniqueG2": false, "etagePresent": "Oui", "etageSource": "étage retenu par prudence (hauteur 6.8 m > seuil 5.30 m)", "typologie": "Activité économique", "typologieSource": "BD TOPO", "zoneRefuge": "Conditionnelle : si le plancher ne peut pas être calé au-dessus des PHEC (impossibilité fonctionnelle dûment justifiée), un niveau refuge adapté est exigé (20 m² minimum, hauteur 1,80 m minimum).", "refugeCategorie": "Conditionnelle (impossibilité fonctionnelle à justifier)", "diagnostic": "Étude de vulnérabilité obligatoire sous 1 an pour les établissements sensibles (aléa faible à moyen : pas de délai de mise en œuvre chiffré).", "eligibiliteFprnm": "Potentiellement éligible - activité : FPRNM à 20% des travaux prescrits si moins de 20 salariés, sous réserve d'un bien existant avant le 18/04/2016.", "nbLogements": 0, "hauteurM": 6.8, "altitudeSolLidarHdM": 143.94, "coteReferencePheM": 144.78, "distanceIsocoteM": 102.0, "hauteurEauEstimeeM": 0.84, "hauteurEauNote": "Estimation : cote de référence PHE (144.78 m NGF, TIN isocotes (interpolation linéaire entre lignes de cote)) moins altitude sol LIDAR HD (143.94 m NGF).", "coteReferenceMethode": "TIN isocotes (interpolation linéaire entre lignes de cote)"}}, {"type": "Feature", "geometry": {"coordinates": [[[1.521875, 43.580483], [1.521851, 43.580594], [1.521525, 43.580549], [1.521557, 43.580431], [1.521875, 43.580483]]], "type": "Polygon"}, "properties": {"id": "BATIMENT0000000338868113", "zoneCode": "Bi", "zoneLabel": "Bleue inondation", "zoneColor": "#4FA8E0", "concerne": true, "regime": "Constructions nouvelles : Autorisées sous prescriptions (plancher au-dessus des PHEC, sens d'écoulement ou transparence hydraulique, matériaux peu vulnérables), hors établissements sensibles. Constructions existantes : Extensions autorisées selon usage (habitation, annexes, hébergement +plan de secours, ERP/activités, agricole), plancher au-dessus des PHEC.", "etudeGeotechniqueG2": false, "etagePresent": "Oui", "etageSource": "étage retenu par prudence (hauteur 6.6 m > seuil 5.30 m)", "typologie": "Activité économique", "typologieSource": "BD TOPO", "zoneRefuge": "Conditionnelle : si le plancher ne peut pas être calé au-dessus des PHEC (impossibilité fonctionnelle dûment justifiée), un niveau refuge adapté est exigé (20 m² minimum, hauteur 1,80 m minimum).", "refugeCategorie": "Conditionnelle (impossibilité fonctionnelle à justifier)", "diagnostic": "Étude de vulnérabilité obligatoire sous 1 an pour les établissements sensibles (aléa faible à moyen : pas de délai de mise en œuvre chiffré).", "eligibiliteFprnm": "Potentiellement éligible - activité : FPRNM à 20% des travaux prescrits si moins de 20 salariés, sous réserve d'un bien existant avant le 18/04/2016.", "nbLogements": 0, "hauteurM": 6.6, "altitudeSolLidarHdM": 144.34, "coteReferencePheM": 145.09, "distanceIsocoteM": 15.0, "hauteurEauEstimeeM": 0.75, "hauteurEauNote": "Estimation : cote de référence PHE (145.09 m NGF, TIN isocotes (interpolation linéaire entre lignes de cote)) moins altitude sol LIDAR HD (144.34 m NGF).", "coteReferenceMethode": "TIN isocotes (interpolation linéaire entre lignes de cote)"}}, {"type": "Feature", "geometry": {"coordinates": [[[1.52233, 43.58022], [1.522368, 43.580098], [1.522422, 43.580059], [1.522392, 43.580009], [1.522134, 43.579971], [1.522076, 43.580179], [1.52233, 43.58022]]], "type": "Polygon"}, "properties": {"id": "BATIMENT0000000338868115", "zoneCode": "Ri", "zoneLabel": "Rouge inondation", "zoneColor": "#E2001A", "concerne": true, "zonesIntersectees": "Bi;Ri", "regime": "Constructions nouvelles : Interdites, sauf exceptions très limitées (accès de sécurité, abris légers ≤20 m² une fois, locaux techniques ≤20 m², locaux jardinage, serres tunnel démontables, piscines). Constructions existantes : Extension habitations/annexes limitée à 20 m² une fois, plancher au-dessus des PHEC (refuge si impossibilité fonctionnelle) ; extension ERP/activités/agricole limitée à 20% de l'emprise, une fois.", "etudeGeotechniqueG2": false, "etagePresent": "Oui", "etageSource": "étage retenu par prudence (hauteur 8.9 m > seuil 5.30 m)", "typologie": "Activité économique", "typologieSource": "BD TOPO", "zoneRefuge": "Conditionnelle : si le plancher ne peut pas être calé au-dessus des PHEC (impossibilité fonctionnelle dûment justifiée), un niveau refuge adapté est exigé (20 m² minimum, hauteur 1,80 m minimum).", "refugeCategorie": "Conditionnelle (impossibilité fonctionnelle à justifier)", "diagnostic": "Étude de vulnérabilité obligatoire sous 1 an pour les établissements sensibles ; mesures mises en œuvre sous 5 ans (aléa fort), limite 10% valeur vénale.", "eligibiliteFprnm": "Potentiellement éligible - activité : FPRNM à 20% des travaux prescrits si moins de 20 salariés, sous réserve d'un bien existant avant le 18/04/2016.", "nbLogements": 0, "hauteurM": 8.9, "altitudeSolLidarHdM": 144.78, "coteReferencePheM": 145.36, "distanceIsocoteM": 24.0, "hauteurEauEstimeeM": 0.58, "hauteurEauNote": "Estimation : cote de référence PHE (145.36 m NGF, TIN isocotes (interpolation linéaire entre lignes de cote)) moins altitude sol LIDAR HD (144.78 m NGF).", "coteReferenceMethode": "TIN isocotes (interpolation linéaire entre lignes de cote)"}}, {"type": "Feature", "geometry": {"coordinates": [[[1.51752, 43.581238], [1.517413, 43.581228], [1.517418, 43.581172], [1.517401, 43.58117], [1.517411, 43.581105], [1.517429, 43.580922], [1.517458, 43.580926], [1.51747, 43.580776], [1.517584, 43.580785], [1.51758, 43.580904], [1.51754, 43.580903], [1.517535, 43.580993], [1.51755, 43.580993], [1.517545, 43.581054], [1.517513, 43.581052], [1.517506, 43.581111], [1.51753, 43.581113], [1.517522, 43.581175], [1.517528, 43.581175], [1.51752, 43.581238]]], "type": "Polygon"}, "properties": {"id": "BATIMENT0000000338868198", "zoneCode": "Bi", "zoneLabel": "Bleue inondation", "zoneColor": "#4FA8E0", "concerne": true, "regime": "Constructions nouvelles : Autorisées sous prescriptions (plancher au-dessus des PHEC, sens d'écoulement ou transparence hydraulique, matériaux peu vulnérables), hors établissements sensibles. Constructions existantes : Extensions autorisées selon usage (habitation, annexes, hébergement +plan de secours, ERP/activités, agricole), plancher au-dessus des PHEC.", "etudeGeotechniqueG2": false, "etagePresent": "Oui", "etageSource": "connu (BDNB Fichiers Fonciers nb_niveau=2)", "typologie": "Maison individuelle", "typologieSource": "BDNB (Fichiers Fonciers, millésime 2026-02.a)", "zoneRefuge": "Conditionnelle : si le plancher ne peut pas être calé au-dessus des PHEC (impossibilité fonctionnelle dûment justifiée), un niveau refuge adapté est exigé (20 m² minimum, hauteur 1,80 m minimum).", "refugeCategorie": "Conditionnelle (impossibilité fonctionnelle à justifier)", "diagnostic": "Étude de vulnérabilité obligatoire sous 1 an pour les établissements sensibles (aléa faible à moyen : pas de délai de mise en œuvre chiffré).", "eligibiliteFprnm": "Éligible - habitation : FPRNM à 80% des travaux prescrits, sous réserve d'un bien existant avant le 18/04/2016.", "nbLogements": 1, "hauteurM": 5.7, "altitudeSolLidarHdM": 144.48, "coteReferencePheM": 144.31, "distanceIsocoteM": 90.0, "hauteurEauEstimeeM": 0.0, "hauteurEauNote": "Estimation : cote de référence PHE (144.31 m NGF, TIN isocotes (interpolation linéaire entre lignes de cote)) moins altitude sol LIDAR HD (144.48 m NGF). Terrain surélevé localement par rapport à la cote de référence PHE interpolée à cet endroit : pas de submersion attendue pour cette crue de référence.", "coteReferenceMethode": "TIN isocotes (interpolation linéaire entre lignes de cote)"}}, {"type": "Feature", "geometry": {"coordinates": [[[1.520857, 43.580101], [1.520881, 43.580012], [1.52095, 43.580023], [1.520948, 43.580041], [1.521195, 43.580075], [1.521212, 43.580007], [1.521519, 43.580056], [1.521494, 43.580144], [1.52119, 43.580099], [1.521181, 43.580141], [1.520929, 43.580102], [1.520923, 43.580112], [1.520857, 43.580101]]], "type": "Polygon"}, "properties": {"id": "BATIMENT0000000338868201", "zoneCode": "Ri", "zoneLabel": "Rouge inondation", "zoneColor": "#E2001A", "concerne": true, "zonesIntersectees": "Bi;Ri", "regime": "Constructions nouvelles : Interdites, sauf exceptions très limitées (accès de sécurité, abris légers ≤20 m² une fois, locaux techniques ≤20 m², locaux jardinage, serres tunnel démontables, piscines). Constructions existantes : Extension habitations/annexes limitée à 20 m² une fois, plancher au-dessus des PHEC (refuge si impossibilité fonctionnelle) ; extension ERP/activités/agricole limitée à 20% de l'emprise, une fois.", "etudeGeotechniqueG2": false, "etagePresent": "Oui", "etageSource": "étage retenu par prudence (hauteur 8.8 m > seuil 5.30 m)", "typologie": "Activité économique", "typologieSource": "BD TOPO", "zoneRefuge": "Conditionnelle : si le plancher ne peut pas être calé au-dessus des PHEC (impossibilité fonctionnelle dûment justifiée), un niveau refuge adapté est exigé (20 m² minimum, hauteur 1,80 m minimum).", "refugeCategorie": "Conditionnelle (impossibilité fonctionnelle à justifier)", "diagnostic": "Étude de vulnérabilité obligatoire sous 1 an pour les établissements sensibles ; mesures mises en œuvre sous 5 ans (aléa fort), limite 10% valeur vénale.", "eligibiliteFprnm": "Potentiellement éligible - activité : FPRNM à 20% des travaux prescrits si moins de 20 salariés, sous réserve d'un bien existant avant le 18/04/2016.", "nbLogements": 1, "hauteurM": 8.8, "altitudeSolLidarHdM": 144.33, "coteReferencePheM": 144.95, "distanceIsocoteM": 24.0, "hauteurEauEstimeeM": 0.62, "hauteurEauNote": "Estimation : cote de référence PHE (144.95 m NGF, TIN isocotes (interpolation linéaire entre lignes de cote)) moins altitude sol LIDAR HD (144.33 m NGF).", "coteReferenceMethode": "TIN isocotes (interpolation linéaire entre lignes de cote)"}}, {"type": "Feature", "geometry": {"coordinates": [[[1.519253, 43.580148], [1.519336, 43.580148], [1.519334, 43.580186], [1.51936, 43.580187], [1.519355, 43.58023], [1.519334, 43.580228], [1.519325, 43.580266], [1.519247, 43.580267], [1.519085, 43.580259], [1.519081, 43.58028], [1.518981, 43.580272], [1.518983, 43.580247], [1.518945, 43.580246], [1.518951, 43.580128], [1.519082, 43.58014], [1.519253, 43.580148]]], "type": "Polygon"}, "properties": {"id": "BATIMENT0000000338868210", "zoneCode": "Bi", "zoneLabel": "Bleue inondation", "zoneColor": "#4FA8E0", "concerne": true, "regime": "Constructions nouvelles : Autorisées sous prescriptions (plancher au-dessus des PHEC, sens d'écoulement ou transparence hydraulique, matériaux peu vulnérables), hors établissements sensibles. Constructions existantes : Extensions autorisées selon usage (habitation, annexes, hébergement +plan de secours, ERP/activités, agricole), plancher au-dessus des PHEC.", "etudeGeotechniqueG2": false, "etagePresent": "Oui", "etageSource": "connu (BD TOPO nombre_d_etages)", "typologie": "Activité économique", "typologieSource": "BD TOPO", "zoneRefuge": "Conditionnelle : si le plancher ne peut pas être calé au-dessus des PHEC (impossibilité fonctionnelle dûment justifiée), un niveau refuge adapté est exigé (20 m² minimum, hauteur 1,80 m minimum).", "refugeCategorie": "Conditionnelle (impossibilité fonctionnelle à justifier)", "diagnostic": "Étude de vulnérabilité obligatoire sous 1 an pour les établissements sensibles (aléa faible à moyen : pas de délai de mise en œuvre chiffré).", "eligibiliteFprnm": "Potentiellement éligible - activité : FPRNM à 20% des travaux prescrits si moins de 20 salariés, sous réserve d'un bien existant avant le 18/04/2016.", "nbLogements": 0, "hauteurM": 7.1, "altitudeSolLidarHdM": 144.03, "coteReferencePheM": 144.59, "distanceIsocoteM": 43.0, "hauteurEauEstimeeM": 0.56, "hauteurEauNote": "Estimation : cote de référence PHE (144.59 m NGF, TIN isocotes (interpolation linéaire entre lignes de cote)) moins altitude sol LIDAR HD (144.03 m NGF).", "coteReferenceMethode": "TIN isocotes (interpolation linéaire entre lignes de cote)"}}, {"type": "Feature", "geometry": {"coordinates": [[[1.517895, 43.581046], [1.517785, 43.581039], [1.517797, 43.580882], [1.517908, 43.580887], [1.517905, 43.58095], [1.517944, 43.58095], [1.51794, 43.580988], [1.517901, 43.580985], [1.517902, 43.580999], [1.51793, 43.580999], [1.517927, 43.581031], [1.517902, 43.581032], [1.517895, 43.581046]]], "type": "Polygon"}, "properties": {"id": "BATIMENT0000000338868211", "zoneCode": "Bi", "zoneLabel": "Bleue inondation", "zoneColor": "#4FA8E0", "concerne": true, "regime": "Constructions nouvelles : Autorisées sous prescriptions (plancher au-dessus des PHEC, sens d'écoulement ou transparence hydraulique, matériaux peu vulnérables), hors établissements sensibles. Constructions existantes : Extensions autorisées selon usage (habitation, annexes, hébergement +plan de secours, ERP/activités, agricole), plancher au-dessus des PHEC.", "etudeGeotechniqueG2": false, "etagePresent": "Oui", "etageSource": "connu (BD TOPO nombre_d_etages)", "typologie": "Maison individuelle", "typologieSource": "BD TOPO", "zoneRefuge": "Conditionnelle : si le plancher ne peut pas être calé au-dessus des PHEC (impossibilité fonctionnelle dûment justifiée), un niveau refuge adapté est exigé (20 m² minimum, hauteur 1,80 m minimum).", "refugeCategorie": "Conditionnelle (impossibilité fonctionnelle à justifier)", "diagnostic": "Étude de vulnérabilité obligatoire sous 1 an pour les établissements sensibles (aléa faible à moyen : pas de délai de mise en œuvre chiffré).", "eligibiliteFprnm": "Éligible - habitation : FPRNM à 80% des travaux prescrits, sous réserve d'un bien existant avant le 18/04/2016.", "nbLogements": 1, "hauteurM": 6.4, "altitudeSolLidarHdM": 144.59, "coteReferencePheM": 144.37, "distanceIsocoteM": 61.0, "hauteurEauEstimeeM": 0.0, "hauteurEauNote": "Estimation : cote de référence PHE (144.37 m NGF, TIN isocotes (interpolation linéaire entre lignes de cote)) moins altitude sol LIDAR HD (144.59 m NGF). Terrain surélevé localement par rapport à la cote de référence PHE interpolée à cet endroit : pas de submersion attendue pour cette crue de référence.", "coteReferenceMethode": "TIN isocotes (interpolation linéaire entre lignes de cote)"}}, {"type": "Feature", "geometry": {"coordinates": [[[1.522388, 43.580653], [1.522461, 43.580419], [1.522239, 43.580381], [1.522175, 43.58062], [1.522388, 43.580653]]], "type": "Polygon"}, "properties": {"id": "BATIMENT0000000338868230", "zoneCode": "Bi", "zoneLabel": "Bleue inondation", "zoneColor": "#4FA8E0", "concerne": true, "regime": "Constructions nouvelles : Autorisées sous prescriptions (plancher au-dessus des PHEC, sens d'écoulement ou transparence hydraulique, matériaux peu vulnérables), hors établissements sensibles. Constructions existantes : Extensions autorisées selon usage (habitation, annexes, hébergement +plan de secours, ERP/activités, agricole), plancher au-dessus des PHEC.", "etudeGeotechniqueG2": false, "etagePresent": "Oui", "etageSource": "étage retenu par prudence (hauteur 7.4 m > seuil 5.30 m)", "typologie": "Activité économique", "typologieSource": "BD TOPO", "zoneRefuge": "Conditionnelle : si le plancher ne peut pas être calé au-dessus des PHEC (impossibilité fonctionnelle dûment justifiée), un niveau refuge adapté est exigé (20 m² minimum, hauteur 1,80 m minimum).", "refugeCategorie": "Conditionnelle (impossibilité fonctionnelle à justifier)", "diagnostic": "Étude de vulnérabilité obligatoire sous 1 an pour les établissements sensibles (aléa faible à moyen : pas de délai de mise en œuvre chiffré).", "eligibiliteFprnm": "Potentiellement éligible - activité : FPRNM à 20% des travaux prescrits si moins de 20 salariés, sous réserve d'un bien existant avant le 18/04/2016.", "nbLogements": 0, "hauteurM": 7.4, "altitudeSolLidarHdM": 144.83, "coteReferencePheM": 145.39, "distanceIsocoteM": 19.0, "hauteurEauEstimeeM": 0.56, "hauteurEauNote": "Estimation : cote de référence PHE (145.39 m NGF, TIN isocotes (interpolation linéaire entre lignes de cote)) moins altitude sol LIDAR HD (144.83 m NGF).", "coteReferenceMethode": "TIN isocotes (interpolation linéaire entre lignes de cote)"}}, {"type": "Feature", "geometry": {"coordinates": [[[1.521983, 43.580093], [1.522024, 43.579971], [1.521738, 43.579923], [1.5217, 43.580047], [1.521983, 43.580093]]], "type": "Polygon"}, "properties": {"id": "BATIMENT0000000338868259", "zoneCode": "Ri", "zoneLabel": "Rouge inondation", "zoneColor": "#E2001A", "concerne": true, "zonesIntersectees": "Bi;Ri", "regime": "Constructions nouvelles : Interdites, sauf exceptions très limitées (accès de sécurité, abris légers ≤20 m² une fois, locaux techniques ≤20 m², locaux jardinage, serres tunnel démontables, piscines). Constructions existantes : Extension habitations/annexes limitée à 20 m² une fois, plancher au-dessus des PHEC (refuge si impossibilité fonctionnelle) ; extension ERP/activités/agricole limitée à 20% de l'emprise, une fois.", "etudeGeotechniqueG2": false, "etagePresent": "Oui", "etageSource": "étage retenu par prudence (hauteur 6.0 m > seuil 5.30 m)", "typologie": "Activité économique", "typologieSource": "BD TOPO", "zoneRefuge": "Conditionnelle : si le plancher ne peut pas être calé au-dessus des PHEC (impossibilité fonctionnelle dûment justifiée), un niveau refuge adapté est exigé (20 m² minimum, hauteur 1,80 m minimum).", "refugeCategorie": "Conditionnelle (impossibilité fonctionnelle à justifier)", "diagnostic": "Étude de vulnérabilité obligatoire sous 1 an pour les établissements sensibles ; mesures mises en œuvre sous 5 ans (aléa fort), limite 10% valeur vénale.", "eligibiliteFprnm": "Potentiellement éligible - activité : FPRNM à 20% des travaux prescrits si moins de 20 salariés, sous réserve d'un bien existant avant le 18/04/2016.", "nbLogements": 0, "hauteurM": 6.0, "altitudeSolLidarHdM": 144.14, "coteReferencePheM": 145.18, "distanceIsocoteM": 30.0, "hauteurEauEstimeeM": 1.04, "hauteurEauNote": "Estimation : cote de référence PHE (145.18 m NGF, TIN isocotes (interpolation linéaire entre lignes de cote)) moins altitude sol LIDAR HD (144.14 m NGF).", "coteReferenceMethode": "TIN isocotes (interpolation linéaire entre lignes de cote)"}}, {"type": "Feature", "geometry": {"coordinates": [[[1.521014, 43.580923], [1.521034, 43.580766], [1.520986, 43.580766], [1.520988, 43.580739], [1.520406, 43.580701], [1.520391, 43.580854], [1.520621, 43.580866], [1.520618, 43.580877], [1.520721, 43.580882], [1.520722, 43.580874], [1.520925, 43.580886], [1.520919, 43.580916], [1.521014, 43.580923]]], "type": "Polygon"}, "properties": {"id": "BATIMENT0000000338868312", "zoneCode": "Bi", "zoneLabel": "Bleue inondation", "zoneColor": "#4FA8E0", "concerne": true, "regime": "Constructions nouvelles : Autorisées sous prescriptions (plancher au-dessus des PHEC, sens d'écoulement ou transparence hydraulique, matériaux peu vulnérables), hors établissements sensibles. Constructions existantes : Extensions autorisées selon usage (habitation, annexes, hébergement +plan de secours, ERP/activités, agricole), plancher au-dessus des PHEC.", "etudeGeotechniqueG2": false, "etagePresent": "Oui", "etageSource": "connu (BD TOPO nombre_d_etages)", "typologie": "Logement collectif (37 logements)", "typologieSource": "BD TOPO", "zoneRefuge": "Conditionnelle : si le plancher ne peut pas être calé au-dessus des PHEC (impossibilité fonctionnelle dûment justifiée), un niveau refuge adapté est exigé (20 m² minimum, hauteur 1,80 m minimum).", "refugeCategorie": "Conditionnelle (impossibilité fonctionnelle à justifier)", "diagnostic": "Étude de vulnérabilité obligatoire sous 1 an pour les établissements sensibles (aléa faible à moyen : pas de délai de mise en œuvre chiffré).", "eligibiliteFprnm": "Éligible - habitation : FPRNM à 80% des travaux prescrits, sous réserve d'un bien existant avant le 18/04/2016.", "nbLogements": 37, "hauteurM": 12.3, "altitudeSolLidarHdM": 145.56, "coteReferencePheM": 144.86, "distanceIsocoteM": 65.0, "hauteurEauEstimeeM": 0.0, "hauteurEauNote": "Estimation : cote de référence PHE (144.86 m NGF, TIN isocotes (interpolation linéaire entre lignes de cote)) moins altitude sol LIDAR HD (145.56 m NGF). Terrain surélevé localement par rapport à la cote de référence PHE interpolée à cet endroit : pas de submersion attendue pour cette crue de référence.", "coteReferenceMethode": "TIN isocotes (interpolation linéaire entre lignes de cote)"}}, {"type": "Feature", "geometry": {"coordinates": [[[1.521939, 43.580285], [1.521906, 43.580417], [1.521727, 43.58039], [1.521767, 43.580255], [1.521939, 43.580285]]], "type": "Polygon"}, "properties": {"id": "BATIMENT0000000338868435", "zoneCode": "Bi", "zoneLabel": "Bleue inondation", "zoneColor": "#4FA8E0", "concerne": true, "regime": "Constructions nouvelles : Autorisées sous prescriptions (plancher au-dessus des PHEC, sens d'écoulement ou transparence hydraulique, matériaux peu vulnérables), hors établissements sensibles. Constructions existantes : Extensions autorisées selon usage (habitation, annexes, hébergement +plan de secours, ERP/activités, agricole), plancher au-dessus des PHEC.", "etudeGeotechniqueG2": false, "etagePresent": "Oui", "etageSource": "étage retenu par prudence (hauteur 6.4 m > seuil 5.30 m)", "typologie": "Activité économique", "typologieSource": "BD TOPO", "zoneRefuge": "Conditionnelle : si le plancher ne peut pas être calé au-dessus des PHEC (impossibilité fonctionnelle dûment justifiée), un niveau refuge adapté est exigé (20 m² minimum, hauteur 1,80 m minimum).", "refugeCategorie": "Conditionnelle (impossibilité fonctionnelle à justifier)", "diagnostic": "Étude de vulnérabilité obligatoire sous 1 an pour les établissements sensibles (aléa faible à moyen : pas de délai de mise en œuvre chiffré).", "eligibiliteFprnm": "Potentiellement éligible - activité : FPRNM à 20% des travaux prescrits si moins de 20 salariés, sous réserve d'un bien existant avant le 18/04/2016.", "nbLogements": 0, "hauteurM": 6.4, "altitudeSolLidarHdM": 144.86, "coteReferencePheM": 145.16, "distanceIsocoteM": 26.0, "hauteurEauEstimeeM": 0.3, "hauteurEauNote": "Estimation : cote de référence PHE (145.16 m NGF, TIN isocotes (interpolation linéaire entre lignes de cote)) moins altitude sol LIDAR HD (144.86 m NGF).", "coteReferenceMethode": "TIN isocotes (interpolation linéaire entre lignes de cote)"}}, {"type": "Feature", "geometry": {"coordinates": [[[1.520971, 43.580431], [1.521041, 43.580452], [1.521178, 43.580471], [1.521182, 43.580458], [1.521269, 43.580467], [1.521287, 43.580413], [1.521276, 43.580409], [1.521287, 43.580367], [1.521213, 43.580354], [1.521205, 43.580384], [1.521115, 43.58037], [1.521121, 43.580338], [1.521021, 43.580322], [1.521012, 43.58034], [1.520996, 43.580338], [1.520971, 43.580431]]], "type": "Polygon"}, "properties": {"id": "BATIMENT0000000338868476", "zoneCode": "Bi", "zoneLabel": "Bleue inondation", "zoneColor": "#4FA8E0", "concerne": true, "regime": "Constructions nouvelles : Autorisées sous prescriptions (plancher au-dessus des PHEC, sens d'écoulement ou transparence hydraulique, matériaux peu vulnérables), hors établissements sensibles. Constructions existantes : Extensions autorisées selon usage (habitation, annexes, hébergement +plan de secours, ERP/activités, agricole), plancher au-dessus des PHEC.", "etudeGeotechniqueG2": false, "etagePresent": "Oui", "etageSource": "étage retenu par prudence (hauteur 7.4 m > seuil 5.30 m)", "typologie": "Activité économique", "typologieSource": "BD TOPO", "zoneRefuge": "Conditionnelle : si le plancher ne peut pas être calé au-dessus des PHEC (impossibilité fonctionnelle dûment justifiée), un niveau refuge adapté est exigé (20 m² minimum, hauteur 1,80 m minimum).", "refugeCategorie": "Conditionnelle (impossibilité fonctionnelle à justifier)", "diagnostic": "Étude de vulnérabilité obligatoire sous 1 an pour les établissements sensibles (aléa faible à moyen : pas de délai de mise en œuvre chiffré).", "eligibiliteFprnm": "Potentiellement éligible - activité : FPRNM à 20% des travaux prescrits si moins de 20 salariés, sous réserve d'un bien existant avant le 18/04/2016.", "nbLogements": 0, "hauteurM": 7.4, "altitudeSolLidarHdM": 144.3, "coteReferencePheM": 144.93, "distanceIsocoteM": 31.0, "hauteurEauEstimeeM": 0.63, "hauteurEauNote": "Estimation : cote de référence PHE (144.93 m NGF, TIN isocotes (interpolation linéaire entre lignes de cote)) moins altitude sol LIDAR HD (144.30 m NGF).", "coteReferenceMethode": "TIN isocotes (interpolation linéaire entre lignes de cote)"}}, {"type": "Feature", "geometry": {"coordinates": [[[1.519785, 43.580749], [1.519871, 43.580752], [1.519871, 43.580763], [1.519962, 43.580769], [1.519965, 43.580756], [1.520179, 43.580769], [1.520198, 43.580622], [1.519802, 43.580596], [1.519785, 43.580749]]], "type": "Polygon"}, "properties": {"id": "BATIMENT0000000338868578", "zoneCode": "Bi", "zoneLabel": "Bleue inondation", "zoneColor": "#4FA8E0", "concerne": true, "regime": "Constructions nouvelles : Autorisées sous prescriptions (plancher au-dessus des PHEC, sens d'écoulement ou transparence hydraulique, matériaux peu vulnérables), hors établissements sensibles. Constructions existantes : Extensions autorisées selon usage (habitation, annexes, hébergement +plan de secours, ERP/activités, agricole), plancher au-dessus des PHEC.", "etudeGeotechniqueG2": false, "etagePresent": "Oui", "etageSource": "connu (BD TOPO nombre_d_etages)", "typologie": "Logement collectif (28 logements)", "typologieSource": "BD TOPO", "zoneRefuge": "Conditionnelle : si le plancher ne peut pas être calé au-dessus des PHEC (impossibilité fonctionnelle dûment justifiée), un niveau refuge adapté est exigé (20 m² minimum, hauteur 1,80 m minimum).", "refugeCategorie": "Conditionnelle (impossibilité fonctionnelle à justifier)", "diagnostic": "Étude de vulnérabilité obligatoire sous 1 an pour les établissements sensibles (aléa faible à moyen : pas de délai de mise en œuvre chiffré).", "eligibiliteFprnm": "Éligible - habitation : FPRNM à 80% des travaux prescrits, sous réserve d'un bien existant avant le 18/04/2016.", "nbLogements": 28, "hauteurM": 12.2, "altitudeSolLidarHdM": 145.06, "coteReferencePheM": 144.74, "distanceIsocoteM": 111.0, "hauteurEauEstimeeM": 0.0, "hauteurEauNote": "Estimation : cote de référence PHE (144.74 m NGF, TIN isocotes (interpolation linéaire entre lignes de cote)) moins altitude sol LIDAR HD (145.06 m NGF). Terrain surélevé localement par rapport à la cote de référence PHE interpolée à cet endroit : pas de submersion attendue pour cette crue de référence.", "coteReferenceMethode": "TIN isocotes (interpolation linéaire entre lignes de cote)"}}, {"type": "Feature", "geometry": {"coordinates": [[[1.51992, 43.580316], [1.519933, 43.580279], [1.519951, 43.580139], [1.519697, 43.580118], [1.51969, 43.580134], [1.519621, 43.580129], [1.519614, 43.580251], [1.519866, 43.580274], [1.519854, 43.580312], [1.51992, 43.580316]]], "type": "Polygon"}, "properties": {"id": "BATIMENT0000000338868602", "zoneCode": "Bi", "zoneLabel": "Bleue inondation", "zoneColor": "#4FA8E0", "concerne": true, "regime": "Constructions nouvelles : Autorisées sous prescriptions (plancher au-dessus des PHEC, sens d'écoulement ou transparence hydraulique, matériaux peu vulnérables), hors établissements sensibles. Constructions existantes : Extensions autorisées selon usage (habitation, annexes, hébergement +plan de secours, ERP/activités, agricole), plancher au-dessus des PHEC.", "etudeGeotechniqueG2": false, "etagePresent": "Oui", "etageSource": "étage retenu par prudence (hauteur 6.4 m > seuil 5.30 m)", "typologie": "Activité économique", "typologieSource": "BD TOPO", "zoneRefuge": "Conditionnelle : si le plancher ne peut pas être calé au-dessus des PHEC (impossibilité fonctionnelle dûment justifiée), un niveau refuge adapté est exigé (20 m² minimum, hauteur 1,80 m minimum).", "refugeCategorie": "Conditionnelle (impossibilité fonctionnelle à justifier)", "diagnostic": "Étude de vulnérabilité obligatoire sous 1 an pour les établissements sensibles (aléa faible à moyen : pas de délai de mise en œuvre chiffré).", "eligibiliteFprnm": "Potentiellement éligible - activité : FPRNM à 20% des travaux prescrits si moins de 20 salariés, sous réserve d'un bien existant avant le 18/04/2016.", "nbLogements": 0, "hauteurM": 6.4, "altitudeSolLidarHdM": 143.7, "coteReferencePheM": 144.7, "distanceIsocoteM": 96.0, "hauteurEauEstimeeM": 1.0, "hauteurEauNote": "Estimation : cote de référence PHE (144.70 m NGF, TIN isocotes (interpolation linéaire entre lignes de cote)) moins altitude sol LIDAR HD (143.70 m NGF).", "coteReferenceMethode": "TIN isocotes (interpolation linéaire entre lignes de cote)"}}, {"type": "Feature", "geometry": {"coordinates": [[[1.54459, 43.577649], [1.544706, 43.577608], [1.544658, 43.577533], [1.54454, 43.577571], [1.54459, 43.577649]]], "type": "Polygon"}, "properties": {"id": "BATIMENT0000000347704485", "zoneCode": "Ji", "zoneLabel": "Jaune inondation (expansion des crues)", "zoneColor": "#FBC02D", "concerne": true, "regime": "Constructions nouvelles : Interdites comme en zone Rouge, sauf bâtiments agricoles nouveaux et locaux liés à l'existant ≤20 m². Constructions existantes : Mêmes prescriptions qu'en zone Rouge, avec une limite plus stricte pour l'hébergement/établissements vulnérables (+10% de capacité au lieu de +20%).", "etudeGeotechniqueG2": false, "etagePresent": "Oui", "etageSource": "connu (BDNB Fichiers Fonciers nb_niveau=2)", "typologie": "Activité économique", "typologieSource": "BDNB (Fichiers Fonciers, millésime 2026-02.a)", "zoneRefuge": "Conditionnelle : si le plancher ne peut pas être calé au-dessus des PHEC (impossibilité fonctionnelle dûment justifiée), un niveau refuge adapté est exigé (20 m² minimum, hauteur 1,80 m minimum).", "refugeCategorie": "Conditionnelle (impossibilité fonctionnelle à justifier)", "diagnostic": "Étude de vulnérabilité obligatoire sous 1 an pour les établissements sensibles (aléa faible à moyen : pas de délai de mise en œuvre chiffré).", "eligibiliteFprnm": "Potentiellement éligible - activité : FPRNM à 20% des travaux prescrits si moins de 20 salariés, sous réserve d'un bien existant avant le 18/04/2016.", "nbLogements": 1, "hauteurM": 6.2, "altitudeSolLidarHdM": 148.23, "coteReferencePheM": 148.37, "distanceIsocoteM": 82.0, "hauteurEauEstimeeM": 0.14, "hauteurEauNote": "Estimation : cote de référence PHE (148.37 m NGF, TIN isocotes (interpolation linéaire entre lignes de cote)) moins altitude sol LIDAR HD (148.23 m NGF).", "coteReferenceMethode": "TIN isocotes (interpolation linéaire entre lignes de cote)"}}, {"type": "Feature", "geometry": {"coordinates": [[[1.544413, 43.577699], [1.544433, 43.577693], [1.544438, 43.577698], [1.54459, 43.577649], [1.54454, 43.577571], [1.544365, 43.577633], [1.544413, 43.577699]]], "type": "Polygon"}, "properties": {"id": "BATIMENT0000000347704574", "zoneCode": "Ji", "zoneLabel": "Jaune inondation (expansion des crues)", "zoneColor": "#FBC02D", "concerne": true, "regime": "Constructions nouvelles : Interdites comme en zone Rouge, sauf bâtiments agricoles nouveaux et locaux liés à l'existant ≤20 m². Constructions existantes : Mêmes prescriptions qu'en zone Rouge, avec une limite plus stricte pour l'hébergement/établissements vulnérables (+10% de capacité au lieu de +20%).", "etudeGeotechniqueG2": false, "etagePresent": "Oui", "etageSource": "connu (BD TOPO nombre_d_etages)", "typologie": "Maison individuelle", "typologieSource": "BD TOPO", "zoneRefuge": "Conditionnelle : si le plancher ne peut pas être calé au-dessus des PHEC (impossibilité fonctionnelle dûment justifiée), un niveau refuge adapté est exigé (20 m² minimum, hauteur 1,80 m minimum).", "refugeCategorie": "Conditionnelle (impossibilité fonctionnelle à justifier)", "diagnostic": "Étude de vulnérabilité obligatoire sous 1 an pour les établissements sensibles (aléa faible à moyen : pas de délai de mise en œuvre chiffré).", "eligibiliteFprnm": "Éligible - habitation : FPRNM à 80% des travaux prescrits, sous réserve d'un bien existant avant le 18/04/2016.", "nbLogements": 1, "hauteurM": 6.3, "altitudeSolLidarHdM": 148.43, "coteReferencePheM": 148.35, "distanceIsocoteM": 95.0, "hauteurEauEstimeeM": 0.0, "hauteurEauNote": "Estimation : cote de référence PHE (148.35 m NGF, TIN isocotes (interpolation linéaire entre lignes de cote)) moins altitude sol LIDAR HD (148.43 m NGF). Terrain surélevé localement par rapport à la cote de référence PHE interpolée à cet endroit : pas de submersion attendue pour cette crue de référence.", "coteReferenceMethode": "TIN isocotes (interpolation linéaire entre lignes de cote)"}}, {"type": "Feature", "geometry": {"coordinates": [[[1.527759, 43.583984], [1.527825, 43.583939], [1.5279, 43.583996], [1.527889, 43.584004], [1.527948, 43.584054], [1.527866, 43.584108], [1.527799, 43.584056], [1.527811, 43.58405], [1.527773, 43.584019], [1.52779, 43.584005], [1.527759, 43.583984]]], "type": "Polygon"}, "properties": {"id": "BATIMENT0000000347706118", "zoneCode": "Bi", "zoneLabel": "Bleue inondation", "zoneColor": "#4FA8E0", "concerne": true, "regime": "Constructions nouvelles : Autorisées sous prescriptions (plancher au-dessus des PHEC, sens d'écoulement ou transparence hydraulique, matériaux peu vulnérables), hors établissements sensibles. Constructions existantes : Extensions autorisées selon usage (habitation, annexes, hébergement +plan de secours, ERP/activités, agricole), plancher au-dessus des PHEC.", "etudeGeotechniqueG2": false, "etagePresent": "Non", "etageSource": "connu (BD TOPO nombre_d_etages)", "typologie": "Maison individuelle", "typologieSource": "BD TOPO", "zoneRefuge": "Conditionnelle : si le plancher ne peut pas être calé au-dessus des PHEC (impossibilité fonctionnelle dûment justifiée), un niveau refuge adapté est exigé (20 m² minimum, hauteur 1,80 m minimum).", "refugeCategorie": "Conditionnelle (impossibilité fonctionnelle à justifier)", "diagnostic": "Étude de vulnérabilité obligatoire sous 1 an pour les établissements sensibles (aléa faible à moyen : pas de délai de mise en œuvre chiffré).", "eligibiliteFprnm": "Éligible - habitation : FPRNM à 80% des travaux prescrits, sous réserve d'un bien existant avant le 18/04/2016.", "nbLogements": 1, "hauteurM": 3.0, "altitudeSolLidarHdM": 150.12, "coteReferencePheM": 149.17, "distanceIsocoteM": 149.0, "hauteurEauEstimeeM": 0.0, "hauteurEauNote": "Estimation : cote de référence PHE (149.17 m NGF, TIN isocotes (interpolation linéaire entre lignes de cote)) moins altitude sol LIDAR HD (150.12 m NGF). Terrain surélevé localement par rapport à la cote de référence PHE interpolée à cet endroit : pas de submersion attendue pour cette crue de référence.", "coteReferenceMethode": "TIN isocotes (interpolation linéaire entre lignes de cote)"}}, {"type": "Feature", "geometry": {"coordinates": [[[1.527135, 43.583408], [1.527131, 43.583408], [1.527106, 43.583432], [1.527195, 43.583486], [1.527116, 43.583558], [1.527034, 43.583508], [1.527046, 43.583494], [1.526977, 43.58345], [1.527067, 43.583367], [1.527135, 43.583408]]], "type": "Polygon"}, "properties": {"id": "BATIMENT0000000347706131", "zoneCode": "Bi", "zoneLabel": "Bleue inondation", "zoneColor": "#4FA8E0", "concerne": true, "regime": "Constructions nouvelles : Autorisées sous prescriptions (plancher au-dessus des PHEC, sens d'écoulement ou transparence hydraulique, matériaux peu vulnérables), hors établissements sensibles. Constructions existantes : Extensions autorisées selon usage (habitation, annexes, hébergement +plan de secours, ERP/activités, agricole), plancher au-dessus des PHEC.", "etudeGeotechniqueG2": false, "etagePresent": "Oui", "etageSource": "connu (BD TOPO nombre_d_etages)", "typologie": "Maison individuelle", "typologieSource": "BD TOPO", "zoneRefuge": "Conditionnelle : si le plancher ne peut pas être calé au-dessus des PHEC (impossibilité fonctionnelle dûment justifiée), un niveau refuge adapté est exigé (20 m² minimum, hauteur 1,80 m minimum).", "refugeCategorie": "Conditionnelle (impossibilité fonctionnelle à justifier)", "diagnostic": "Étude de vulnérabilité obligatoire sous 1 an pour les établissements sensibles (aléa faible à moyen : pas de délai de mise en œuvre chiffré).", "eligibiliteFprnm": "Éligible - habitation : FPRNM à 80% des travaux prescrits, sous réserve d'un bien existant avant le 18/04/2016.", "nbLogements": 1, "hauteurM": 4.3, "altitudeSolLidarHdM": 149.65, "coteReferencePheM": 148.69, "distanceIsocoteM": 196.0, "hauteurEauEstimeeM": 0.0, "hauteurEauNote": "Estimation : cote de référence PHE (148.69 m NGF, TIN isocotes (interpolation linéaire entre lignes de cote)) moins altitude sol LIDAR HD (149.65 m NGF). Terrain surélevé localement par rapport à la cote de référence PHE interpolée à cet endroit : pas de submersion attendue pour cette crue de référence.", "coteReferenceMethode": "TIN isocotes (interpolation linéaire entre lignes de cote)"}}, {"type": "Feature", "geometry": {"coordinates": [[[1.527177, 43.583623], [1.527151, 43.583641], [1.527123, 43.583623], [1.527149, 43.583604], [1.527177, 43.583623]]], "type": "Polygon"}, "properties": {"id": "BATIMENT0000000347706137", "zoneCode": "Bi", "zoneLabel": "Bleue inondation", "zoneColor": "#4FA8E0", "concerne": true, "regime": "Constructions nouvelles : Autorisées sous prescriptions (plancher au-dessus des PHEC, sens d'écoulement ou transparence hydraulique, matériaux peu vulnérables), hors établissements sensibles. Constructions existantes : Extensions autorisées selon usage (habitation, annexes, hébergement +plan de secours, ERP/activités, agricole), plancher au-dessus des PHEC.", "etudeGeotechniqueG2": false, "etagePresent": "Non", "etageSource": "estimé par la hauteur (2.7 m), fiabilité modérée", "typologie": "Typologie indéterminée (donnée absente)", "zoneRefuge": "Conditionnelle : si le plancher ne peut pas être calé au-dessus des PHEC (impossibilité fonctionnelle dûment justifiée), un niveau refuge adapté est exigé (20 m² minimum, hauteur 1,80 m minimum).", "refugeCategorie": "Conditionnelle (impossibilité fonctionnelle à justifier)", "diagnostic": "Étude de vulnérabilité obligatoire sous 1 an pour les établissements sensibles (aléa faible à moyen : pas de délai de mise en œuvre chiffré).", "eligibiliteFprnm": "Non déterminé - typologie non qualifiée en l'état.", "hauteurM": 2.7, "altitudeSolLidarHdM": 149.34, "coteReferencePheM": 148.96, "distanceIsocoteM": 194.0, "hauteurEauEstimeeM": 0.0, "hauteurEauNote": "Estimation : cote de référence PHE (148.96 m NGF, TIN isocotes (interpolation linéaire entre lignes de cote)) moins altitude sol LIDAR HD (149.34 m NGF). Terrain surélevé localement par rapport à la cote de référence PHE interpolée à cet endroit : pas de submersion attendue pour cette crue de référence.", "coteReferenceMethode": "TIN isocotes (interpolation linéaire entre lignes de cote)"}}, {"type": "Feature", "geometry": {"coordinates": [[[1.527151, 43.583641], [1.527177, 43.583623], [1.527206, 43.583643], [1.527182, 43.583661], [1.527151, 43.583641]]], "type": "Polygon"}, "properties": {"id": "BATIMENT0000000347706138", "zoneCode": "Bi", "zoneLabel": "Bleue inondation", "zoneColor": "#4FA8E0", "concerne": true, "regime": "Constructions nouvelles : Autorisées sous prescriptions (plancher au-dessus des PHEC, sens d'écoulement ou transparence hydraulique, matériaux peu vulnérables), hors établissements sensibles. Constructions existantes : Extensions autorisées selon usage (habitation, annexes, hébergement +plan de secours, ERP/activités, agricole), plancher au-dessus des PHEC.", "etudeGeotechniqueG2": false, "etagePresent": "Non", "etageSource": "estimé par la hauteur (2.4 m), fiabilité modérée", "typologie": "Typologie indéterminée (donnée absente)", "zoneRefuge": "Conditionnelle : si le plancher ne peut pas être calé au-dessus des PHEC (impossibilité fonctionnelle dûment justifiée), un niveau refuge adapté est exigé (20 m² minimum, hauteur 1,80 m minimum).", "refugeCategorie": "Conditionnelle (impossibilité fonctionnelle à justifier)", "diagnostic": "Étude de vulnérabilité obligatoire sous 1 an pour les établissements sensibles (aléa faible à moyen : pas de délai de mise en œuvre chiffré).", "eligibiliteFprnm": "Non déterminé - typologie non qualifiée en l'état.", "hauteurM": 2.4, "altitudeSolLidarHdM": 149.24, "coteReferencePheM": 148.98, "distanceIsocoteM": 192.0, "hauteurEauEstimeeM": 0.0, "hauteurEauNote": "Estimation : cote de référence PHE (148.98 m NGF, TIN isocotes (interpolation linéaire entre lignes de cote)) moins altitude sol LIDAR HD (149.24 m NGF). Terrain surélevé localement par rapport à la cote de référence PHE interpolée à cet endroit : pas de submersion attendue pour cette crue de référence.", "coteReferenceMethode": "TIN isocotes (interpolation linéaire entre lignes de cote)"}}, {"type": "Feature", "geometry": {"coordinates": [[[1.527104, 43.583638], [1.527163, 43.583676], [1.527182, 43.583661], [1.527123, 43.583623], [1.527104, 43.583638]]], "type": "Polygon"}, "properties": {"id": "BATIMENT0000000347706140", "zoneCode": "Bi", "zoneLabel": "Bleue inondation", "zoneColor": "#4FA8E0", "concerne": true, "regime": "Constructions nouvelles : Autorisées sous prescriptions (plancher au-dessus des PHEC, sens d'écoulement ou transparence hydraulique, matériaux peu vulnérables), hors établissements sensibles. Constructions existantes : Extensions autorisées selon usage (habitation, annexes, hébergement +plan de secours, ERP/activités, agricole), plancher au-dessus des PHEC.", "etudeGeotechniqueG2": false, "etagePresent": "Non", "etageSource": "connu (BD TOPO nombre_d_etages)", "typologie": "Typologie indéterminée (donnée absente)", "zoneRefuge": "Conditionnelle : si le plancher ne peut pas être calé au-dessus des PHEC (impossibilité fonctionnelle dûment justifiée), un niveau refuge adapté est exigé (20 m² minimum, hauteur 1,80 m minimum).", "refugeCategorie": "Conditionnelle (impossibilité fonctionnelle à justifier)", "diagnostic": "Étude de vulnérabilité obligatoire sous 1 an pour les établissements sensibles (aléa faible à moyen : pas de délai de mise en œuvre chiffré).", "eligibiliteFprnm": "Non déterminé - typologie non qualifiée en l'état.", "nbLogements": 0, "hauteurM": 2.6, "altitudeSolLidarHdM": 149.36, "coteReferencePheM": 149.03, "distanceIsocoteM": 195.0, "hauteurEauEstimeeM": 0.0, "hauteurEauNote": "Estimation : cote de référence PHE (149.03 m NGF, TIN isocotes (interpolation linéaire entre lignes de cote)) moins altitude sol LIDAR HD (149.36 m NGF). Terrain surélevé localement par rapport à la cote de référence PHE interpolée à cet endroit : pas de submersion attendue pour cette crue de référence.", "coteReferenceMethode": "TIN isocotes (interpolation linéaire entre lignes de cote)"}}, {"type": "Feature", "geometry": {"coordinates": [[[1.527102, 43.583674], [1.527131, 43.583654], [1.527163, 43.583676], [1.527146, 43.583689], [1.527165, 43.583701], [1.527151, 43.583712], [1.527102, 43.583674]]], "type": "Polygon"}, "properties": {"id": "BATIMENT0000000347706141", "zoneCode": "Bi", "zoneLabel": "Bleue inondation", "zoneColor": "#4FA8E0", "concerne": true, "regime": "Constructions nouvelles : Autorisées sous prescriptions (plancher au-dessus des PHEC, sens d'écoulement ou transparence hydraulique, matériaux peu vulnérables), hors établissements sensibles. Constructions existantes : Extensions autorisées selon usage (habitation, annexes, hébergement +plan de secours, ERP/activités, agricole), plancher au-dessus des PHEC.", "etudeGeotechniqueG2": false, "etagePresent": "Non", "etageSource": "estimé par la hauteur (2.4 m), fiabilité modérée", "typologie": "Typologie indéterminée (donnée absente)", "zoneRefuge": "Conditionnelle : si le plancher ne peut pas être calé au-dessus des PHEC (impossibilité fonctionnelle dûment justifiée), un niveau refuge adapté est exigé (20 m² minimum, hauteur 1,80 m minimum).", "refugeCategorie": "Conditionnelle (impossibilité fonctionnelle à justifier)", "diagnostic": "Étude de vulnérabilité obligatoire sous 1 an pour les établissements sensibles (aléa faible à moyen : pas de délai de mise en œuvre chiffré).", "eligibiliteFprnm": "Non déterminé - typologie non qualifiée en l'état.", "hauteurM": 2.4, "altitudeSolLidarHdM": 149.46, "coteReferencePheM": 149.1, "distanceIsocoteM": 196.0, "hauteurEauEstimeeM": 0.0, "hauteurEauNote": "Estimation : cote de référence PHE (149.10 m NGF, TIN isocotes (interpolation linéaire entre lignes de cote)) moins altitude sol LIDAR HD (149.46 m NGF). Terrain surélevé localement par rapport à la cote de référence PHE interpolée à cet endroit : pas de submersion attendue pour cette crue de référence.", "coteReferenceMethode": "TIN isocotes (interpolation linéaire entre lignes de cote)"}}, {"type": "Feature", "geometry": {"coordinates": [[[1.527673, 43.584041], [1.527635, 43.58401], [1.527652, 43.583997], [1.527594, 43.583953], [1.527633, 43.583924], [1.527581, 43.583886], [1.527649, 43.583838], [1.527764, 43.583927], [1.527701, 43.583972], [1.527736, 43.583999], [1.527673, 43.584041]]], "type": "Polygon"}, "properties": {"id": "BATIMENT0000000347706154", "zoneCode": "Bi", "zoneLabel": "Bleue inondation", "zoneColor": "#4FA8E0", "concerne": true, "regime": "Constructions nouvelles : Autorisées sous prescriptions (plancher au-dessus des PHEC, sens d'écoulement ou transparence hydraulique, matériaux peu vulnérables), hors établissements sensibles. Constructions existantes : Extensions autorisées selon usage (habitation, annexes, hébergement +plan de secours, ERP/activités, agricole), plancher au-dessus des PHEC.", "etudeGeotechniqueG2": false, "etagePresent": "Non", "etageSource": "connu (BD TOPO nombre_d_etages)", "typologie": "Maison individuelle", "typologieSource": "BD TOPO", "zoneRefuge": "Conditionnelle : si le plancher ne peut pas être calé au-dessus des PHEC (impossibilité fonctionnelle dûment justifiée), un niveau refuge adapté est exigé (20 m² minimum, hauteur 1,80 m minimum).", "refugeCategorie": "Conditionnelle (impossibilité fonctionnelle à justifier)", "diagnostic": "Étude de vulnérabilité obligatoire sous 1 an pour les établissements sensibles (aléa faible à moyen : pas de délai de mise en œuvre chiffré).", "eligibiliteFprnm": "Éligible - habitation : FPRNM à 80% des travaux prescrits, sous réserve d'un bien existant avant le 18/04/2016.", "nbLogements": 1, "hauteurM": 3.1, "altitudeSolLidarHdM": 150.03, "coteReferencePheM": 149.15, "distanceIsocoteM": 160.0, "hauteurEauEstimeeM": 0.0, "hauteurEauNote": "Estimation : cote de référence PHE (149.15 m NGF, TIN isocotes (interpolation linéaire entre lignes de cote)) moins altitude sol LIDAR HD (150.03 m NGF). Terrain surélevé localement par rapport à la cote de référence PHE interpolée à cet endroit : pas de submersion attendue pour cette crue de référence.", "coteReferenceMethode": "TIN isocotes (interpolation linéaire entre lignes de cote)"}}, {"type": "Feature", "geometry": {"coordinates": [[[1.527371, 43.583642], [1.527405, 43.583669], [1.527437, 43.583646], [1.527522, 43.583713], [1.527414, 43.583789], [1.527369, 43.583756], [1.527339, 43.583774], [1.527299, 43.583743], [1.527333, 43.583719], [1.527299, 43.583693], [1.527371, 43.583642]]], "type": "Polygon"}, "properties": {"id": "BATIMENT0000000347706198", "zoneCode": "Bi", "zoneLabel": "Bleue inondation", "zoneColor": "#4FA8E0", "concerne": true, "regime": "Constructions nouvelles : Autorisées sous prescriptions (plancher au-dessus des PHEC, sens d'écoulement ou transparence hydraulique, matériaux peu vulnérables), hors établissements sensibles. Constructions existantes : Extensions autorisées selon usage (habitation, annexes, hébergement +plan de secours, ERP/activités, agricole), plancher au-dessus des PHEC.", "etudeGeotechniqueG2": false, "etagePresent": "Non", "etageSource": "connu (BD TOPO nombre_d_etages)", "typologie": "Maison individuelle", "typologieSource": "BD TOPO", "zoneRefuge": "Conditionnelle : si le plancher ne peut pas être calé au-dessus des PHEC (impossibilité fonctionnelle dûment justifiée), un niveau refuge adapté est exigé (20 m² minimum, hauteur 1,80 m minimum).", "refugeCategorie": "Conditionnelle (impossibilité fonctionnelle à justifier)", "diagnostic": "Étude de vulnérabilité obligatoire sous 1 an pour les établissements sensibles (aléa faible à moyen : pas de délai de mise en œuvre chiffré).", "eligibiliteFprnm": "Éligible - habitation : FPRNM à 80% des travaux prescrits, sous réserve d'un bien existant avant le 18/04/2016.", "nbLogements": 1, "hauteurM": 2.9, "altitudeSolLidarHdM": 149.72, "coteReferencePheM": 148.92, "distanceIsocoteM": 176.0, "hauteurEauEstimeeM": 0.0, "hauteurEauNote": "Estimation : cote de référence PHE (148.92 m NGF, TIN isocotes (interpolation linéaire entre lignes de cote)) moins altitude sol LIDAR HD (149.72 m NGF). Terrain surélevé localement par rapport à la cote de référence PHE interpolée à cet endroit : pas de submersion attendue pour cette crue de référence.", "coteReferenceMethode": "TIN isocotes (interpolation linéaire entre lignes de cote)"}}, {"type": "Feature", "geometry": {"coordinates": [[[1.527299, 43.583693], [1.527265, 43.583717], [1.527299, 43.583743], [1.527333, 43.583719], [1.527299, 43.583693]]], "type": "Polygon"}, "properties": {"id": "BATIMENT0000000347706199", "zoneCode": "Bi", "zoneLabel": "Bleue inondation", "zoneColor": "#4FA8E0", "concerne": true, "regime": "Constructions nouvelles : Autorisées sous prescriptions (plancher au-dessus des PHEC, sens d'écoulement ou transparence hydraulique, matériaux peu vulnérables), hors établissements sensibles. Constructions existantes : Extensions autorisées selon usage (habitation, annexes, hébergement +plan de secours, ERP/activités, agricole), plancher au-dessus des PHEC.", "etudeGeotechniqueG2": false, "etagePresent": "Non", "etageSource": "estimé par la hauteur (3.2 m), fiabilité modérée", "typologie": "Typologie indéterminée (donnée absente)", "zoneRefuge": "Conditionnelle : si le plancher ne peut pas être calé au-dessus des PHEC (impossibilité fonctionnelle dûment justifiée), un niveau refuge adapté est exigé (20 m² minimum, hauteur 1,80 m minimum).", "refugeCategorie": "Conditionnelle (impossibilité fonctionnelle à justifier)", "diagnostic": "Étude de vulnérabilité obligatoire sous 1 an pour les établissements sensibles (aléa faible à moyen : pas de délai de mise en œuvre chiffré).", "eligibiliteFprnm": "Non déterminé - typologie non qualifiée en l'état.", "hauteurM": 3.2, "altitudeSolLidarHdM": 149.71, "coteReferencePheM": 149.03, "distanceIsocoteM": 184.0, "hauteurEauEstimeeM": 0.0, "hauteurEauNote": "Estimation : cote de référence PHE (149.03 m NGF, TIN isocotes (interpolation linéaire entre lignes de cote)) moins altitude sol LIDAR HD (149.71 m NGF). Terrain surélevé localement par rapport à la cote de référence PHE interpolée à cet endroit : pas de submersion attendue pour cette crue de référence.", "coteReferenceMethode": "TIN isocotes (interpolation linéaire entre lignes de cote)"}}, {"type": "Feature", "geometry": {"coordinates": [[[1.528012, 43.584253], [1.527976, 43.584207], [1.528014, 43.584192], [1.528049, 43.584237], [1.528012, 43.584253]]], "type": "Polygon"}, "properties": {"id": "BATIMENT0000000347706727", "zoneCode": "Bi", "zoneLabel": "Bleue inondation", "zoneColor": "#4FA8E0", "concerne": true, "regime": "Constructions nouvelles : Autorisées sous prescriptions (plancher au-dessus des PHEC, sens d'écoulement ou transparence hydraulique, matériaux peu vulnérables), hors établissements sensibles. Constructions existantes : Extensions autorisées selon usage (habitation, annexes, hébergement +plan de secours, ERP/activités, agricole), plancher au-dessus des PHEC.", "etudeGeotechniqueG2": false, "etagePresent": "Non", "etageSource": "estimé par la hauteur (3.5 m), fiabilité modérée", "typologie": "Typologie indéterminée (donnée absente)", "zoneRefuge": "Conditionnelle : si le plancher ne peut pas être calé au-dessus des PHEC (impossibilité fonctionnelle dûment justifiée), un niveau refuge adapté est exigé (20 m² minimum, hauteur 1,80 m minimum).", "refugeCategorie": "Conditionnelle (impossibilité fonctionnelle à justifier)", "diagnostic": "Étude de vulnérabilité obligatoire sous 1 an pour les établissements sensibles (aléa faible à moyen : pas de délai de mise en œuvre chiffré).", "eligibiliteFprnm": "Non déterminé - typologie non qualifiée en l'état.", "hauteurM": 3.5, "altitudeSolLidarHdM": 150.18, "coteReferencePheM": 149.44, "distanceIsocoteM": 147.0, "hauteurEauEstimeeM": 0.0, "hauteurEauNote": "Estimation : cote de référence PHE (149.44 m NGF, TIN isocotes (interpolation linéaire entre lignes de cote)) moins altitude sol LIDAR HD (150.18 m NGF). Terrain surélevé localement par rapport à la cote de référence PHE interpolée à cet endroit : pas de submersion attendue pour cette crue de référence.", "coteReferenceMethode": "TIN isocotes (interpolation linéaire entre lignes de cote)"}}, {"type": "Feature", "geometry": {"coordinates": [[[1.527976, 43.584207], [1.528012, 43.584253], [1.528049, 43.584237], [1.528102, 43.584307], [1.527957, 43.584366], [1.527865, 43.58425], [1.527976, 43.584207]]], "type": "Polygon"}, "properties": {"id": "BATIMENT0000000347706728", "zoneCode": "Bi", "zoneLabel": "Bleue inondation", "zoneColor": "#4FA8E0", "concerne": true, "regime": "Constructions nouvelles : Autorisées sous prescriptions (plancher au-dessus des PHEC, sens d'écoulement ou transparence hydraulique, matériaux peu vulnérables), hors établissements sensibles. Constructions existantes : Extensions autorisées selon usage (habitation, annexes, hébergement +plan de secours, ERP/activités, agricole), plancher au-dessus des PHEC.", "etudeGeotechniqueG2": false, "etagePresent": "Non", "etageSource": "connu (BD TOPO nombre_d_etages)", "typologie": "Maison individuelle", "typologieSource": "BD TOPO", "zoneRefuge": "Conditionnelle : si le plancher ne peut pas être calé au-dessus des PHEC (impossibilité fonctionnelle dûment justifiée), un niveau refuge adapté est exigé (20 m² minimum, hauteur 1,80 m minimum).", "refugeCategorie": "Conditionnelle (impossibilité fonctionnelle à justifier)", "diagnostic": "Étude de vulnérabilité obligatoire sous 1 an pour les établissements sensibles (aléa faible à moyen : pas de délai de mise en œuvre chiffré).", "eligibiliteFprnm": "Éligible - habitation : FPRNM à 80% des travaux prescrits, sous réserve d'un bien existant avant le 18/04/2016.", "nbLogements": 1, "hauteurM": 3.0, "altitudeSolLidarHdM": 150.18, "coteReferencePheM": 149.6, "distanceIsocoteM": 145.0, "hauteurEauEstimeeM": 0.0, "hauteurEauNote": "Estimation : cote de référence PHE (149.60 m NGF, TIN isocotes (interpolation linéaire entre lignes de cote)) moins altitude sol LIDAR HD (150.18 m NGF). Terrain surélevé localement par rapport à la cote de référence PHE interpolée à cet endroit : pas de submersion attendue pour cette crue de référence.", "coteReferenceMethode": "TIN isocotes (interpolation linéaire entre lignes de cote)"}}, {"type": "Feature", "geometry": {"coordinates": [[[1.527979, 43.584393], [1.527963, 43.584374], [1.528051, 43.584336], [1.528075, 43.584367], [1.527979, 43.584393]]], "type": "Polygon"}, "properties": {"id": "BATIMENT0000000347706729", "zoneCode": "Bi", "zoneLabel": "Bleue inondation", "zoneColor": "#4FA8E0", "concerne": true, "regime": "Constructions nouvelles : Autorisées sous prescriptions (plancher au-dessus des PHEC, sens d'écoulement ou transparence hydraulique, matériaux peu vulnérables), hors établissements sensibles. Constructions existantes : Extensions autorisées selon usage (habitation, annexes, hébergement +plan de secours, ERP/activités, agricole), plancher au-dessus des PHEC.", "etudeGeotechniqueG2": false, "etagePresent": "Non", "etageSource": "connu (BD TOPO nombre_d_etages)", "typologie": "Annexe (non habitée)", "typologieSource": "BD TOPO", "zoneRefuge": "Conditionnelle : si le plancher ne peut pas être calé au-dessus des PHEC (impossibilité fonctionnelle dûment justifiée), un niveau refuge adapté est exigé (20 m² minimum, hauteur 1,80 m minimum).", "refugeCategorie": "Conditionnelle (impossibilité fonctionnelle à justifier)", "diagnostic": "Étude de vulnérabilité obligatoire sous 1 an pour les établissements sensibles (aléa faible à moyen : pas de délai de mise en œuvre chiffré).", "eligibiliteFprnm": "Non déterminé - typologie non qualifiée en l'état.", "nbLogements": 0, "hauteurM": 2.5, "altitudeSolLidarHdM": 150.3, "coteReferencePheM": 149.74, "distanceIsocoteM": 136.0, "hauteurEauEstimeeM": 0.0, "hauteurEauNote": "Estimation : cote de référence PHE (149.74 m NGF, TIN isocotes (interpolation linéaire entre lignes de cote)) moins altitude sol LIDAR HD (150.30 m NGF). Terrain surélevé localement par rapport à la cote de référence PHE interpolée à cet endroit : pas de submersion attendue pour cette crue de référence.", "coteReferenceMethode": "TIN isocotes (interpolation linéaire entre lignes de cote)"}}, {"type": "Feature", "geometry": {"coordinates": [[[1.528201, 43.585085], [1.528194, 43.585075], [1.528173, 43.585088], [1.528095, 43.585015], [1.528157, 43.584978], [1.528189, 43.585021], [1.528197, 43.585018], [1.528238, 43.585067], [1.528201, 43.585085]]], "type": "Polygon"}, "properties": {"id": "BATIMENT0000000347706731", "zoneCode": "Ri", "zoneLabel": "Rouge inondation", "zoneColor": "#E2001A", "concerne": true, "regime": "Constructions nouvelles : Interdites, sauf exceptions très limitées (accès de sécurité, abris légers ≤20 m² une fois, locaux techniques ≤20 m², locaux jardinage, serres tunnel démontables, piscines). Constructions existantes : Extension habitations/annexes limitée à 20 m² une fois, plancher au-dessus des PHEC (refuge si impossibilité fonctionnelle) ; extension ERP/activités/agricole limitée à 20% de l'emprise, une fois.", "etudeGeotechniqueG2": false, "etagePresent": "Oui", "etageSource": "étage retenu par prudence (hauteur 6.6 m > seuil 5.30 m)", "typologie": "Activité économique", "typologieSource": "BD TOPO", "zoneRefuge": "Conditionnelle : si le plancher ne peut pas être calé au-dessus des PHEC (impossibilité fonctionnelle dûment justifiée), un niveau refuge adapté est exigé (20 m² minimum, hauteur 1,80 m minimum).", "refugeCategorie": "Conditionnelle (impossibilité fonctionnelle à justifier)", "diagnostic": "Étude de vulnérabilité obligatoire sous 1 an pour les établissements sensibles ; mesures mises en œuvre sous 5 ans (aléa fort), limite 10% valeur vénale.", "eligibiliteFprnm": "Potentiellement éligible - activité : FPRNM à 20% des travaux prescrits si moins de 20 salariés, sous réserve d'un bien existant avant le 18/04/2016.", "nbLogements": 0, "hauteurM": 6.6, "altitudeSolLidarHdM": 152.76, "coteReferencePheM": 151.03, "distanceIsocoteM": 61.0, "hauteurEauEstimeeM": 0.0, "hauteurEauNote": "Estimation : cote de référence PHE (151.03 m NGF, TIN isocotes (interpolation linéaire entre lignes de cote)) moins altitude sol LIDAR HD (152.76 m NGF). Terrain surélevé localement par rapport à la cote de référence PHE interpolée à cet endroit : pas de submersion attendue pour cette crue de référence.", "coteReferenceMethode": "TIN isocotes (interpolation linéaire entre lignes de cote)"}}, {"type": "Feature", "geometry": {"coordinates": [[[1.528201, 43.585085], [1.528238, 43.585067], [1.528263, 43.585097], [1.528441, 43.585338], [1.528379, 43.585362], [1.528192, 43.585114], [1.528214, 43.585104], [1.528201, 43.585085]]], "type": "Polygon"}, "properties": {"id": "BATIMENT0000000347706732", "zoneCode": "Ri", "zoneLabel": "Rouge inondation", "zoneColor": "#E2001A", "concerne": true, "regime": "Constructions nouvelles : Interdites, sauf exceptions très limitées (accès de sécurité, abris légers ≤20 m² une fois, locaux techniques ≤20 m², locaux jardinage, serres tunnel démontables, piscines). Constructions existantes : Extension habitations/annexes limitée à 20 m² une fois, plancher au-dessus des PHEC (refuge si impossibilité fonctionnelle) ; extension ERP/activités/agricole limitée à 20% de l'emprise, une fois.", "etudeGeotechniqueG2": false, "etagePresent": "Oui", "etageSource": "étage retenu par prudence (hauteur 6.7 m > seuil 5.30 m)", "typologie": "Activité économique", "typologieSource": "BDNB (Fichiers Fonciers, millésime 2026-02.a)", "zoneRefuge": "Conditionnelle : si le plancher ne peut pas être calé au-dessus des PHEC (impossibilité fonctionnelle dûment justifiée), un niveau refuge adapté est exigé (20 m² minimum, hauteur 1,80 m minimum).", "refugeCategorie": "Conditionnelle (impossibilité fonctionnelle à justifier)", "diagnostic": "Étude de vulnérabilité obligatoire sous 1 an pour les établissements sensibles ; mesures mises en œuvre sous 5 ans (aléa fort), limite 10% valeur vénale.", "eligibiliteFprnm": "Potentiellement éligible - activité : FPRNM à 20% des travaux prescrits si moins de 20 salariés, sous réserve d'un bien existant avant le 18/04/2016.", "nbLogements": 0, "hauteurM": 6.7, "altitudeSolLidarHdM": 152.83, "coteReferencePheM": 151.4, "distanceIsocoteM": 39.0, "hauteurEauEstimeeM": 0.0, "hauteurEauNote": "Estimation : cote de référence PHE (151.40 m NGF, TIN isocotes (interpolation linéaire entre lignes de cote)) moins altitude sol LIDAR HD (152.83 m NGF). Terrain surélevé localement par rapport à la cote de référence PHE interpolée à cet endroit : pas de submersion attendue pour cette crue de référence.", "coteReferenceMethode": "TIN isocotes (interpolation linéaire entre lignes de cote)"}}, {"type": "Feature", "geometry": {"coordinates": [[[1.528193, 43.584556], [1.528108, 43.584589], [1.528079, 43.58455], [1.528066, 43.584552], [1.528003, 43.58447], [1.528053, 43.584449], [1.528046, 43.584438], [1.52811, 43.584411], [1.528194, 43.584516], [1.528174, 43.584525], [1.528193, 43.584556]]], "type": "Polygon"}, "properties": {"id": "BATIMENT0000000347706734", "zoneCode": "Bi", "zoneLabel": "Bleue inondation", "zoneColor": "#4FA8E0", "concerne": true, "regime": "Constructions nouvelles : Autorisées sous prescriptions (plancher au-dessus des PHEC, sens d'écoulement ou transparence hydraulique, matériaux peu vulnérables), hors établissements sensibles. Constructions existantes : Extensions autorisées selon usage (habitation, annexes, hébergement +plan de secours, ERP/activités, agricole), plancher au-dessus des PHEC.", "etudeGeotechniqueG2": false, "etagePresent": "Oui", "etageSource": "connu (BD TOPO nombre_d_etages)", "typologie": "Maison individuelle", "typologieSource": "BD TOPO", "zoneRefuge": "Conditionnelle : si le plancher ne peut pas être calé au-dessus des PHEC (impossibilité fonctionnelle dûment justifiée), un niveau refuge adapté est exigé (20 m² minimum, hauteur 1,80 m minimum).", "refugeCategorie": "Conditionnelle (impossibilité fonctionnelle à justifier)", "diagnostic": "Étude de vulnérabilité obligatoire sous 1 an pour les établissements sensibles (aléa faible à moyen : pas de délai de mise en œuvre chiffré).", "eligibiliteFprnm": "Éligible - habitation : FPRNM à 80% des travaux prescrits, sous réserve d'un bien existant avant le 18/04/2016.", "nbLogements": 1, "hauteurM": 3.7, "altitudeSolLidarHdM": 150.78, "coteReferencePheM": 149.95, "distanceIsocoteM": 120.0, "hauteurEauEstimeeM": 0.0, "hauteurEauNote": "Estimation : cote de référence PHE (149.95 m NGF, TIN isocotes (interpolation linéaire entre lignes de cote)) moins altitude sol LIDAR HD (150.78 m NGF). Terrain surélevé localement par rapport à la cote de référence PHE interpolée à cet endroit : pas de submersion attendue pour cette crue de référence.", "coteReferenceMethode": "TIN isocotes (interpolation linéaire entre lignes de cote)"}}, {"type": "Feature", "geometry": {"coordinates": [[[1.528389, 43.585024], [1.528429, 43.585008], [1.528401, 43.584973], [1.528407, 43.58497], [1.528369, 43.584919], [1.528324, 43.584938], [1.528389, 43.585024]]], "type": "Polygon"}, "properties": {"id": "BATIMENT0000000347706757", "zoneCode": "Bi", "zoneLabel": "Bleue inondation", "zoneColor": "#4FA8E0", "concerne": true, "regime": "Constructions nouvelles : Autorisées sous prescriptions (plancher au-dessus des PHEC, sens d'écoulement ou transparence hydraulique, matériaux peu vulnérables), hors établissements sensibles. Constructions existantes : Extensions autorisées selon usage (habitation, annexes, hébergement +plan de secours, ERP/activités, agricole), plancher au-dessus des PHEC.", "etudeGeotechniqueG2": false, "etagePresent": "Non", "etageSource": "estimé par la hauteur (2.6 m), fiabilité modérée", "typologie": "Typologie indéterminée (donnée absente)", "zoneRefuge": "Conditionnelle : si le plancher ne peut pas être calé au-dessus des PHEC (impossibilité fonctionnelle dûment justifiée), un niveau refuge adapté est exigé (20 m² minimum, hauteur 1,80 m minimum).", "refugeCategorie": "Conditionnelle (impossibilité fonctionnelle à justifier)", "diagnostic": "Étude de vulnérabilité obligatoire sous 1 an pour les établissements sensibles (aléa faible à moyen : pas de délai de mise en œuvre chiffré).", "eligibiliteFprnm": "Non déterminé - typologie non qualifiée en l'état.", "hauteurM": 2.6, "altitudeSolLidarHdM": 151.36, "coteReferencePheM": 150.7, "distanceIsocoteM": 66.0, "hauteurEauEstimeeM": 0.0, "hauteurEauNote": "Estimation : cote de référence PHE (150.70 m NGF, TIN isocotes (interpolation linéaire entre lignes de cote)) moins altitude sol LIDAR HD (151.36 m NGF). Terrain surélevé localement par rapport à la cote de référence PHE interpolée à cet endroit : pas de submersion attendue pour cette crue de référence.", "coteReferenceMethode": "TIN isocotes (interpolation linéaire entre lignes de cote)"}}, {"type": "Feature", "geometry": {"coordinates": [[[1.52779, 43.585629], [1.527801, 43.58574], [1.527897, 43.585761], [1.528341, 43.585705], [1.528406, 43.585906], [1.528377, 43.585997], [1.528604, 43.586035], [1.528612, 43.586011], [1.528587, 43.586007], [1.528624, 43.585905], [1.528546, 43.585661], [1.528569, 43.585657], [1.528559, 43.585625], [1.528535, 43.585629], [1.52851, 43.585552], [1.52779, 43.585629]]], "type": "Polygon"}, "properties": {"id": "BATIMENT0000000347706775", "zoneCode": "Ji", "zoneLabel": "Jaune inondation (expansion des crues)", "zoneColor": "#FBC02D", "concerne": true, "regime": "Constructions nouvelles : Interdites comme en zone Rouge, sauf bâtiments agricoles nouveaux et locaux liés à l'existant ≤20 m². Constructions existantes : Mêmes prescriptions qu'en zone Rouge, avec une limite plus stricte pour l'hébergement/établissements vulnérables (+10% de capacité au lieu de +20%).", "etudeGeotechniqueG2": false, "etagePresent": "Oui", "etageSource": "connu (BD TOPO nombre_d_etages)", "typologie": "Logement collectif (40 logements)", "typologieSource": "BD TOPO", "zoneRefuge": "Conditionnelle : si le plancher ne peut pas être calé au-dessus des PHEC (impossibilité fonctionnelle dûment justifiée), un niveau refuge adapté est exigé (20 m² minimum, hauteur 1,80 m minimum).", "refugeCategorie": "Conditionnelle (impossibilité fonctionnelle à justifier)", "diagnostic": "Étude de vulnérabilité obligatoire sous 1 an pour les établissements sensibles (aléa faible à moyen : pas de délai de mise en œuvre chiffré).", "eligibiliteFprnm": "Éligible - habitation : FPRNM à 80% des travaux prescrits, sous réserve d'un bien existant avant le 18/04/2016.", "nbLogements": 40, "hauteurM": 10.6, "altitudeSolLidarHdM": 153.99, "coteReferencePheM": 152.63, "distanceIsocoteM": 18.0, "hauteurEauEstimeeM": 0.0, "hauteurEauNote": "Estimation : cote de référence PHE (152.63 m NGF, TIN isocotes (interpolation linéaire entre lignes de cote)) moins altitude sol LIDAR HD (153.99 m NGF). Terrain surélevé localement par rapport à la cote de référence PHE interpolée à cet endroit : pas de submersion attendue pour cette crue de référence.", "coteReferenceMethode": "TIN isocotes (interpolation linéaire entre lignes de cote)"}}, {"type": "Feature", "geometry": {"coordinates": [[[1.529005, 43.587159], [1.528894, 43.587185], [1.528907, 43.587223], [1.52901, 43.587201], [1.529032, 43.587194], [1.529005, 43.587159]]], "type": "Polygon"}, "properties": {"id": "BATIMENT0000000347707537", "zoneCode": "Ji", "zoneLabel": "Jaune inondation (expansion des crues)", "zoneColor": "#FBC02D", "concerne": true, "regime": "Constructions nouvelles : Interdites comme en zone Rouge, sauf bâtiments agricoles nouveaux et locaux liés à l'existant ≤20 m². Constructions existantes : Mêmes prescriptions qu'en zone Rouge, avec une limite plus stricte pour l'hébergement/établissements vulnérables (+10% de capacité au lieu de +20%).", "etudeGeotechniqueG2": false, "etagePresent": "Non", "etageSource": "connu (BDNB Fichiers Fonciers nb_niveau=1)", "typologie": "Maison individuelle", "typologieSource": "BDNB (Fichiers Fonciers, millésime 2026-02.a)", "zoneRefuge": "Conditionnelle : si le plancher ne peut pas être calé au-dessus des PHEC (impossibilité fonctionnelle dûment justifiée), un niveau refuge adapté est exigé (20 m² minimum, hauteur 1,80 m minimum).", "refugeCategorie": "Conditionnelle (impossibilité fonctionnelle à justifier)", "diagnostic": "Étude de vulnérabilité obligatoire sous 1 an pour les établissements sensibles (aléa faible à moyen : pas de délai de mise en œuvre chiffré).", "eligibiliteFprnm": "Éligible - habitation : FPRNM à 80% des travaux prescrits, sous réserve d'un bien existant avant le 18/04/2016.", "nbLogements": 1, "hauteurM": 2.8, "altitudeSolLidarHdM": 155.75, "coteReferencePheM": 154.41, "distanceIsocoteM": 16.0, "hauteurEauEstimeeM": 0.0, "hauteurEauNote": "Estimation : cote de référence PHE (154.41 m NGF, TIN isocotes (interpolation linéaire entre lignes de cote)) moins altitude sol LIDAR HD (155.75 m NGF). Terrain surélevé localement par rapport à la cote de référence PHE interpolée à cet endroit : pas de submersion attendue pour cette crue de référence.", "coteReferenceMethode": "TIN isocotes (interpolation linéaire entre lignes de cote)"}}, {"type": "Feature", "geometry": {"coordinates": [[[1.529143, 43.587366], [1.529119, 43.587338], [1.529067, 43.587341], [1.529079, 43.58737], [1.529143, 43.587366]]], "type": "Polygon"}, "properties": {"id": "BATIMENT0000000347707582", "zoneCode": "Ji", "zoneLabel": "Jaune inondation (expansion des crues)", "zoneColor": "#FBC02D", "concerne": true, "regime": "Constructions nouvelles : Interdites comme en zone Rouge, sauf bâtiments agricoles nouveaux et locaux liés à l'existant ≤20 m². Constructions existantes : Mêmes prescriptions qu'en zone Rouge, avec une limite plus stricte pour l'hébergement/établissements vulnérables (+10% de capacité au lieu de +20%).", "etudeGeotechniqueG2": false, "etagePresent": "Non", "etageSource": "connu (BD TOPO nombre_d_etages)", "typologie": "Annexe (non habitée)", "typologieSource": "BD TOPO", "zoneRefuge": "Conditionnelle : si le plancher ne peut pas être calé au-dessus des PHEC (impossibilité fonctionnelle dûment justifiée), un niveau refuge adapté est exigé (20 m² minimum, hauteur 1,80 m minimum).", "refugeCategorie": "Conditionnelle (impossibilité fonctionnelle à justifier)", "diagnostic": "Étude de vulnérabilité obligatoire sous 1 an pour les établissements sensibles (aléa faible à moyen : pas de délai de mise en œuvre chiffré).", "eligibiliteFprnm": "Non déterminé - typologie non qualifiée en l'état.", "nbLogements": 0, "hauteurM": 4.4, "altitudeSolLidarHdM": 156.22, "coteReferencePheM": 154.53, "distanceIsocoteM": 5.0, "hauteurEauEstimeeM": 0.0, "hauteurEauNote": "Estimation : cote de référence PHE (154.53 m NGF, TIN isocotes (interpolation linéaire entre lignes de cote)) moins altitude sol LIDAR HD (156.22 m NGF). Terrain surélevé localement par rapport à la cote de référence PHE interpolée à cet endroit : pas de submersion attendue pour cette crue de référence.", "coteReferenceMethode": "TIN isocotes (interpolation linéaire entre lignes de cote)"}}, {"type": "Feature", "geometry": {"coordinates": [[[1.549231, 43.571766], [1.549144, 43.571802], [1.549215, 43.571872], [1.549238, 43.571861], [1.549223, 43.571844], [1.549307, 43.571802], [1.549284, 43.571778], [1.549247, 43.571784], [1.549231, 43.571766]]], "type": "Polygon"}, "properties": {"id": "BATIMENT0000000347709024", "zoneCode": "Ji", "zoneLabel": "Jaune inondation (expansion des crues)", "zoneColor": "#FBC02D", "concerne": true, "regime": "Constructions nouvelles : Interdites comme en zone Rouge, sauf bâtiments agricoles nouveaux et locaux liés à l'existant ≤20 m². Constructions existantes : Mêmes prescriptions qu'en zone Rouge, avec une limite plus stricte pour l'hébergement/établissements vulnérables (+10% de capacité au lieu de +20%).", "etudeGeotechniqueG2": false, "etagePresent": "Oui", "etageSource": "connu (BD TOPO nombre_d_etages)", "typologie": "Maison individuelle", "typologieSource": "BD TOPO", "zoneRefuge": "Conditionnelle : si le plancher ne peut pas être calé au-dessus des PHEC (impossibilité fonctionnelle dûment justifiée), un niveau refuge adapté est exigé (20 m² minimum, hauteur 1,80 m minimum).", "refugeCategorie": "Conditionnelle (impossibilité fonctionnelle à justifier)", "diagnostic": "Étude de vulnérabilité obligatoire sous 1 an pour les établissements sensibles (aléa faible à moyen : pas de délai de mise en œuvre chiffré).", "eligibiliteFprnm": "Éligible - habitation : FPRNM à 80% des travaux prescrits, sous réserve d'un bien existant avant le 18/04/2016.", "nbLogements": 1, "hauteurM": 9.0, "altitudeSolLidarHdM": 148.67, "coteReferencePheM": 149.68, "distanceIsocoteM": 108.0, "hauteurEauEstimeeM": 1.01, "hauteurEauNote": "Estimation : cote de référence PHE (149.68 m NGF, TIN isocotes (interpolation linéaire entre lignes de cote)) moins altitude sol LIDAR HD (148.67 m NGF).", "coteReferenceMethode": "TIN isocotes (interpolation linéaire entre lignes de cote)"}}, {"type": "Feature", "geometry": {"coordinates": [[[1.548842, 43.572359], [1.548922, 43.57228], [1.548887, 43.572262], [1.548807, 43.572341], [1.548842, 43.572359]]], "type": "Polygon"}, "properties": {"id": "BATIMENT0000000347709025", "zoneCode": "Ji", "zoneLabel": "Jaune inondation (expansion des crues)", "zoneColor": "#FBC02D", "concerne": true, "regime": "Constructions nouvelles : Interdites comme en zone Rouge, sauf bâtiments agricoles nouveaux et locaux liés à l'existant ≤20 m². Constructions existantes : Mêmes prescriptions qu'en zone Rouge, avec une limite plus stricte pour l'hébergement/établissements vulnérables (+10% de capacité au lieu de +20%).", "etudeGeotechniqueG2": false, "etagePresent": "Non", "etageSource": "connu (BD TOPO nombre_d_etages)", "typologie": "Activité économique", "typologieSource": "BD TOPO", "zoneRefuge": "Conditionnelle : si le plancher ne peut pas être calé au-dessus des PHEC (impossibilité fonctionnelle dûment justifiée), un niveau refuge adapté est exigé (20 m² minimum, hauteur 1,80 m minimum).", "refugeCategorie": "Conditionnelle (impossibilité fonctionnelle à justifier)", "diagnostic": "Étude de vulnérabilité obligatoire sous 1 an pour les établissements sensibles (aléa faible à moyen : pas de délai de mise en œuvre chiffré).", "eligibiliteFprnm": "Potentiellement éligible - activité : FPRNM à 20% des travaux prescrits si moins de 20 salariés, sous réserve d'un bien existant avant le 18/04/2016.", "nbLogements": 0, "hauteurM": 2.3, "altitudeSolLidarHdM": 148.83, "coteReferencePheM": 149.54, "distanceIsocoteM": 59.0, "hauteurEauEstimeeM": 0.71, "hauteurEauNote": "Estimation : cote de référence PHE (149.54 m NGF, TIN isocotes (interpolation linéaire entre lignes de cote)) moins altitude sol LIDAR HD (148.83 m NGF).", "coteReferenceMethode": "TIN isocotes (interpolation linéaire entre lignes de cote)"}}, {"type": "Feature", "geometry": {"coordinates": [[[1.511806, 43.578562], [1.511895, 43.578422], [1.511351, 43.578266], [1.511404, 43.578184], [1.51149, 43.578213], [1.511545, 43.578127], [1.511533, 43.578123], [1.51155, 43.578097], [1.511538, 43.578076], [1.511532, 43.578059], [1.511531, 43.578038], [1.511534, 43.578021], [1.511541, 43.578004], [1.511558, 43.577982], [1.51158, 43.577963], [1.5116, 43.577951], [1.511622, 43.577943], [1.511663, 43.577933], [1.511712, 43.577934], [1.511736, 43.577939], [1.511764, 43.577948], [1.511799, 43.577968], [1.511819, 43.577988], [1.511829, 43.578003], [1.51184, 43.578036], [1.511839, 43.578061], [1.51183, 43.578086], [1.511821, 43.578099], [1.511799, 43.578121], [1.511776, 43.578136], [1.511753, 43.578146], [1.511721, 43.578154], [1.511707, 43.578175], [1.511824, 43.578214], [1.511963, 43.577992], [1.512134, 43.578049], [1.512091, 43.578116], [1.512084, 43.578115], [1.512071, 43.578134], [1.512078, 43.578137], [1.511994, 43.578271], [1.512127, 43.578315], [1.512212, 43.578181], [1.512219, 43.578184], [1.512232, 43.578163], [1.512225, 43.578161], [1.512268, 43.578094], [1.512437, 43.578151], [1.512394, 43.578218], [1.512388, 43.578216], [1.512375, 43.578236], [1.512381, 43.578238], [1.512296, 43.578371], [1.512431, 43.578417], [1.512515, 43.578283], [1.512523, 43.578286], [1.512535, 43.578266], [1.512528, 43.578263], [1.512572, 43.578196], [1.512741, 43.578252], [1.512699, 43.57832], [1.512693, 43.578317], [1.512678, 43.578338], [1.512686, 43.578341], [1.512602, 43.578473], [1.512736, 43.578519], [1.51282, 43.578386], [1.512827, 43.578387], [1.51284, 43.578367], [1.512832, 43.578365], [1.512875, 43.578297], [1.513046, 43.578354], [1.512905, 43.578576], [1.513045, 43.578624], [1.513024, 43.578649], [1.513027, 43.57865], [1.512971, 43.578734], [1.512657, 43.578642], [1.51266, 43.578637], [1.512582, 43.578611], [1.512578, 43.578619], [1.512346, 43.578552], [1.512349, 43.578547], [1.512271, 43.578521], [1.512266, 43.578529], [1.512034, 43.578462], [1.511958, 43.578583], [1.511925, 43.578571], [1.511909, 43.578596], [1.511806, 43.578562]]], "type": "Polygon"}, "properties": {"id": "BATIMENT0000000347709026", "zoneCode": "Bi", "zoneLabel": "Bleue inondation", "zoneColor": "#4FA8E0", "concerne": true, "regime": "Constructions nouvelles : Autorisées sous prescriptions (plancher au-dessus des PHEC, sens d'écoulement ou transparence hydraulique, matériaux peu vulnérables), hors établissements sensibles. Constructions existantes : Extensions autorisées selon usage (habitation, annexes, hébergement +plan de secours, ERP/activités, agricole), plancher au-dessus des PHEC.", "etudeGeotechniqueG2": false, "etagePresent": "Oui", "etageSource": "estimé par la hauteur (13.6 m), fiabilité modérée", "typologie": "Activité économique", "typologieSource": "BD TOPO", "zoneRefuge": "Conditionnelle : si le plancher ne peut pas être calé au-dessus des PHEC (impossibilité fonctionnelle dûment justifiée), un niveau refuge adapté est exigé (20 m² minimum, hauteur 1,80 m minimum).", "refugeCategorie": "Conditionnelle (impossibilité fonctionnelle à justifier)", "diagnostic": "Étude de vulnérabilité obligatoire sous 1 an pour les établissements sensibles (aléa faible à moyen : pas de délai de mise en œuvre chiffré).", "eligibiliteFprnm": "Potentiellement éligible - activité : FPRNM à 20% des travaux prescrits si moins de 20 salariés, sous réserve d'un bien existant avant le 18/04/2016.", "hauteurM": 13.6, "altitudeSolLidarHdM": 142.34, "coteReferencePheM": 143.27, "distanceIsocoteM": 78.0, "hauteurEauEstimeeM": 0.93, "hauteurEauNote": "Estimation : cote de référence PHE (143.27 m NGF, TIN isocotes (interpolation linéaire entre lignes de cote)) moins altitude sol LIDAR HD (142.34 m NGF).", "coteReferenceMethode": "TIN isocotes (interpolation linéaire entre lignes de cote)"}}, {"type": "Feature", "geometry": {"coordinates": [[[1.511814, 43.579889], [1.511836, 43.579792], [1.512135, 43.579834], [1.512115, 43.579933], [1.511814, 43.579889]]], "type": "Polygon"}, "properties": {"id": "BATIMENT0000000347709038", "zoneCode": "Bi", "zoneLabel": "Bleue inondation", "zoneColor": "#4FA8E0", "concerne": true, "regime": "Constructions nouvelles : Autorisées sous prescriptions (plancher au-dessus des PHEC, sens d'écoulement ou transparence hydraulique, matériaux peu vulnérables), hors établissements sensibles. Constructions existantes : Extensions autorisées selon usage (habitation, annexes, hébergement +plan de secours, ERP/activités, agricole), plancher au-dessus des PHEC.", "etudeGeotechniqueG2": false, "etagePresent": "Non", "etageSource": "connu (BD TOPO nombre_d_etages)", "typologie": "Annexe (non habitée)", "typologieSource": "BD TOPO", "zoneRefuge": "Conditionnelle : si le plancher ne peut pas être calé au-dessus des PHEC (impossibilité fonctionnelle dûment justifiée), un niveau refuge adapté est exigé (20 m² minimum, hauteur 1,80 m minimum).", "refugeCategorie": "Conditionnelle (impossibilité fonctionnelle à justifier)", "diagnostic": "Étude de vulnérabilité obligatoire sous 1 an pour les établissements sensibles (aléa faible à moyen : pas de délai de mise en œuvre chiffré).", "eligibiliteFprnm": "Non déterminé - typologie non qualifiée en l'état.", "nbLogements": 0, "hauteurM": 4.3, "altitudeSolLidarHdM": 142.63, "coteReferencePheM": 143.07, "distanceIsocoteM": 22.0, "hauteurEauEstimeeM": 0.44, "hauteurEauNote": "Estimation : cote de référence PHE (143.07 m NGF, TIN isocotes (interpolation linéaire entre lignes de cote)) moins altitude sol LIDAR HD (142.63 m NGF).", "coteReferenceMethode": "TIN isocotes (interpolation linéaire entre lignes de cote)"}}, {"type": "Feature", "geometry": {"coordinates": [[[1.511652, 43.579601], [1.511648, 43.579572], [1.511702, 43.579567], [1.511706, 43.579596], [1.511652, 43.579601]]], "type": "Polygon"}, "properties": {"id": "BATIMENT0000000347709040", "zoneCode": "GHi", "zoneLabel": "Grise hachurée inondation (crue historique)", "zoneColor": "#8A8A8A", "concerne": true, "regime": "Constructions nouvelles : Autorisées sous prescriptions : étude géotechnique G2 AVP obligatoire pour toute construction nécessitant des fondations, réseaux eaux pluviales/assainissement étanches. Recommandation : plancher surexhaussé de 30 cm. Constructions existantes : Même régime unique que pour le neuf (pas de distinction nouveau/existant) : étude géotechnique G2 AVP obligatoire pour toute construction nécessitant des fondations. Étude géotechnique G2 AVP (norme NF P 94-500) obligatoire avant travaux nécessitant des fondations.", "etudeGeotechniqueG2": true, "etagePresent": "Non", "etageSource": "estimé par la hauteur (3.7 m), fiabilité modérée", "typologie": "Typologie indéterminée (donnée absente)", "diagnostic": "Étude de vulnérabilité obligatoire sous 1 an pour les établissements sensibles (aléa faible à moyen : pas de délai de mise en œuvre chiffré).", "eligibiliteFprnm": "Non déterminé - typologie non qualifiée en l'état.", "hauteurM": 3.7, "altitudeSolLidarHdM": 143.26, "coteReferencePheM": 143.02, "distanceIsocoteM": 7.0, "hauteurEauEstimeeM": 0.0, "hauteurEauNote": "Estimation : cote de référence PHE (143.02 m NGF, TIN isocotes (interpolation linéaire entre lignes de cote)) moins altitude sol LIDAR HD (143.26 m NGF). Terrain surélevé localement par rapport à la cote de référence PHE interpolée à cet endroit : pas de submersion attendue pour cette crue de référence.", "coteReferenceMethode": "TIN isocotes (interpolation linéaire entre lignes de cote)"}}, {"type": "Feature", "geometry": {"coordinates": [[[1.511555, 43.57954], [1.511557, 43.579558], [1.511644, 43.579554], [1.511654, 43.579615], [1.511639, 43.579615], [1.511649, 43.579692], [1.511584, 43.579698], [1.511586, 43.579719], [1.511528, 43.579725], [1.511514, 43.579669], [1.511525, 43.579652], [1.511485, 43.579636], [1.511401, 43.579644], [1.51139, 43.57957], [1.511483, 43.579561], [1.51148, 43.579544], [1.511555, 43.57954]]], "type": "Polygon"}, "properties": {"id": "BATIMENT0000000347709041", "zoneCode": "Bi", "zoneLabel": "Bleue inondation", "zoneColor": "#4FA8E0", "concerne": true, "zonesIntersectees": "Bi;GHi", "regime": "Constructions nouvelles : Autorisées sous prescriptions (plancher au-dessus des PHEC, sens d'écoulement ou transparence hydraulique, matériaux peu vulnérables), hors établissements sensibles. Constructions existantes : Extensions autorisées selon usage (habitation, annexes, hébergement +plan de secours, ERP/activités, agricole), plancher au-dessus des PHEC.", "etudeGeotechniqueG2": false, "etagePresent": "Non", "etageSource": "connu (BD TOPO nombre_d_etages)", "typologie": "Maison individuelle", "typologieSource": "BD TOPO", "zoneRefuge": "Conditionnelle : si le plancher ne peut pas être calé au-dessus des PHEC (impossibilité fonctionnelle dûment justifiée), un niveau refuge adapté est exigé (20 m² minimum, hauteur 1,80 m minimum).", "refugeCategorie": "Conditionnelle (impossibilité fonctionnelle à justifier)", "diagnostic": "Étude de vulnérabilité obligatoire sous 1 an pour les établissements sensibles (aléa faible à moyen : pas de délai de mise en œuvre chiffré).", "eligibiliteFprnm": "Éligible - habitation : FPRNM à 80% des travaux prescrits, sous réserve d'un bien existant avant le 18/04/2016.", "nbLogements": 1, "hauteurM": 4.8, "altitudeSolLidarHdM": 143.27, "coteReferencePheM": 142.99, "distanceIsocoteM": 4.0, "hauteurEauEstimeeM": 0.0, "hauteurEauNote": "Estimation : cote de référence PHE (142.99 m NGF, TIN isocotes (interpolation linéaire entre lignes de cote)) moins altitude sol LIDAR HD (143.27 m NGF). Terrain surélevé localement par rapport à la cote de référence PHE interpolée à cet endroit : pas de submersion attendue pour cette crue de référence.", "coteReferenceMethode": "TIN isocotes (interpolation linéaire entre lignes de cote)"}}, {"type": "Feature", "geometry": {"coordinates": [[[1.511557, 43.579558], [1.511644, 43.579554], [1.51164, 43.579525], [1.511555, 43.579529], [1.511557, 43.579558]]], "type": "Polygon"}, "properties": {"id": "BATIMENT0000000347709042", "zoneCode": "Bi", "zoneLabel": "Bleue inondation", "zoneColor": "#4FA8E0", "concerne": true, "zonesIntersectees": "Bi;GHi", "regime": "Constructions nouvelles : Autorisées sous prescriptions (plancher au-dessus des PHEC, sens d'écoulement ou transparence hydraulique, matériaux peu vulnérables), hors établissements sensibles. Constructions existantes : Extensions autorisées selon usage (habitation, annexes, hébergement +plan de secours, ERP/activités, agricole), plancher au-dessus des PHEC.", "etudeGeotechniqueG2": false, "etagePresent": "Non", "etageSource": "estimé par la hauteur (2.0 m), fiabilité modérée", "typologie": "Typologie indéterminée (donnée absente)", "zoneRefuge": "Conditionnelle : si le plancher ne peut pas être calé au-dessus des PHEC (impossibilité fonctionnelle dûment justifiée), un niveau refuge adapté est exigé (20 m² minimum, hauteur 1,80 m minimum).", "refugeCategorie": "Conditionnelle (impossibilité fonctionnelle à justifier)", "diagnostic": "Étude de vulnérabilité obligatoire sous 1 an pour les établissements sensibles (aléa faible à moyen : pas de délai de mise en œuvre chiffré).", "eligibiliteFprnm": "Non déterminé - typologie non qualifiée en l'état.", "hauteurM": 2.0, "altitudeSolLidarHdM": 143.25, "coteReferencePheM": 143.01, "distanceIsocoteM": 3.0, "hauteurEauEstimeeM": 0.0, "hauteurEauNote": "Estimation : cote de référence PHE (143.01 m NGF, TIN isocotes (interpolation linéaire entre lignes de cote)) moins altitude sol LIDAR HD (143.25 m NGF). Terrain surélevé localement par rapport à la cote de référence PHE interpolée à cet endroit : pas de submersion attendue pour cette crue de référence.", "coteReferenceMethode": "TIN isocotes (interpolation linéaire entre lignes de cote)"}}, {"type": "Feature", "geometry": {"coordinates": [[[1.510437, 43.580193], [1.51048, 43.580262], [1.5103, 43.580322], [1.510257, 43.580254], [1.510437, 43.580193]]], "type": "Polygon"}, "properties": {"id": "BATIMENT0000000347709058", "zoneCode": "Bi", "zoneLabel": "Bleue inondation", "zoneColor": "#4FA8E0", "concerne": true, "regime": "Constructions nouvelles : Autorisées sous prescriptions (plancher au-dessus des PHEC, sens d'écoulement ou transparence hydraulique, matériaux peu vulnérables), hors établissements sensibles. Constructions existantes : Extensions autorisées selon usage (habitation, annexes, hébergement +plan de secours, ERP/activités, agricole), plancher au-dessus des PHEC.", "etudeGeotechniqueG2": false, "etagePresent": "Non", "etageSource": "connu (BD TOPO nombre_d_etages)", "typologie": "Maison individuelle", "typologieSource": "BD TOPO", "zoneRefuge": "Conditionnelle : si le plancher ne peut pas être calé au-dessus des PHEC (impossibilité fonctionnelle dûment justifiée), un niveau refuge adapté est exigé (20 m² minimum, hauteur 1,80 m minimum).", "refugeCategorie": "Conditionnelle (impossibilité fonctionnelle à justifier)", "diagnostic": "Étude de vulnérabilité obligatoire sous 1 an pour les établissements sensibles (aléa faible à moyen : pas de délai de mise en œuvre chiffré).", "eligibiliteFprnm": "Éligible - habitation : FPRNM à 80% des travaux prescrits, sous réserve d'un bien existant avant le 18/04/2016.", "nbLogements": 1, "hauteurM": 5.2, "altitudeSolLidarHdM": 143.2, "coteReferencePheM": 142.28, "distanceIsocoteM": 7.0, "hauteurEauEstimeeM": 0.0, "hauteurEauNote": "Estimation : cote de référence PHE (142.28 m NGF, TIN isocotes (interpolation linéaire entre lignes de cote)) moins altitude sol LIDAR HD (143.20 m NGF). Terrain surélevé localement par rapport à la cote de référence PHE interpolée à cet endroit : pas de submersion attendue pour cette crue de référence.", "coteReferenceMethode": "TIN isocotes (interpolation linéaire entre lignes de cote)"}}, {"type": "Feature", "geometry": {"coordinates": [[[1.514362, 43.579689], [1.514333, 43.579804], [1.514588, 43.579838], [1.514539, 43.580028], [1.513983, 43.579954], [1.514079, 43.579578], [1.514458, 43.579629], [1.514441, 43.5797], [1.514362, 43.579689]]], "type": "Polygon"}, "properties": {"id": "BATIMENT0000000347709068", "zoneCode": "Bi", "zoneLabel": "Bleue inondation", "zoneColor": "#4FA8E0", "concerne": true, "regime": "Constructions nouvelles : Autorisées sous prescriptions (plancher au-dessus des PHEC, sens d'écoulement ou transparence hydraulique, matériaux peu vulnérables), hors établissements sensibles. Constructions existantes : Extensions autorisées selon usage (habitation, annexes, hébergement +plan de secours, ERP/activités, agricole), plancher au-dessus des PHEC.", "etudeGeotechniqueG2": false, "etagePresent": "Oui", "etageSource": "étage retenu par prudence (hauteur 7.6 m > seuil 5.30 m)", "typologie": "Activité économique", "typologieSource": "BD TOPO", "zoneRefuge": "Conditionnelle : si le plancher ne peut pas être calé au-dessus des PHEC (impossibilité fonctionnelle dûment justifiée), un niveau refuge adapté est exigé (20 m² minimum, hauteur 1,80 m minimum).", "refugeCategorie": "Conditionnelle (impossibilité fonctionnelle à justifier)", "diagnostic": "Étude de vulnérabilité obligatoire sous 1 an pour les établissements sensibles (aléa faible à moyen : pas de délai de mise en œuvre chiffré).", "eligibiliteFprnm": "Potentiellement éligible - activité : FPRNM à 20% des travaux prescrits si moins de 20 salariés, sous réserve d'un bien existant avant le 18/04/2016.", "nbLogements": 0, "hauteurM": 7.6, "altitudeSolLidarHdM": 143.03, "coteReferencePheM": 143.68, "distanceIsocoteM": 60.0, "hauteurEauEstimeeM": 0.65, "hauteurEauNote": "Estimation : cote de référence PHE (143.68 m NGF, TIN isocotes (interpolation linéaire entre lignes de cote)) moins altitude sol LIDAR HD (143.03 m NGF).", "coteReferenceMethode": "TIN isocotes (interpolation linéaire entre lignes de cote)"}}, {"type": "Feature", "geometry": {"coordinates": [[[1.513878, 43.579634], [1.513796, 43.579913], [1.513217, 43.579825], [1.513224, 43.5798], [1.513148, 43.579789], [1.513142, 43.579814], [1.512987, 43.57979], [1.513031, 43.579641], [1.513185, 43.579665], [1.513178, 43.579689], [1.513252, 43.5797], [1.513259, 43.579677], [1.513694, 43.579743], [1.513706, 43.5797], [1.513649, 43.579691], [1.513673, 43.579602], [1.513878, 43.579634]]], "type": "Polygon"}, "properties": {"id": "BATIMENT0000000347709073", "zoneCode": "Ri", "zoneLabel": "Rouge inondation", "zoneColor": "#E2001A", "concerne": true, "zonesIntersectees": "Bi;Ri", "regime": "Constructions nouvelles : Interdites, sauf exceptions très limitées (accès de sécurité, abris légers ≤20 m² une fois, locaux techniques ≤20 m², locaux jardinage, serres tunnel démontables, piscines). Constructions existantes : Extension habitations/annexes limitée à 20 m² une fois, plancher au-dessus des PHEC (refuge si impossibilité fonctionnelle) ; extension ERP/activités/agricole limitée à 20% de l'emprise, une fois.", "etudeGeotechniqueG2": false, "etagePresent": "Oui", "etageSource": "étage retenu par prudence (hauteur 8.3 m > seuil 5.30 m)", "typologie": "Activité économique", "typologieSource": "BD TOPO", "zoneRefuge": "Conditionnelle : si le plancher ne peut pas être calé au-dessus des PHEC (impossibilité fonctionnelle dûment justifiée), un niveau refuge adapté est exigé (20 m² minimum, hauteur 1,80 m minimum).", "refugeCategorie": "Conditionnelle (impossibilité fonctionnelle à justifier)", "diagnostic": "Étude de vulnérabilité obligatoire sous 1 an pour les établissements sensibles ; mesures mises en œuvre sous 5 ans (aléa fort), limite 10% valeur vénale.", "eligibiliteFprnm": "Potentiellement éligible - activité : FPRNM à 20% des travaux prescrits si moins de 20 salariés, sous réserve d'un bien existant avant le 18/04/2016.", "nbLogements": 0, "hauteurM": 8.3, "altitudeSolLidarHdM": 142.38, "coteReferencePheM": 143.49, "distanceIsocoteM": 2.0, "hauteurEauEstimeeM": 1.11, "hauteurEauNote": "Estimation : cote de référence PHE (143.49 m NGF, TIN isocotes (interpolation linéaire entre lignes de cote)) moins altitude sol LIDAR HD (142.38 m NGF).", "coteReferenceMethode": "TIN isocotes (interpolation linéaire entre lignes de cote)"}}, {"type": "Feature", "geometry": {"coordinates": [[[1.513649, 43.579691], [1.513706, 43.5797], [1.513694, 43.579743], [1.513636, 43.579734], [1.513649, 43.579691]]], "type": "Polygon"}, "properties": {"id": "BATIMENT0000000347709074", "zoneCode": "Bi", "zoneLabel": "Bleue inondation", "zoneColor": "#4FA8E0", "concerne": true, "regime": "Constructions nouvelles : Autorisées sous prescriptions (plancher au-dessus des PHEC, sens d'écoulement ou transparence hydraulique, matériaux peu vulnérables), hors établissements sensibles. Constructions existantes : Extensions autorisées selon usage (habitation, annexes, hébergement +plan de secours, ERP/activités, agricole), plancher au-dessus des PHEC.", "etudeGeotechniqueG2": false, "etagePresent": "Oui", "etageSource": "estimé par la hauteur (8.3 m), fiabilité modérée", "typologie": "Activité économique", "typologieSource": "BD TOPO", "zoneRefuge": "Conditionnelle : si le plancher ne peut pas être calé au-dessus des PHEC (impossibilité fonctionnelle dûment justifiée), un niveau refuge adapté est exigé (20 m² minimum, hauteur 1,80 m minimum).", "refugeCategorie": "Conditionnelle (impossibilité fonctionnelle à justifier)", "diagnostic": "Étude de vulnérabilité obligatoire sous 1 an pour les établissements sensibles (aléa faible à moyen : pas de délai de mise en œuvre chiffré).", "eligibiliteFprnm": "Potentiellement éligible - activité : FPRNM à 20% des travaux prescrits si moins de 20 salariés, sous réserve d'un bien existant avant le 18/04/2016.", "hauteurM": 8.3, "altitudeSolLidarHdM": 142.53, "coteReferencePheM": 143.54, "distanceIsocoteM": 14.0, "hauteurEauEstimeeM": 1.01, "hauteurEauNote": "Estimation : cote de référence PHE (143.54 m NGF, TIN isocotes (interpolation linéaire entre lignes de cote)) moins altitude sol LIDAR HD (142.53 m NGF).", "coteReferenceMethode": "TIN isocotes (interpolation linéaire entre lignes de cote)"}}, {"type": "Feature", "geometry": {"coordinates": [[[1.513142, 43.579814], [1.513148, 43.579789], [1.513224, 43.5798], [1.513217, 43.579825], [1.513142, 43.579814]]], "type": "Polygon"}, "properties": {"id": "BATIMENT0000000347709075", "zoneCode": "Bi", "zoneLabel": "Bleue inondation", "zoneColor": "#4FA8E0", "concerne": true, "regime": "Constructions nouvelles : Autorisées sous prescriptions (plancher au-dessus des PHEC, sens d'écoulement ou transparence hydraulique, matériaux peu vulnérables), hors établissements sensibles. Constructions existantes : Extensions autorisées selon usage (habitation, annexes, hébergement +plan de secours, ERP/activités, agricole), plancher au-dessus des PHEC.", "etudeGeotechniqueG2": false, "etagePresent": "Oui", "etageSource": "estimé par la hauteur (8.2 m), fiabilité modérée", "typologie": "Activité économique", "typologieSource": "BD TOPO", "zoneRefuge": "Conditionnelle : si le plancher ne peut pas être calé au-dessus des PHEC (impossibilité fonctionnelle dûment justifiée), un niveau refuge adapté est exigé (20 m² minimum, hauteur 1,80 m minimum).", "refugeCategorie": "Conditionnelle (impossibilité fonctionnelle à justifier)", "diagnostic": "Étude de vulnérabilité obligatoire sous 1 an pour les établissements sensibles (aléa faible à moyen : pas de délai de mise en œuvre chiffré).", "eligibiliteFprnm": "Potentiellement éligible - activité : FPRNM à 20% des travaux prescrits si moins de 20 salariés, sous réserve d'un bien existant avant le 18/04/2016.", "hauteurM": 8.2, "altitudeSolLidarHdM": 142.2, "coteReferencePheM": 143.4, "distanceIsocoteM": 26.0, "hauteurEauEstimeeM": 1.2, "hauteurEauNote": "Estimation : cote de référence PHE (143.40 m NGF, TIN isocotes (interpolation linéaire entre lignes de cote)) moins altitude sol LIDAR HD (142.20 m NGF).", "coteReferenceMethode": "TIN isocotes (interpolation linéaire entre lignes de cote)"}}, {"type": "Feature", "geometry": {"coordinates": [[[1.513185, 43.579665], [1.513259, 43.579677], [1.513252, 43.5797], [1.513178, 43.579689], [1.513185, 43.579665]]], "type": "Polygon"}, "properties": {"id": "BATIMENT0000000347709076", "zoneCode": "Bi", "zoneLabel": "Bleue inondation", "zoneColor": "#4FA8E0", "concerne": true, "regime": "Constructions nouvelles : Autorisées sous prescriptions (plancher au-dessus des PHEC, sens d'écoulement ou transparence hydraulique, matériaux peu vulnérables), hors établissements sensibles. Constructions existantes : Extensions autorisées selon usage (habitation, annexes, hébergement +plan de secours, ERP/activités, agricole), plancher au-dessus des PHEC.", "etudeGeotechniqueG2": false, "etagePresent": "Oui", "etageSource": "estimé par la hauteur (8.3 m), fiabilité modérée", "typologie": "Activité économique", "typologieSource": "BD TOPO", "zoneRefuge": "Conditionnelle : si le plancher ne peut pas être calé au-dessus des PHEC (impossibilité fonctionnelle dûment justifiée), un niveau refuge adapté est exigé (20 m² minimum, hauteur 1,80 m minimum).", "refugeCategorie": "Conditionnelle (impossibilité fonctionnelle à justifier)", "diagnostic": "Étude de vulnérabilité obligatoire sous 1 an pour les établissements sensibles (aléa faible à moyen : pas de délai de mise en œuvre chiffré).", "eligibiliteFprnm": "Potentiellement éligible - activité : FPRNM à 20% des travaux prescrits si moins de 20 salariés, sous réserve d'un bien existant avant le 18/04/2016.", "hauteurM": 8.3, "altitudeSolLidarHdM": 142.58, "coteReferencePheM": 143.42, "distanceIsocoteM": 21.0, "hauteurEauEstimeeM": 0.84, "hauteurEauNote": "Estimation : cote de référence PHE (143.42 m NGF, TIN isocotes (interpolation linéaire entre lignes de cote)) moins altitude sol LIDAR HD (142.58 m NGF).", "coteReferenceMethode": "TIN isocotes (interpolation linéaire entre lignes de cote)"}}, {"type": "Feature", "geometry": {"coordinates": [[[1.508927, 43.580595], [1.508918, 43.580576], [1.508876, 43.580587], [1.508885, 43.580606], [1.508927, 43.580595]]], "type": "Polygon"}, "properties": {"id": "BATIMENT0000000347709078", "zoneCode": "Ji", "zoneLabel": "Jaune inondation (expansion des crues)", "zoneColor": "#FBC02D", "concerne": true, "regime": "Constructions nouvelles : Interdites comme en zone Rouge, sauf bâtiments agricoles nouveaux et locaux liés à l'existant ≤20 m². Constructions existantes : Mêmes prescriptions qu'en zone Rouge, avec une limite plus stricte pour l'hébergement/établissements vulnérables (+10% de capacité au lieu de +20%).", "etudeGeotechniqueG2": false, "etagePresent": "Non", "etageSource": "estimé par la hauteur (1.6 m), fiabilité modérée", "typologie": "Typologie indéterminée (donnée absente)", "zoneRefuge": "Conditionnelle : si le plancher ne peut pas être calé au-dessus des PHEC (impossibilité fonctionnelle dûment justifiée), un niveau refuge adapté est exigé (20 m² minimum, hauteur 1,80 m minimum).", "refugeCategorie": "Conditionnelle (impossibilité fonctionnelle à justifier)", "diagnostic": "Étude de vulnérabilité obligatoire sous 1 an pour les établissements sensibles (aléa faible à moyen : pas de délai de mise en œuvre chiffré).", "eligibiliteFprnm": "Non déterminé - typologie non qualifiée en l'état.", "hauteurM": 1.6, "altitudeSolLidarHdM": 141.66, "coteReferencePheM": 141.79, "distanceIsocoteM": 23.0, "hauteurEauEstimeeM": 0.13, "hauteurEauNote": "Estimation : cote de référence PHE (141.79 m NGF, TIN isocotes (interpolation linéaire entre lignes de cote)) moins altitude sol LIDAR HD (141.66 m NGF).", "coteReferenceMethode": "TIN isocotes (interpolation linéaire entre lignes de cote)"}}, {"type": "Feature", "geometry": {"coordinates": [[[1.511547, 43.578433], [1.511602, 43.578338], [1.511729, 43.578375], [1.511663, 43.578479], [1.511547, 43.578433]]], "type": "Polygon"}, "properties": {"id": "BATIMENT0000000347709079", "zoneCode": "Bi", "zoneLabel": "Bleue inondation", "zoneColor": "#4FA8E0", "concerne": true, "regime": "Constructions nouvelles : Autorisées sous prescriptions (plancher au-dessus des PHEC, sens d'écoulement ou transparence hydraulique, matériaux peu vulnérables), hors établissements sensibles. Constructions existantes : Extensions autorisées selon usage (habitation, annexes, hébergement +plan de secours, ERP/activités, agricole), plancher au-dessus des PHEC.", "etudeGeotechniqueG2": false, "etagePresent": "Oui", "etageSource": "estimé par la hauteur (10.9 m), fiabilité modérée", "typologie": "Activité économique", "typologieSource": "BD TOPO", "zoneRefuge": "Conditionnelle : si le plancher ne peut pas être calé au-dessus des PHEC (impossibilité fonctionnelle dûment justifiée), un niveau refuge adapté est exigé (20 m² minimum, hauteur 1,80 m minimum).", "refugeCategorie": "Conditionnelle (impossibilité fonctionnelle à justifier)", "diagnostic": "Étude de vulnérabilité obligatoire sous 1 an pour les établissements sensibles (aléa faible à moyen : pas de délai de mise en œuvre chiffré).", "eligibiliteFprnm": "Potentiellement éligible - activité : FPRNM à 20% des travaux prescrits si moins de 20 salariés, sous réserve d'un bien existant avant le 18/04/2016.", "hauteurM": 10.9, "altitudeSolLidarHdM": 142.38, "coteReferencePheM": 143.13, "distanceIsocoteM": 42.0, "hauteurEauEstimeeM": 0.75, "hauteurEauNote": "Estimation : cote de référence PHE (143.13 m NGF, TIN isocotes (interpolation linéaire entre lignes de cote)) moins altitude sol LIDAR HD (142.38 m NGF).", "coteReferenceMethode": "TIN isocotes (interpolation linéaire entre lignes de cote)"}}, {"type": "Feature", "geometry": {"coordinates": [[[1.514775, 43.579615], [1.515067, 43.579657], [1.515018, 43.579835], [1.514725, 43.579792], [1.514775, 43.579615]]], "type": "Polygon"}, "properties": {"id": "BATIMENT0000000347709086", "zoneCode": "Bi", "zoneLabel": "Bleue inondation", "zoneColor": "#4FA8E0", "concerne": true, "regime": "Constructions nouvelles : Autorisées sous prescriptions (plancher au-dessus des PHEC, sens d'écoulement ou transparence hydraulique, matériaux peu vulnérables), hors établissements sensibles. Constructions existantes : Extensions autorisées selon usage (habitation, annexes, hébergement +plan de secours, ERP/activités, agricole), plancher au-dessus des PHEC.", "etudeGeotechniqueG2": false, "etagePresent": "Oui", "etageSource": "étage retenu par prudence (hauteur 8.9 m > seuil 5.30 m)", "typologie": "Activité économique", "typologieSource": "BD TOPO", "zoneRefuge": "Conditionnelle : si le plancher ne peut pas être calé au-dessus des PHEC (impossibilité fonctionnelle dûment justifiée), un niveau refuge adapté est exigé (20 m² minimum, hauteur 1,80 m minimum).", "refugeCategorie": "Conditionnelle (impossibilité fonctionnelle à justifier)", "diagnostic": "Étude de vulnérabilité obligatoire sous 1 an pour les établissements sensibles (aléa faible à moyen : pas de délai de mise en œuvre chiffré).", "eligibiliteFprnm": "Potentiellement éligible - activité : FPRNM à 20% des travaux prescrits si moins de 20 salariés, sous réserve d'un bien existant avant le 18/04/2016.", "nbLogements": 0, "hauteurM": 8.9, "altitudeSolLidarHdM": 142.85, "coteReferencePheM": 143.84, "distanceIsocoteM": 48.0, "hauteurEauEstimeeM": 0.99, "hauteurEauNote": "Estimation : cote de référence PHE (143.84 m NGF, TIN isocotes (interpolation linéaire entre lignes de cote)) moins altitude sol LIDAR HD (142.85 m NGF).", "coteReferenceMethode": "TIN isocotes (interpolation linéaire entre lignes de cote)"}}, {"type": "Feature", "geometry": {"coordinates": [[[1.517799, 43.580255], [1.517805, 43.580192], [1.517842, 43.580194], [1.517849, 43.58011], [1.517948, 43.580114], [1.517941, 43.580198], [1.518056, 43.580203], [1.51805, 43.580266], [1.51788, 43.580258], [1.517878, 43.580272], [1.517824, 43.580268], [1.517824, 43.580257], [1.517799, 43.580255]]], "type": "Polygon"}, "properties": {"id": "BATIMENT0000000347709111", "zoneCode": "Bi", "zoneLabel": "Bleue inondation", "zoneColor": "#4FA8E0", "concerne": true, "regime": "Constructions nouvelles : Autorisées sous prescriptions (plancher au-dessus des PHEC, sens d'écoulement ou transparence hydraulique, matériaux peu vulnérables), hors établissements sensibles. Constructions existantes : Extensions autorisées selon usage (habitation, annexes, hébergement +plan de secours, ERP/activités, agricole), plancher au-dessus des PHEC.", "etudeGeotechniqueG2": false, "etagePresent": "Non", "etageSource": "connu (BD TOPO nombre_d_etages)", "typologie": "Maison individuelle", "typologieSource": "BD TOPO", "zoneRefuge": "Conditionnelle : si le plancher ne peut pas être calé au-dessus des PHEC (impossibilité fonctionnelle dûment justifiée), un niveau refuge adapté est exigé (20 m² minimum, hauteur 1,80 m minimum).", "refugeCategorie": "Conditionnelle (impossibilité fonctionnelle à justifier)", "diagnostic": "Étude de vulnérabilité obligatoire sous 1 an pour les établissements sensibles (aléa faible à moyen : pas de délai de mise en œuvre chiffré).", "eligibiliteFprnm": "Éligible - habitation : FPRNM à 80% des travaux prescrits, sous réserve d'un bien existant avant le 18/04/2016.", "nbLogements": 1, "hauteurM": 3.6, "altitudeSolLidarHdM": 143.44, "coteReferencePheM": 144.39, "distanceIsocoteM": 56.0, "hauteurEauEstimeeM": 0.95, "hauteurEauNote": "Estimation : cote de référence PHE (144.39 m NGF, TIN isocotes (interpolation linéaire entre lignes de cote)) moins altitude sol LIDAR HD (143.44 m NGF).", "coteReferenceMethode": "TIN isocotes (interpolation linéaire entre lignes de cote)"}}, {"type": "Feature", "geometry": {"coordinates": [[[1.517588, 43.579995], [1.517602, 43.579813], [1.51779, 43.579823], [1.517784, 43.579879], [1.517846, 43.579882], [1.517848, 43.579855], [1.518098, 43.579867], [1.518081, 43.580049], [1.517832, 43.580036], [1.517838, 43.579968], [1.517776, 43.579965], [1.517772, 43.580005], [1.517588, 43.579995]]], "type": "Polygon"}, "properties": {"id": "BATIMENT0000000347709112", "zoneCode": "Ri", "zoneLabel": "Rouge inondation", "zoneColor": "#E2001A", "concerne": true, "zonesIntersectees": "Bi;Ri", "regime": "Constructions nouvelles : Interdites, sauf exceptions très limitées (accès de sécurité, abris légers ≤20 m² une fois, locaux techniques ≤20 m², locaux jardinage, serres tunnel démontables, piscines). Constructions existantes : Extension habitations/annexes limitée à 20 m² une fois, plancher au-dessus des PHEC (refuge si impossibilité fonctionnelle) ; extension ERP/activités/agricole limitée à 20% de l'emprise, une fois.", "etudeGeotechniqueG2": false, "etagePresent": "Oui", "etageSource": "connu (BD TOPO nombre_d_etages)", "typologie": "Activité économique", "typologieSource": "BD TOPO", "zoneRefuge": "Conditionnelle : si le plancher ne peut pas être calé au-dessus des PHEC (impossibilité fonctionnelle dûment justifiée), un niveau refuge adapté est exigé (20 m² minimum, hauteur 1,80 m minimum).", "refugeCategorie": "Conditionnelle (impossibilité fonctionnelle à justifier)", "diagnostic": "Étude de vulnérabilité obligatoire sous 1 an pour les établissements sensibles ; mesures mises en œuvre sous 5 ans (aléa fort), limite 10% valeur vénale.", "eligibiliteFprnm": "Potentiellement éligible - activité : FPRNM à 20% des travaux prescrits si moins de 20 salariés, sous réserve d'un bien existant avant le 18/04/2016.", "nbLogements": 0, "hauteurM": 8.5, "altitudeSolLidarHdM": 143.38, "coteReferencePheM": 144.38, "distanceIsocoteM": 61.0, "hauteurEauEstimeeM": 1.0, "hauteurEauNote": "Estimation : cote de référence PHE (144.38 m NGF, TIN isocotes (interpolation linéaire entre lignes de cote)) moins altitude sol LIDAR HD (143.38 m NGF).", "coteReferenceMethode": "TIN isocotes (interpolation linéaire entre lignes de cote)"}}, {"type": "Feature", "geometry": {"coordinates": [[[1.516481, 43.579764], [1.516006, 43.579747], [1.516002, 43.579738], [1.515971, 43.579736], [1.515964, 43.579745], [1.515862, 43.579741], [1.515838, 43.580102], [1.516457, 43.580124], [1.516481, 43.579764]]], "type": "Polygon"}, "properties": {"id": "BATIMENT0000000347709114", "zoneCode": "Ri", "zoneLabel": "Rouge inondation", "zoneColor": "#E2001A", "concerne": true, "zonesIntersectees": "Bi;Ri", "regime": "Constructions nouvelles : Interdites, sauf exceptions très limitées (accès de sécurité, abris légers ≤20 m² une fois, locaux techniques ≤20 m², locaux jardinage, serres tunnel démontables, piscines). Constructions existantes : Extension habitations/annexes limitée à 20 m² une fois, plancher au-dessus des PHEC (refuge si impossibilité fonctionnelle) ; extension ERP/activités/agricole limitée à 20% de l'emprise, une fois.", "etudeGeotechniqueG2": false, "etagePresent": "Oui", "etageSource": "étage retenu par prudence (hauteur 7.5 m > seuil 5.30 m)", "typologie": "Activité économique", "typologieSource": "BD TOPO", "zoneRefuge": "Conditionnelle : si le plancher ne peut pas être calé au-dessus des PHEC (impossibilité fonctionnelle dûment justifiée), un niveau refuge adapté est exigé (20 m² minimum, hauteur 1,80 m minimum).", "refugeCategorie": "Conditionnelle (impossibilité fonctionnelle à justifier)", "diagnostic": "Étude de vulnérabilité obligatoire sous 1 an pour les établissements sensibles ; mesures mises en œuvre sous 5 ans (aléa fort), limite 10% valeur vénale.", "eligibiliteFprnm": "Potentiellement éligible - activité : FPRNM à 20% des travaux prescrits si moins de 20 salariés, sous réserve d'un bien existant avant le 18/04/2016.", "nbLogements": 0, "hauteurM": 7.5, "altitudeSolLidarHdM": 142.59, "coteReferencePheM": 144.11, "distanceIsocoteM": 52.0, "hauteurEauEstimeeM": 1.52, "hauteurEauNote": "Estimation : cote de référence PHE (144.11 m NGF, TIN isocotes (interpolation linéaire entre lignes de cote)) moins altitude sol LIDAR HD (142.59 m NGF).", "coteReferenceMethode": "TIN isocotes (interpolation linéaire entre lignes de cote)"}}, {"type": "Feature", "geometry": {"coordinates": [[[1.517409, 43.580138], [1.517258, 43.580132], [1.517267, 43.580019], [1.517299, 43.58002], [1.517308, 43.579914], [1.517276, 43.579912], [1.517293, 43.579693], [1.517325, 43.579694], [1.517329, 43.57964], [1.517386, 43.579642], [1.517395, 43.579533], [1.517584, 43.579541], [1.517578, 43.579607], [1.517621, 43.579609], [1.517616, 43.579672], [1.51754, 43.579669], [1.517542, 43.579649], [1.517417, 43.579644], [1.517413, 43.579697], [1.517444, 43.579699], [1.517427, 43.579919], [1.517395, 43.579918], [1.517386, 43.580025], [1.517418, 43.580026], [1.517409, 43.580138]]], "type": "Polygon"}, "properties": {"id": "BATIMENT0000000347709115", "zoneCode": "Ri", "zoneLabel": "Rouge inondation", "zoneColor": "#E2001A", "concerne": true, "zonesIntersectees": "Bi;Ri", "regime": "Constructions nouvelles : Interdites, sauf exceptions très limitées (accès de sécurité, abris légers ≤20 m² une fois, locaux techniques ≤20 m², locaux jardinage, serres tunnel démontables, piscines). Constructions existantes : Extension habitations/annexes limitée à 20 m² une fois, plancher au-dessus des PHEC (refuge si impossibilité fonctionnelle) ; extension ERP/activités/agricole limitée à 20% de l'emprise, une fois.", "etudeGeotechniqueG2": false, "etagePresent": "Oui", "etageSource": "étage retenu par prudence (hauteur 5.4 m > seuil 5.30 m)", "typologie": "Activité économique", "typologieSource": "BD TOPO", "zoneRefuge": "Conditionnelle : si le plancher ne peut pas être calé au-dessus des PHEC (impossibilité fonctionnelle dûment justifiée), un niveau refuge adapté est exigé (20 m² minimum, hauteur 1,80 m minimum).", "refugeCategorie": "Conditionnelle (impossibilité fonctionnelle à justifier)", "diagnostic": "Étude de vulnérabilité obligatoire sous 1 an pour les établissements sensibles ; mesures mises en œuvre sous 5 ans (aléa fort), limite 10% valeur vénale.", "eligibiliteFprnm": "Potentiellement éligible - activité : FPRNM à 20% des travaux prescrits si moins de 20 salariés, sous réserve d'un bien existant avant le 18/04/2016.", "nbLogements": 0, "hauteurM": 5.4, "altitudeSolLidarHdM": 143.49, "coteReferencePheM": 144.31, "distanceIsocoteM": 97.0, "hauteurEauEstimeeM": 0.82, "hauteurEauNote": "Estimation : cote de référence PHE (144.31 m NGF, TIN isocotes (interpolation linéaire entre lignes de cote)) moins altitude sol LIDAR HD (143.49 m NGF).", "coteReferenceMethode": "TIN isocotes (interpolation linéaire entre lignes de cote)"}}, {"type": "Feature", "geometry": {"coordinates": [[[1.516867, 43.57964], [1.517238, 43.57965], [1.51723, 43.579816], [1.516883, 43.579806], [1.516875, 43.579958], [1.517131, 43.579965], [1.517118, 43.58023], [1.516837, 43.580222], [1.516867, 43.57964]]], "type": "Polygon"}, "properties": {"id": "BATIMENT0000000347709116", "zoneCode": "Bi", "zoneLabel": "Bleue inondation", "zoneColor": "#4FA8E0", "concerne": true, "regime": "Constructions nouvelles : Autorisées sous prescriptions (plancher au-dessus des PHEC, sens d'écoulement ou transparence hydraulique, matériaux peu vulnérables), hors établissements sensibles. Constructions existantes : Extensions autorisées selon usage (habitation, annexes, hébergement +plan de secours, ERP/activités, agricole), plancher au-dessus des PHEC.", "etudeGeotechniqueG2": false, "etagePresent": "Oui", "etageSource": "étage retenu par prudence (hauteur 8.0 m > seuil 5.30 m)", "typologie": "Activité économique", "typologieSource": "BD TOPO", "zoneRefuge": "Conditionnelle : si le plancher ne peut pas être calé au-dessus des PHEC (impossibilité fonctionnelle dûment justifiée), un niveau refuge adapté est exigé (20 m² minimum, hauteur 1,80 m minimum).", "refugeCategorie": "Conditionnelle (impossibilité fonctionnelle à justifier)", "diagnostic": "Étude de vulnérabilité obligatoire sous 1 an pour les établissements sensibles (aléa faible à moyen : pas de délai de mise en œuvre chiffré).", "eligibiliteFprnm": "Potentiellement éligible - activité : FPRNM à 20% des travaux prescrits si moins de 20 salariés, sous réserve d'un bien existant avant le 18/04/2016.", "nbLogements": 0, "hauteurM": 8.0, "altitudeSolLidarHdM": 143.2, "coteReferencePheM": 144.24, "distanceIsocoteM": 121.0, "hauteurEauEstimeeM": 1.04, "hauteurEauNote": "Estimation : cote de référence PHE (144.24 m NGF, TIN isocotes (interpolation linéaire entre lignes de cote)) moins altitude sol LIDAR HD (143.20 m NGF).", "coteReferenceMethode": "TIN isocotes (interpolation linéaire entre lignes de cote)"}}, {"type": "Feature", "geometry": {"coordinates": [[[1.51702, 43.579627], [1.517019, 43.579643], [1.517086, 43.579646], [1.517088, 43.579629], [1.51702, 43.579627]]], "type": "Polygon"}, "properties": {"id": "BATIMENT0000000347709117", "zoneCode": "Bi", "zoneLabel": "Bleue inondation", "zoneColor": "#4FA8E0", "concerne": true, "regime": "Constructions nouvelles : Autorisées sous prescriptions (plancher au-dessus des PHEC, sens d'écoulement ou transparence hydraulique, matériaux peu vulnérables), hors établissements sensibles. Constructions existantes : Extensions autorisées selon usage (habitation, annexes, hébergement +plan de secours, ERP/activités, agricole), plancher au-dessus des PHEC.", "etudeGeotechniqueG2": false, "etagePresent": "Non", "etageSource": "connu (BDNB Fichiers Fonciers nb_niveau=1)", "typologie": "Activité économique", "typologieSource": "BDNB (Fichiers Fonciers, millésime 2026-02.a)", "zoneRefuge": "Conditionnelle : si le plancher ne peut pas être calé au-dessus des PHEC (impossibilité fonctionnelle dûment justifiée), un niveau refuge adapté est exigé (20 m² minimum, hauteur 1,80 m minimum).", "refugeCategorie": "Conditionnelle (impossibilité fonctionnelle à justifier)", "diagnostic": "Étude de vulnérabilité obligatoire sous 1 an pour les établissements sensibles (aléa faible à moyen : pas de délai de mise en œuvre chiffré).", "eligibiliteFprnm": "Potentiellement éligible - activité : FPRNM à 20% des travaux prescrits si moins de 20 salariés, sous réserve d'un bien existant avant le 18/04/2016.", "nbLogements": 0, "hauteurM": 5.3, "altitudeSolLidarHdM": 143.3, "coteReferencePheM": 144.25, "distanceIsocoteM": 124.0, "hauteurEauEstimeeM": 0.95, "hauteurEauNote": "Estimation : cote de référence PHE (144.25 m NGF, TIN isocotes (interpolation linéaire entre lignes de cote)) moins altitude sol LIDAR HD (143.30 m NGF).", "coteReferenceMethode": "TIN isocotes (interpolation linéaire entre lignes de cote)"}}, {"type": "Feature", "geometry": {"coordinates": [[[1.517237, 43.580275], [1.517237, 43.580256], [1.517284, 43.580257], [1.517283, 43.580276], [1.517237, 43.580275]]], "type": "Polygon"}, "properties": {"id": "BATIMENT0000000347709118", "zoneCode": "Bi", "zoneLabel": "Bleue inondation", "zoneColor": "#4FA8E0", "concerne": true, "regime": "Constructions nouvelles : Autorisées sous prescriptions (plancher au-dessus des PHEC, sens d'écoulement ou transparence hydraulique, matériaux peu vulnérables), hors établissements sensibles. Constructions existantes : Extensions autorisées selon usage (habitation, annexes, hébergement +plan de secours, ERP/activités, agricole), plancher au-dessus des PHEC.", "etudeGeotechniqueG2": false, "etagePresent": "Inconnu", "etageSource": "aucune donnée disponible", "typologie": "Typologie indéterminée (donnée absente)", "zoneRefuge": "Conditionnelle : si le plancher ne peut pas être calé au-dessus des PHEC (impossibilité fonctionnelle dûment justifiée), un niveau refuge adapté est exigé (20 m² minimum, hauteur 1,80 m minimum).", "refugeCategorie": "Conditionnelle (impossibilité fonctionnelle à justifier)", "diagnostic": "Étude de vulnérabilité obligatoire sous 1 an pour les établissements sensibles (aléa faible à moyen : pas de délai de mise en œuvre chiffré).", "eligibiliteFprnm": "Non déterminé - typologie non qualifiée en l'état.", "altitudeSolLidarHdM": 143.32, "coteReferencePheM": 144.28, "distanceIsocoteM": 109.0, "hauteurEauEstimeeM": 0.96, "hauteurEauNote": "Estimation : cote de référence PHE (144.28 m NGF, TIN isocotes (interpolation linéaire entre lignes de cote)) moins altitude sol LIDAR HD (143.32 m NGF).", "coteReferenceMethode": "TIN isocotes (interpolation linéaire entre lignes de cote)"}}, {"type": "Feature", "geometry": {"coordinates": [[[1.526164, 43.581509], [1.52621, 43.581513], [1.526216, 43.58147], [1.526269, 43.581474], [1.526257, 43.581555], [1.526294, 43.581559], [1.526281, 43.58164], [1.526095, 43.581624], [1.52611, 43.581544], [1.526158, 43.581548], [1.526164, 43.581509]]], "type": "Polygon"}, "properties": {"id": "BATIMENT0000000347709136", "zoneCode": "Bi", "zoneLabel": "Bleue inondation", "zoneColor": "#4FA8E0", "concerne": true, "regime": "Constructions nouvelles : Autorisées sous prescriptions (plancher au-dessus des PHEC, sens d'écoulement ou transparence hydraulique, matériaux peu vulnérables), hors établissements sensibles. Constructions existantes : Extensions autorisées selon usage (habitation, annexes, hébergement +plan de secours, ERP/activités, agricole), plancher au-dessus des PHEC.", "etudeGeotechniqueG2": false, "etagePresent": "Non", "etageSource": "connu (BD TOPO nombre_d_etages)", "typologie": "Logement collectif (2 logements)", "typologieSource": "BD TOPO", "zoneRefuge": "Conditionnelle : si le plancher ne peut pas être calé au-dessus des PHEC (impossibilité fonctionnelle dûment justifiée), un niveau refuge adapté est exigé (20 m² minimum, hauteur 1,80 m minimum).", "refugeCategorie": "Conditionnelle (impossibilité fonctionnelle à justifier)", "diagnostic": "Étude de vulnérabilité obligatoire sous 1 an pour les établissements sensibles (aléa faible à moyen : pas de délai de mise en œuvre chiffré).", "eligibiliteFprnm": "Éligible - habitation : FPRNM à 80% des travaux prescrits, sous réserve d'un bien existant avant le 18/04/2016.", "nbLogements": 2, "hauteurM": 2.3, "altitudeSolLidarHdM": 146.68, "coteReferencePheM": 146.5, "distanceIsocoteM": 47.0, "hauteurEauEstimeeM": 0.0, "hauteurEauNote": "Estimation : cote de référence PHE (146.50 m NGF, TIN isocotes (interpolation linéaire entre lignes de cote)) moins altitude sol LIDAR HD (146.68 m NGF). Terrain surélevé localement par rapport à la cote de référence PHE interpolée à cet endroit : pas de submersion attendue pour cette crue de référence.", "coteReferenceMethode": "TIN isocotes (interpolation linéaire entre lignes de cote)"}}, {"type": "Feature", "geometry": {"coordinates": [[[1.526586, 43.581499], [1.526579, 43.581555], [1.526545, 43.581555], [1.526542, 43.581581], [1.526379, 43.581569], [1.52639, 43.581485], [1.526586, 43.581499]]], "type": "Polygon"}, "properties": {"id": "BATIMENT0000000347709139", "zoneCode": "Bi", "zoneLabel": "Bleue inondation", "zoneColor": "#4FA8E0", "concerne": true, "regime": "Constructions nouvelles : Autorisées sous prescriptions (plancher au-dessus des PHEC, sens d'écoulement ou transparence hydraulique, matériaux peu vulnérables), hors établissements sensibles. Constructions existantes : Extensions autorisées selon usage (habitation, annexes, hébergement +plan de secours, ERP/activités, agricole), plancher au-dessus des PHEC.", "etudeGeotechniqueG2": false, "etagePresent": "Non", "etageSource": "connu (BD TOPO nombre_d_etages)", "typologie": "Maison individuelle", "typologieSource": "BD TOPO", "zoneRefuge": "Conditionnelle : si le plancher ne peut pas être calé au-dessus des PHEC (impossibilité fonctionnelle dûment justifiée), un niveau refuge adapté est exigé (20 m² minimum, hauteur 1,80 m minimum).", "refugeCategorie": "Conditionnelle (impossibilité fonctionnelle à justifier)", "diagnostic": "Étude de vulnérabilité obligatoire sous 1 an pour les établissements sensibles (aléa faible à moyen : pas de délai de mise en œuvre chiffré).", "eligibiliteFprnm": "Éligible - habitation : FPRNM à 80% des travaux prescrits, sous réserve d'un bien existant avant le 18/04/2016.", "nbLogements": 1, "hauteurM": 2.7, "altitudeSolLidarHdM": 147.01, "coteReferencePheM": 146.5, "distanceIsocoteM": 65.0, "hauteurEauEstimeeM": 0.0, "hauteurEauNote": "Estimation : cote de référence PHE (146.50 m NGF, TIN isocotes (interpolation linéaire entre lignes de cote)) moins altitude sol LIDAR HD (147.01 m NGF). Terrain surélevé localement par rapport à la cote de référence PHE interpolée à cet endroit : pas de submersion attendue pour cette crue de référence.", "coteReferenceMethode": "TIN isocotes (interpolation linéaire entre lignes de cote)"}}, {"type": "Feature", "geometry": {"coordinates": [[[1.525437, 43.581212], [1.525398, 43.581215], [1.525389, 43.58116], [1.525352, 43.581161], [1.525348, 43.58113], [1.52542, 43.581125], [1.525437, 43.581212]]], "type": "Polygon"}, "properties": {"id": "BATIMENT0000000347709158", "zoneCode": "Bi", "zoneLabel": "Bleue inondation", "zoneColor": "#4FA8E0", "concerne": true, "regime": "Constructions nouvelles : Autorisées sous prescriptions (plancher au-dessus des PHEC, sens d'écoulement ou transparence hydraulique, matériaux peu vulnérables), hors établissements sensibles. Constructions existantes : Extensions autorisées selon usage (habitation, annexes, hébergement +plan de secours, ERP/activités, agricole), plancher au-dessus des PHEC.", "etudeGeotechniqueG2": false, "etagePresent": "Non", "etageSource": "estimé par la hauteur (3.1 m), fiabilité modérée", "typologie": "Typologie indéterminée (donnée absente)", "zoneRefuge": "Conditionnelle : si le plancher ne peut pas être calé au-dessus des PHEC (impossibilité fonctionnelle dûment justifiée), un niveau refuge adapté est exigé (20 m² minimum, hauteur 1,80 m minimum).", "refugeCategorie": "Conditionnelle (impossibilité fonctionnelle à justifier)", "diagnostic": "Étude de vulnérabilité obligatoire sous 1 an pour les établissements sensibles (aléa faible à moyen : pas de délai de mise en œuvre chiffré).", "eligibiliteFprnm": "Non déterminé - typologie non qualifiée en l'état.", "hauteurM": 3.1, "altitudeSolLidarHdM": 146.54, "coteReferencePheM": 146.5, "distanceIsocoteM": 49.0, "hauteurEauEstimeeM": 0.0, "hauteurEauNote": "Estimation : cote de référence PHE (146.50 m NGF, TIN isocotes (interpolation linéaire entre lignes de cote)) moins altitude sol LIDAR HD (146.54 m NGF). Terrain surélevé localement par rapport à la cote de référence PHE interpolée à cet endroit : pas de submersion attendue pour cette crue de référence.", "coteReferenceMethode": "TIN isocotes (interpolation linéaire entre lignes de cote)"}}, {"type": "Feature", "geometry": {"coordinates": [[[1.522744, 43.581592], [1.522998, 43.581634], [1.523069, 43.581406], [1.523003, 43.581394], [1.523019, 43.581341], [1.522857, 43.581313], [1.52286, 43.581304], [1.522839, 43.581301], [1.522889, 43.581141], [1.52291, 43.581145], [1.522913, 43.581135], [1.523089, 43.581164], [1.523128, 43.581042], [1.522931, 43.581009], [1.523002, 43.580784], [1.5229, 43.580768], [1.522893, 43.580787], [1.522875, 43.580784], [1.522881, 43.580764], [1.52279, 43.580748], [1.522719, 43.580974], [1.522681, 43.580967], [1.522675, 43.580984], [1.52264, 43.581099], [1.522678, 43.581106], [1.522607, 43.58133], [1.522815, 43.581365], [1.522744, 43.581592]]], "type": "Polygon"}, "properties": {"id": "BATIMENT0000000347709143", "zoneCode": "Bi", "zoneLabel": "Bleue inondation", "zoneColor": "#4FA8E0", "concerne": true, "regime": "Constructions nouvelles : Autorisées sous prescriptions (plancher au-dessus des PHEC, sens d'écoulement ou transparence hydraulique, matériaux peu vulnérables), hors établissements sensibles. Constructions existantes : Extensions autorisées selon usage (habitation, annexes, hébergement +plan de secours, ERP/activités, agricole), plancher au-dessus des PHEC.", "etudeGeotechniqueG2": false, "etagePresent": "Oui", "etageSource": "étage retenu par prudence (hauteur 7.7 m > seuil 5.30 m)", "typologie": "Activité économique", "typologieSource": "BD TOPO", "zoneRefuge": "Conditionnelle : si le plancher ne peut pas être calé au-dessus des PHEC (impossibilité fonctionnelle dûment justifiée), un niveau refuge adapté est exigé (20 m² minimum, hauteur 1,80 m minimum).", "refugeCategorie": "Conditionnelle (impossibilité fonctionnelle à justifier)", "diagnostic": "Étude de vulnérabilité obligatoire sous 1 an pour les établissements sensibles (aléa faible à moyen : pas de délai de mise en œuvre chiffré).", "eligibiliteFprnm": "Potentiellement éligible - activité : FPRNM à 20% des travaux prescrits si moins de 20 salariés, sous réserve d'un bien existant avant le 18/04/2016.", "nbLogements": 0, "hauteurM": 7.7, "altitudeSolLidarHdM": 145.77, "coteReferencePheM": 146.05, "distanceIsocoteM": 5.0, "hauteurEauEstimeeM": 0.28, "hauteurEauNote": "Estimation : cote de référence PHE (146.05 m NGF, TIN isocotes (interpolation linéaire entre lignes de cote)) moins altitude sol LIDAR HD (145.77 m NGF).", "coteReferenceMethode": "TIN isocotes (interpolation linéaire entre lignes de cote)"}}, {"type": "Feature", "geometry": {"coordinates": [[[1.524039, 43.581477], [1.524097, 43.581506], [1.524122, 43.58148], [1.524061, 43.581449], [1.524039, 43.581477]]], "type": "Polygon"}, "properties": {"id": "BATIMENT0000000347709144", "zoneCode": "Bi", "zoneLabel": "Bleue inondation", "zoneColor": "#4FA8E0", "concerne": true, "regime": "Constructions nouvelles : Autorisées sous prescriptions (plancher au-dessus des PHEC, sens d'écoulement ou transparence hydraulique, matériaux peu vulnérables), hors établissements sensibles. Constructions existantes : Extensions autorisées selon usage (habitation, annexes, hébergement +plan de secours, ERP/activités, agricole), plancher au-dessus des PHEC.", "etudeGeotechniqueG2": false, "etagePresent": "Non", "etageSource": "estimé par la hauteur (1.7 m), fiabilité modérée", "typologie": "Typologie indéterminée (donnée absente)", "zoneRefuge": "Conditionnelle : si le plancher ne peut pas être calé au-dessus des PHEC (impossibilité fonctionnelle dûment justifiée), un niveau refuge adapté est exigé (20 m² minimum, hauteur 1,80 m minimum).", "refugeCategorie": "Conditionnelle (impossibilité fonctionnelle à justifier)", "diagnostic": "Étude de vulnérabilité obligatoire sous 1 an pour les établissements sensibles (aléa faible à moyen : pas de délai de mise en œuvre chiffré).", "eligibiliteFprnm": "Non déterminé - typologie non qualifiée en l'état.", "hauteurM": 1.7, "altitudeSolLidarHdM": 146.64, "coteReferencePheM": 146.2, "distanceIsocoteM": 22.0, "hauteurEauEstimeeM": 0.0, "hauteurEauNote": "Estimation : cote de référence PHE (146.20 m NGF, TIN isocotes (interpolation linéaire entre lignes de cote)) moins altitude sol LIDAR HD (146.64 m NGF). Terrain surélevé localement par rapport à la cote de référence PHE interpolée à cet endroit : pas de submersion attendue pour cette crue de référence.", "coteReferenceMethode": "TIN isocotes (interpolation linéaire entre lignes de cote)"}}, {"type": "Feature", "geometry": {"coordinates": [[[1.526164, 43.581509], [1.526171, 43.581466], [1.526216, 43.58147], [1.52621, 43.581513], [1.526164, 43.581509]]], "type": "Polygon"}, "properties": {"id": "BATIMENT0000000347709145", "zoneCode": "Bi", "zoneLabel": "Bleue inondation", "zoneColor": "#4FA8E0", "concerne": true, "regime": "Constructions nouvelles : Autorisées sous prescriptions (plancher au-dessus des PHEC, sens d'écoulement ou transparence hydraulique, matériaux peu vulnérables), hors établissements sensibles. Constructions existantes : Extensions autorisées selon usage (habitation, annexes, hébergement +plan de secours, ERP/activités, agricole), plancher au-dessus des PHEC.", "etudeGeotechniqueG2": false, "etagePresent": "Non", "etageSource": "connu (BDNB Fichiers Fonciers nb_niveau=1)", "typologie": "Maison individuelle", "typologieSource": "BDNB (Fichiers Fonciers, millésime 2026-02.a)", "zoneRefuge": "Conditionnelle : si le plancher ne peut pas être calé au-dessus des PHEC (impossibilité fonctionnelle dûment justifiée), un niveau refuge adapté est exigé (20 m² minimum, hauteur 1,80 m minimum).", "refugeCategorie": "Conditionnelle (impossibilité fonctionnelle à justifier)", "diagnostic": "Étude de vulnérabilité obligatoire sous 1 an pour les établissements sensibles (aléa faible à moyen : pas de délai de mise en œuvre chiffré).", "eligibiliteFprnm": "Éligible - habitation : FPRNM à 80% des travaux prescrits, sous réserve d'un bien existant avant le 18/04/2016.", "nbLogements": 1, "hauteurM": 1.9, "altitudeSolLidarHdM": 146.62, "coteReferencePheM": 146.5, "distanceIsocoteM": 53.0, "hauteurEauEstimeeM": 0.0, "hauteurEauNote": "Estimation : cote de référence PHE (146.50 m NGF, TIN isocotes (interpolation linéaire entre lignes de cote)) moins altitude sol LIDAR HD (146.62 m NGF). Terrain surélevé localement par rapport à la cote de référence PHE interpolée à cet endroit : pas de submersion attendue pour cette crue de référence.", "coteReferenceMethode": "TIN isocotes (interpolation linéaire entre lignes de cote)"}}, {"type": "Feature", "geometry": {"coordinates": [[[1.526036, 43.581461], [1.526032, 43.581481], [1.525946, 43.581473], [1.525949, 43.581453], [1.526036, 43.581461]]], "type": "Polygon"}, "properties": {"id": "BATIMENT0000000347709146", "zoneCode": "Bi", "zoneLabel": "Bleue inondation", "zoneColor": "#4FA8E0", "concerne": true, "regime": "Constructions nouvelles : Autorisées sous prescriptions (plancher au-dessus des PHEC, sens d'écoulement ou transparence hydraulique, matériaux peu vulnérables), hors établissements sensibles. Constructions existantes : Extensions autorisées selon usage (habitation, annexes, hébergement +plan de secours, ERP/activités, agricole), plancher au-dessus des PHEC.", "etudeGeotechniqueG2": false, "etagePresent": "Non", "etageSource": "estimé par la hauteur (2.0 m), fiabilité modérée", "typologie": "Typologie indéterminée (donnée absente)", "zoneRefuge": "Conditionnelle : si le plancher ne peut pas être calé au-dessus des PHEC (impossibilité fonctionnelle dûment justifiée), un niveau refuge adapté est exigé (20 m² minimum, hauteur 1,80 m minimum).", "refugeCategorie": "Conditionnelle (impossibilité fonctionnelle à justifier)", "diagnostic": "Étude de vulnérabilité obligatoire sous 1 an pour les établissements sensibles (aléa faible à moyen : pas de délai de mise en œuvre chiffré).", "eligibiliteFprnm": "Non déterminé - typologie non qualifiée en l'état.", "hauteurM": 2.0, "altitudeSolLidarHdM": 146.95, "coteReferencePheM": 146.5, "distanceIsocoteM": 47.0, "hauteurEauEstimeeM": 0.0, "hauteurEauNote": "Estimation : cote de référence PHE (146.50 m NGF, TIN isocotes (interpolation linéaire entre lignes de cote)) moins altitude sol LIDAR HD (146.95 m NGF). Terrain surélevé localement par rapport à la cote de référence PHE interpolée à cet endroit : pas de submersion attendue pour cette crue de référence.", "coteReferenceMethode": "TIN isocotes (interpolation linéaire entre lignes de cote)"}}, {"type": "Feature", "geometry": {"coordinates": [[[1.525845, 43.581253], [1.525802, 43.581252], [1.525808, 43.581207], [1.525852, 43.581208], [1.525845, 43.581253]]], "type": "Polygon"}, "properties": {"id": "BATIMENT0000000347709147", "zoneCode": "Bi", "zoneLabel": "Bleue inondation", "zoneColor": "#4FA8E0", "concerne": true, "regime": "Constructions nouvelles : Autorisées sous prescriptions (plancher au-dessus des PHEC, sens d'écoulement ou transparence hydraulique, matériaux peu vulnérables), hors établissements sensibles. Constructions existantes : Extensions autorisées selon usage (habitation, annexes, hébergement +plan de secours, ERP/activités, agricole), plancher au-dessus des PHEC.", "etudeGeotechniqueG2": false, "etagePresent": "Non", "etageSource": "connu (BDNB Fichiers Fonciers nb_niveau=1)", "typologie": "Maison individuelle", "typologieSource": "BDNB (Fichiers Fonciers, millésime 2026-02.a)", "zoneRefuge": "Conditionnelle : si le plancher ne peut pas être calé au-dessus des PHEC (impossibilité fonctionnelle dûment justifiée), un niveau refuge adapté est exigé (20 m² minimum, hauteur 1,80 m minimum).", "refugeCategorie": "Conditionnelle (impossibilité fonctionnelle à justifier)", "diagnostic": "Étude de vulnérabilité obligatoire sous 1 an pour les établissements sensibles (aléa faible à moyen : pas de délai de mise en œuvre chiffré).", "eligibiliteFprnm": "Éligible - habitation : FPRNM à 80% des travaux prescrits, sous réserve d'un bien existant avant le 18/04/2016.", "nbLogements": 1, "hauteurM": 0.9, "altitudeSolLidarHdM": 146.1, "coteReferencePheM": 146.5, "distanceIsocoteM": 62.0, "hauteurEauEstimeeM": 0.4, "hauteurEauNote": "Estimation : cote de référence PHE (146.50 m NGF, TIN isocotes (interpolation linéaire entre lignes de cote)) moins altitude sol LIDAR HD (146.10 m NGF).", "coteReferenceMethode": "TIN isocotes (interpolation linéaire entre lignes de cote)"}}, {"type": "Feature", "geometry": {"coordinates": [[[1.525648, 43.581139], [1.525712, 43.58114], [1.525716, 43.581152], [1.525764, 43.581155], [1.525764, 43.581177], [1.525808, 43.581181], [1.525802, 43.581252], [1.525732, 43.581249], [1.525733, 43.581215], [1.525649, 43.581215], [1.525646, 43.581228], [1.525561, 43.581226], [1.525561, 43.581157], [1.525647, 43.581157], [1.525648, 43.581139]]], "type": "Polygon"}, "properties": {"id": "BATIMENT0000000347709148", "zoneCode": "Bi", "zoneLabel": "Bleue inondation", "zoneColor": "#4FA8E0", "concerne": true, "regime": "Constructions nouvelles : Autorisées sous prescriptions (plancher au-dessus des PHEC, sens d'écoulement ou transparence hydraulique, matériaux peu vulnérables), hors établissements sensibles. Constructions existantes : Extensions autorisées selon usage (habitation, annexes, hébergement +plan de secours, ERP/activités, agricole), plancher au-dessus des PHEC.", "etudeGeotechniqueG2": false, "etagePresent": "Non", "etageSource": "connu (BD TOPO nombre_d_etages)", "typologie": "Maison individuelle", "typologieSource": "BD TOPO", "zoneRefuge": "Conditionnelle : si le plancher ne peut pas être calé au-dessus des PHEC (impossibilité fonctionnelle dûment justifiée), un niveau refuge adapté est exigé (20 m² minimum, hauteur 1,80 m minimum).", "refugeCategorie": "Conditionnelle (impossibilité fonctionnelle à justifier)", "diagnostic": "Étude de vulnérabilité obligatoire sous 1 an pour les établissements sensibles (aléa faible à moyen : pas de délai de mise en œuvre chiffré).", "eligibiliteFprnm": "Éligible - habitation : FPRNM à 80% des travaux prescrits, sous réserve d'un bien existant avant le 18/04/2016.", "nbLogements": 1, "hauteurM": 2.4, "altitudeSolLidarHdM": 146.41, "coteReferencePheM": 146.5, "distanceIsocoteM": 59.0, "hauteurEauEstimeeM": 0.09, "hauteurEauNote": "Estimation : cote de référence PHE (146.50 m NGF, TIN isocotes (interpolation linéaire entre lignes de cote)) moins altitude sol LIDAR HD (146.41 m NGF).", "coteReferenceMethode": "TIN isocotes (interpolation linéaire entre lignes de cote)"}}, {"type": "Feature", "geometry": {"coordinates": [[[1.525767, 43.581119], [1.525764, 43.581155], [1.525716, 43.581152], [1.525712, 43.58114], [1.525648, 43.581139], [1.525649, 43.581116], [1.525767, 43.581119]]], "type": "Polygon"}, "properties": {"id": "BATIMENT0000000347709149", "zoneCode": "Bi", "zoneLabel": "Bleue inondation", "zoneColor": "#4FA8E0", "concerne": true, "regime": "Constructions nouvelles : Autorisées sous prescriptions (plancher au-dessus des PHEC, sens d'écoulement ou transparence hydraulique, matériaux peu vulnérables), hors établissements sensibles. Constructions existantes : Extensions autorisées selon usage (habitation, annexes, hébergement +plan de secours, ERP/activités, agricole), plancher au-dessus des PHEC.", "etudeGeotechniqueG2": false, "etagePresent": "Non", "etageSource": "connu (BDNB Fichiers Fonciers nb_niveau=1)", "typologie": "Maison individuelle", "typologieSource": "BDNB (Fichiers Fonciers, millésime 2026-02.a)", "zoneRefuge": "Conditionnelle : si le plancher ne peut pas être calé au-dessus des PHEC (impossibilité fonctionnelle dûment justifiée), un niveau refuge adapté est exigé (20 m² minimum, hauteur 1,80 m minimum).", "refugeCategorie": "Conditionnelle (impossibilité fonctionnelle à justifier)", "diagnostic": "Étude de vulnérabilité obligatoire sous 1 an pour les établissements sensibles (aléa faible à moyen : pas de délai de mise en œuvre chiffré).", "eligibiliteFprnm": "Éligible - habitation : FPRNM à 80% des travaux prescrits, sous réserve d'un bien existant avant le 18/04/2016.", "nbLogements": 1, "hauteurM": 1.5, "altitudeSolLidarHdM": 146.21, "coteReferencePheM": 146.5, "distanceIsocoteM": 66.0, "hauteurEauEstimeeM": 0.29, "hauteurEauNote": "Estimation : cote de référence PHE (146.50 m NGF, TIN isocotes (interpolation linéaire entre lignes de cote)) moins altitude sol LIDAR HD (146.21 m NGF).", "coteReferenceMethode": "TIN isocotes (interpolation linéaire entre lignes de cote)"}}, {"type": "Feature", "geometry": {"coordinates": [[[1.524441, 43.581307], [1.524427, 43.581229], [1.524569, 43.581217], [1.524567, 43.581208], [1.524608, 43.581204], [1.524623, 43.58129], [1.524441, 43.581307]]], "type": "Polygon"}, "properties": {"id": "BATIMENT0000000347709150", "zoneCode": "Bi", "zoneLabel": "Bleue inondation", "zoneColor": "#4FA8E0", "concerne": true, "regime": "Constructions nouvelles : Autorisées sous prescriptions (plancher au-dessus des PHEC, sens d'écoulement ou transparence hydraulique, matériaux peu vulnérables), hors établissements sensibles. Constructions existantes : Extensions autorisées selon usage (habitation, annexes, hébergement +plan de secours, ERP/activités, agricole), plancher au-dessus des PHEC.", "etudeGeotechniqueG2": false, "etagePresent": "Non", "etageSource": "connu (BD TOPO nombre_d_etages)", "typologie": "Maison individuelle", "typologieSource": "BD TOPO", "zoneRefuge": "Conditionnelle : si le plancher ne peut pas être calé au-dessus des PHEC (impossibilité fonctionnelle dûment justifiée), un niveau refuge adapté est exigé (20 m² minimum, hauteur 1,80 m minimum).", "refugeCategorie": "Conditionnelle (impossibilité fonctionnelle à justifier)", "diagnostic": "Étude de vulnérabilité obligatoire sous 1 an pour les établissements sensibles (aléa faible à moyen : pas de délai de mise en œuvre chiffré).", "eligibiliteFprnm": "Éligible - habitation : FPRNM à 80% des travaux prescrits, sous réserve d'un bien existant avant le 18/04/2016.", "nbLogements": 1, "hauteurM": 3.2, "altitudeSolLidarHdM": 146.51, "coteReferencePheM": 146.48, "distanceIsocoteM": 5.0, "hauteurEauEstimeeM": 0.0, "hauteurEauNote": "Estimation : cote de référence PHE (146.48 m NGF, TIN isocotes (interpolation linéaire entre lignes de cote)) moins altitude sol LIDAR HD (146.51 m NGF). Terrain surélevé localement par rapport à la cote de référence PHE interpolée à cet endroit : pas de submersion attendue pour cette crue de référence.", "coteReferenceMethode": "TIN isocotes (interpolation linéaire entre lignes de cote)"}}, {"type": "Feature", "geometry": {"coordinates": [[[1.524569, 43.581217], [1.524566, 43.581199], [1.524487, 43.581206], [1.52449, 43.581224], [1.524569, 43.581217]]], "type": "Polygon"}, "properties": {"id": "BATIMENT0000000347709151", "zoneCode": "Bi", "zoneLabel": "Bleue inondation", "zoneColor": "#4FA8E0", "concerne": true, "regime": "Constructions nouvelles : Autorisées sous prescriptions (plancher au-dessus des PHEC, sens d'écoulement ou transparence hydraulique, matériaux peu vulnérables), hors établissements sensibles. Constructions existantes : Extensions autorisées selon usage (habitation, annexes, hébergement +plan de secours, ERP/activités, agricole), plancher au-dessus des PHEC.", "etudeGeotechniqueG2": false, "etagePresent": "Non", "etageSource": "estimé par la hauteur (2.2 m), fiabilité modérée", "typologie": "Typologie indéterminée (donnée absente)", "zoneRefuge": "Conditionnelle : si le plancher ne peut pas être calé au-dessus des PHEC (impossibilité fonctionnelle dûment justifiée), un niveau refuge adapté est exigé (20 m² minimum, hauteur 1,80 m minimum).", "refugeCategorie": "Conditionnelle (impossibilité fonctionnelle à justifier)", "diagnostic": "Étude de vulnérabilité obligatoire sous 1 an pour les établissements sensibles (aléa faible à moyen : pas de délai de mise en œuvre chiffré).", "eligibiliteFprnm": "Non déterminé - typologie non qualifiée en l'état.", "hauteurM": 2.2, "altitudeSolLidarHdM": 146.47, "coteReferencePheM": 146.47, "distanceIsocoteM": 10.0, "hauteurEauEstimeeM": 0.0, "hauteurEauNote": "Estimation : cote de référence PHE (146.47 m NGF, TIN isocotes (interpolation linéaire entre lignes de cote)) moins altitude sol LIDAR HD (146.47 m NGF). Terrain au niveau ou au-dessus de la cote de référence : pas de submersion attendue pour cette crue de référence.", "coteReferenceMethode": "TIN isocotes (interpolation linéaire entre lignes de cote)"}}, {"type": "Feature", "geometry": {"coordinates": [[[1.524623, 43.58129], [1.524663, 43.581286], [1.524651, 43.581214], [1.52461, 43.581218], [1.524623, 43.58129]]], "type": "Polygon"}, "properties": {"id": "BATIMENT0000000347709152", "zoneCode": "Bi", "zoneLabel": "Bleue inondation", "zoneColor": "#4FA8E0", "concerne": true, "regime": "Constructions nouvelles : Autorisées sous prescriptions (plancher au-dessus des PHEC, sens d'écoulement ou transparence hydraulique, matériaux peu vulnérables), hors établissements sensibles. Constructions existantes : Extensions autorisées selon usage (habitation, annexes, hébergement +plan de secours, ERP/activités, agricole), plancher au-dessus des PHEC.", "etudeGeotechniqueG2": false, "etagePresent": "Non", "etageSource": "estimé par la hauteur (2.6 m), fiabilité modérée", "typologie": "Typologie indéterminée (donnée absente)", "zoneRefuge": "Conditionnelle : si le plancher ne peut pas être calé au-dessus des PHEC (impossibilité fonctionnelle dûment justifiée), un niveau refuge adapté est exigé (20 m² minimum, hauteur 1,80 m minimum).", "refugeCategorie": "Conditionnelle (impossibilité fonctionnelle à justifier)", "diagnostic": "Étude de vulnérabilité obligatoire sous 1 an pour les établissements sensibles (aléa faible à moyen : pas de délai de mise en œuvre chiffré).", "eligibiliteFprnm": "Non déterminé - typologie non qualifiée en l'état.", "hauteurM": 2.6, "altitudeSolLidarHdM": 146.07, "coteReferencePheM": 146.47, "distanceIsocoteM": 9.0, "hauteurEauEstimeeM": 0.4, "hauteurEauNote": "Estimation : cote de référence PHE (146.47 m NGF, TIN isocotes (interpolation linéaire entre lignes de cote)) moins altitude sol LIDAR HD (146.07 m NGF).", "coteReferenceMethode": "TIN isocotes (interpolation linéaire entre lignes de cote)"}}, {"type": "Feature", "geometry": {"coordinates": [[[1.526013, 43.581134], [1.526064, 43.581139], [1.526061, 43.581172], [1.526008, 43.581167], [1.526013, 43.581134]]], "type": "Polygon"}, "properties": {"id": "BATIMENT0000000347709153", "zoneCode": "Bi", "zoneLabel": "Bleue inondation", "zoneColor": "#4FA8E0", "concerne": true, "regime": "Constructions nouvelles : Autorisées sous prescriptions (plancher au-dessus des PHEC, sens d'écoulement ou transparence hydraulique, matériaux peu vulnérables), hors établissements sensibles. Constructions existantes : Extensions autorisées selon usage (habitation, annexes, hébergement +plan de secours, ERP/activités, agricole), plancher au-dessus des PHEC.", "etudeGeotechniqueG2": false, "etagePresent": "Non", "etageSource": "estimé par la hauteur (2.2 m), fiabilité modérée", "typologie": "Typologie indéterminée (donnée absente)", "zoneRefuge": "Conditionnelle : si le plancher ne peut pas être calé au-dessus des PHEC (impossibilité fonctionnelle dûment justifiée), un niveau refuge adapté est exigé (20 m² minimum, hauteur 1,80 m minimum).", "refugeCategorie": "Conditionnelle (impossibilité fonctionnelle à justifier)", "diagnostic": "Étude de vulnérabilité obligatoire sous 1 an pour les établissements sensibles (aléa faible à moyen : pas de délai de mise en œuvre chiffré).", "eligibiliteFprnm": "Non déterminé - typologie non qualifiée en l'état.", "hauteurM": 2.2, "altitudeSolLidarHdM": 146.13, "coteReferencePheM": 146.5, "distanceIsocoteM": 78.0, "hauteurEauEstimeeM": 0.37, "hauteurEauNote": "Estimation : cote de référence PHE (146.50 m NGF, TIN isocotes (interpolation linéaire entre lignes de cote)) moins altitude sol LIDAR HD (146.13 m NGF).", "coteReferenceMethode": "TIN isocotes (interpolation linéaire entre lignes de cote)"}}, {"type": "Feature", "geometry": {"coordinates": [[[1.526008, 43.581167], [1.526016, 43.581109], [1.525898, 43.581099], [1.525873, 43.581251], [1.525926, 43.581255], [1.525928, 43.581231], [1.526052, 43.58124], [1.526061, 43.581172], [1.526008, 43.581167]]], "type": "Polygon"}, "properties": {"id": "BATIMENT0000000347709154", "zoneCode": "Bi", "zoneLabel": "Bleue inondation", "zoneColor": "#4FA8E0", "concerne": true, "regime": "Constructions nouvelles : Autorisées sous prescriptions (plancher au-dessus des PHEC, sens d'écoulement ou transparence hydraulique, matériaux peu vulnérables), hors établissements sensibles. Constructions existantes : Extensions autorisées selon usage (habitation, annexes, hébergement +plan de secours, ERP/activités, agricole), plancher au-dessus des PHEC.", "etudeGeotechniqueG2": false, "etagePresent": "Oui", "etageSource": "connu (BD TOPO nombre_d_etages)", "typologie": "Maison individuelle", "typologieSource": "BD TOPO", "zoneRefuge": "Conditionnelle : si le plancher ne peut pas être calé au-dessus des PHEC (impossibilité fonctionnelle dûment justifiée), un niveau refuge adapté est exigé (20 m² minimum, hauteur 1,80 m minimum).", "refugeCategorie": "Conditionnelle (impossibilité fonctionnelle à justifier)", "diagnostic": "Étude de vulnérabilité obligatoire sous 1 an pour les établissements sensibles (aléa faible à moyen : pas de délai de mise en œuvre chiffré).", "eligibiliteFprnm": "Éligible - habitation : FPRNM à 80% des travaux prescrits, sous réserve d'un bien existant avant le 18/04/2016.", "nbLogements": 1, "hauteurM": 4.5, "altitudeSolLidarHdM": 146.08, "coteReferencePheM": 146.5, "distanceIsocoteM": 73.0, "hauteurEauEstimeeM": 0.42, "hauteurEauNote": "Estimation : cote de référence PHE (146.50 m NGF, TIN isocotes (interpolation linéaire entre lignes de cote)) moins altitude sol LIDAR HD (146.08 m NGF).", "coteReferenceMethode": "TIN isocotes (interpolation linéaire entre lignes de cote)"}}, {"type": "Feature", "geometry": {"coordinates": [[[1.525348, 43.58113], [1.525352, 43.581161], [1.525389, 43.58116], [1.525398, 43.581215], [1.525315, 43.581222], [1.525322, 43.581273], [1.525226, 43.581281], [1.525211, 43.581167], [1.525249, 43.581163], [1.52525, 43.581139], [1.525348, 43.58113]]], "type": "Polygon"}, "properties": {"id": "BATIMENT0000000347709159", "zoneCode": "Bi", "zoneLabel": "Bleue inondation", "zoneColor": "#4FA8E0", "concerne": true, "regime": "Constructions nouvelles : Autorisées sous prescriptions (plancher au-dessus des PHEC, sens d'écoulement ou transparence hydraulique, matériaux peu vulnérables), hors établissements sensibles. Constructions existantes : Extensions autorisées selon usage (habitation, annexes, hébergement +plan de secours, ERP/activités, agricole), plancher au-dessus des PHEC.", "etudeGeotechniqueG2": false, "etagePresent": "Oui", "etageSource": "connu (BD TOPO nombre_d_etages)", "typologie": "Maison individuelle", "typologieSource": "BD TOPO", "zoneRefuge": "Conditionnelle : si le plancher ne peut pas être calé au-dessus des PHEC (impossibilité fonctionnelle dûment justifiée), un niveau refuge adapté est exigé (20 m² minimum, hauteur 1,80 m minimum).", "refugeCategorie": "Conditionnelle (impossibilité fonctionnelle à justifier)", "diagnostic": "Étude de vulnérabilité obligatoire sous 1 an pour les établissements sensibles (aléa faible à moyen : pas de délai de mise en œuvre chiffré).", "eligibiliteFprnm": "Éligible - habitation : FPRNM à 80% des travaux prescrits, sous réserve d'un bien existant avant le 18/04/2016.", "nbLogements": 1, "hauteurM": 3.4, "altitudeSolLidarHdM": 146.33, "coteReferencePheM": 146.5, "distanceIsocoteM": 41.0, "hauteurEauEstimeeM": 0.17, "hauteurEauNote": "Estimation : cote de référence PHE (146.50 m NGF, TIN isocotes (interpolation linéaire entre lignes de cote)) moins altitude sol LIDAR HD (146.33 m NGF).", "coteReferenceMethode": "TIN isocotes (interpolation linéaire entre lignes de cote)"}}, {"type": "Feature", "geometry": {"coordinates": [[[1.52485, 43.581156], [1.524856, 43.581186], [1.524812, 43.58119], [1.524805, 43.581161], [1.52485, 43.581156]]], "type": "Polygon"}, "properties": {"id": "BATIMENT0000000347709162", "zoneCode": "Bi", "zoneLabel": "Bleue inondation", "zoneColor": "#4FA8E0", "concerne": true, "regime": "Constructions nouvelles : Autorisées sous prescriptions (plancher au-dessus des PHEC, sens d'écoulement ou transparence hydraulique, matériaux peu vulnérables), hors établissements sensibles. Constructions existantes : Extensions autorisées selon usage (habitation, annexes, hébergement +plan de secours, ERP/activités, agricole), plancher au-dessus des PHEC.", "etudeGeotechniqueG2": false, "etagePresent": "Non", "etageSource": "estimé par la hauteur (4.0 m), fiabilité modérée", "typologie": "Typologie indéterminée (donnée absente)", "zoneRefuge": "Conditionnelle : si le plancher ne peut pas être calé au-dessus des PHEC (impossibilité fonctionnelle dûment justifiée), un niveau refuge adapté est exigé (20 m² minimum, hauteur 1,80 m minimum).", "refugeCategorie": "Conditionnelle (impossibilité fonctionnelle à justifier)", "diagnostic": "Étude de vulnérabilité obligatoire sous 1 an pour les établissements sensibles (aléa faible à moyen : pas de délai de mise en œuvre chiffré).", "eligibiliteFprnm": "Non déterminé - typologie non qualifiée en l'état.", "hauteurM": 4.0, "altitudeSolLidarHdM": 146.64, "coteReferencePheM": 146.48, "distanceIsocoteM": 24.0, "hauteurEauEstimeeM": 0.0, "hauteurEauNote": "Estimation : cote de référence PHE (146.48 m NGF, TIN isocotes (interpolation linéaire entre lignes de cote)) moins altitude sol LIDAR HD (146.64 m NGF). Terrain surélevé localement par rapport à la cote de référence PHE interpolée à cet endroit : pas de submersion attendue pour cette crue de référence.", "coteReferenceMethode": "TIN isocotes (interpolation linéaire entre lignes de cote)"}}, {"type": "Feature", "geometry": {"coordinates": [[[1.524808, 43.581174], [1.524812, 43.58119], [1.524856, 43.581186], [1.524872, 43.581261], [1.524813, 43.581264], [1.524811, 43.581252], [1.524775, 43.581254], [1.524777, 43.581271], [1.524705, 43.581275], [1.524688, 43.581186], [1.524808, 43.581174]]], "type": "Polygon"}, "properties": {"id": "BATIMENT0000000347709163", "zoneCode": "Bi", "zoneLabel": "Bleue inondation", "zoneColor": "#4FA8E0", "concerne": true, "regime": "Constructions nouvelles : Autorisées sous prescriptions (plancher au-dessus des PHEC, sens d'écoulement ou transparence hydraulique, matériaux peu vulnérables), hors établissements sensibles. Constructions existantes : Extensions autorisées selon usage (habitation, annexes, hébergement +plan de secours, ERP/activités, agricole), plancher au-dessus des PHEC.", "etudeGeotechniqueG2": false, "etagePresent": "Oui", "etageSource": "connu (BD TOPO nombre_d_etages)", "typologie": "Maison individuelle", "typologieSource": "BD TOPO", "zoneRefuge": "Conditionnelle : si le plancher ne peut pas être calé au-dessus des PHEC (impossibilité fonctionnelle dûment justifiée), un niveau refuge adapté est exigé (20 m² minimum, hauteur 1,80 m minimum).", "refugeCategorie": "Conditionnelle (impossibilité fonctionnelle à justifier)", "diagnostic": "Étude de vulnérabilité obligatoire sous 1 an pour les établissements sensibles (aléa faible à moyen : pas de délai de mise en œuvre chiffré).", "eligibiliteFprnm": "Éligible - habitation : FPRNM à 80% des travaux prescrits, sous réserve d'un bien existant avant le 18/04/2016.", "nbLogements": 1, "hauteurM": 4.6, "altitudeSolLidarHdM": 146.21, "coteReferencePheM": 146.48, "distanceIsocoteM": 17.0, "hauteurEauEstimeeM": 0.27, "hauteurEauNote": "Estimation : cote de référence PHE (146.48 m NGF, TIN isocotes (interpolation linéaire entre lignes de cote)) moins altitude sol LIDAR HD (146.21 m NGF).", "coteReferenceMethode": "TIN isocotes (interpolation linéaire entre lignes de cote)"}}, {"type": "Feature", "geometry": {"coordinates": [[[1.52478, 43.581293], [1.524775, 43.581254], [1.524811, 43.581252], [1.524813, 43.581264], [1.524872, 43.581261], [1.524877, 43.581285], [1.52478, 43.581293]]], "type": "Polygon"}, "properties": {"id": "BATIMENT0000000347709164", "zoneCode": "Bi", "zoneLabel": "Bleue inondation", "zoneColor": "#4FA8E0", "concerne": true, "regime": "Constructions nouvelles : Autorisées sous prescriptions (plancher au-dessus des PHEC, sens d'écoulement ou transparence hydraulique, matériaux peu vulnérables), hors établissements sensibles. Constructions existantes : Extensions autorisées selon usage (habitation, annexes, hébergement +plan de secours, ERP/activités, agricole), plancher au-dessus des PHEC.", "etudeGeotechniqueG2": false, "etagePresent": "Non", "etageSource": "estimé par la hauteur (4.7 m), fiabilité modérée", "typologie": "Typologie indéterminée (donnée absente)", "zoneRefuge": "Conditionnelle : si le plancher ne peut pas être calé au-dessus des PHEC (impossibilité fonctionnelle dûment justifiée), un niveau refuge adapté est exigé (20 m² minimum, hauteur 1,80 m minimum).", "refugeCategorie": "Conditionnelle (impossibilité fonctionnelle à justifier)", "diagnostic": "Étude de vulnérabilité obligatoire sous 1 an pour les établissements sensibles (aléa faible à moyen : pas de délai de mise en œuvre chiffré).", "eligibiliteFprnm": "Non déterminé - typologie non qualifiée en l'état.", "hauteurM": 4.7, "altitudeSolLidarHdM": 146.78, "coteReferencePheM": 146.5, "distanceIsocoteM": 14.0, "hauteurEauEstimeeM": 0.0, "hauteurEauNote": "Estimation : cote de référence PHE (146.50 m NGF, TIN isocotes (interpolation linéaire entre lignes de cote)) moins altitude sol LIDAR HD (146.78 m NGF). Terrain surélevé localement par rapport à la cote de référence PHE interpolée à cet endroit : pas de submersion attendue pour cette crue de référence.", "coteReferenceMethode": "TIN isocotes (interpolation linéaire entre lignes de cote)"}}, {"type": "Feature", "geometry": {"coordinates": [[[1.524954, 43.581205], [1.524968, 43.581287], [1.525157, 43.581269], [1.525142, 43.581189], [1.524954, 43.581205]]], "type": "Polygon"}, "properties": {"id": "BATIMENT0000000347709165", "zoneCode": "Bi", "zoneLabel": "Bleue inondation", "zoneColor": "#4FA8E0", "concerne": true, "regime": "Constructions nouvelles : Autorisées sous prescriptions (plancher au-dessus des PHEC, sens d'écoulement ou transparence hydraulique, matériaux peu vulnérables), hors établissements sensibles. Constructions existantes : Extensions autorisées selon usage (habitation, annexes, hébergement +plan de secours, ERP/activités, agricole), plancher au-dessus des PHEC.", "etudeGeotechniqueG2": false, "etagePresent": "Oui", "etageSource": "connu (BD TOPO nombre_d_etages)", "typologie": "Maison individuelle", "typologieSource": "BD TOPO", "zoneRefuge": "Conditionnelle : si le plancher ne peut pas être calé au-dessus des PHEC (impossibilité fonctionnelle dûment justifiée), un niveau refuge adapté est exigé (20 m² minimum, hauteur 1,80 m minimum).", "refugeCategorie": "Conditionnelle (impossibilité fonctionnelle à justifier)", "diagnostic": "Étude de vulnérabilité obligatoire sous 1 an pour les établissements sensibles (aléa faible à moyen : pas de délai de mise en œuvre chiffré).", "eligibiliteFprnm": "Éligible - habitation : FPRNM à 80% des travaux prescrits, sous réserve d'un bien existant avant le 18/04/2016.", "nbLogements": 1, "hauteurM": 5.4, "altitudeSolLidarHdM": 146.34, "coteReferencePheM": 146.5, "distanceIsocoteM": 28.0, "hauteurEauEstimeeM": 0.16, "hauteurEauNote": "Estimation : cote de référence PHE (146.50 m NGF, TIN isocotes (interpolation linéaire entre lignes de cote)) moins altitude sol LIDAR HD (146.34 m NGF).", "coteReferenceMethode": "TIN isocotes (interpolation linéaire entre lignes de cote)"}}, {"type": "Feature", "geometry": {"coordinates": [[[1.525034, 43.581163], [1.525039, 43.581198], [1.524954, 43.581205], [1.524948, 43.581172], [1.525034, 43.581163]]], "type": "Polygon"}, "properties": {"id": "BATIMENT0000000347709166", "zoneCode": "Bi", "zoneLabel": "Bleue inondation", "zoneColor": "#4FA8E0", "concerne": true, "regime": "Constructions nouvelles : Autorisées sous prescriptions (plancher au-dessus des PHEC, sens d'écoulement ou transparence hydraulique, matériaux peu vulnérables), hors établissements sensibles. Constructions existantes : Extensions autorisées selon usage (habitation, annexes, hébergement +plan de secours, ERP/activités, agricole), plancher au-dessus des PHEC.", "etudeGeotechniqueG2": false, "etagePresent": "Non", "etageSource": "estimé par la hauteur (2.9 m), fiabilité modérée", "typologie": "Typologie indéterminée (donnée absente)", "zoneRefuge": "Conditionnelle : si le plancher ne peut pas être calé au-dessus des PHEC (impossibilité fonctionnelle dûment justifiée), un niveau refuge adapté est exigé (20 m² minimum, hauteur 1,80 m minimum).", "refugeCategorie": "Conditionnelle (impossibilité fonctionnelle à justifier)", "diagnostic": "Étude de vulnérabilité obligatoire sous 1 an pour les établissements sensibles (aléa faible à moyen : pas de délai de mise en œuvre chiffré).", "eligibiliteFprnm": "Non déterminé - typologie non qualifiée en l'état.", "hauteurM": 2.9, "altitudeSolLidarHdM": 146.36, "coteReferencePheM": 146.5, "distanceIsocoteM": 30.0, "hauteurEauEstimeeM": 0.14, "hauteurEauNote": "Estimation : cote de référence PHE (146.50 m NGF, TIN isocotes (interpolation linéaire entre lignes de cote)) moins altitude sol LIDAR HD (146.36 m NGF).", "coteReferenceMethode": "TIN isocotes (interpolation linéaire entre lignes de cote)"}}, {"type": "Feature", "geometry": {"coordinates": [[[1.524076, 43.581281], [1.524123, 43.581196], [1.524208, 43.58122], [1.524342, 43.581207], [1.524361, 43.581298], [1.524198, 43.581313], [1.524076, 43.581281]]], "type": "Polygon"}, "properties": {"id": "BATIMENT0000000347709167", "zoneCode": "Bi", "zoneLabel": "Bleue inondation", "zoneColor": "#4FA8E0", "concerne": true, "regime": "Constructions nouvelles : Autorisées sous prescriptions (plancher au-dessus des PHEC, sens d'écoulement ou transparence hydraulique, matériaux peu vulnérables), hors établissements sensibles. Constructions existantes : Extensions autorisées selon usage (habitation, annexes, hébergement +plan de secours, ERP/activités, agricole), plancher au-dessus des PHEC.", "etudeGeotechniqueG2": false, "etagePresent": "Non", "etageSource": "connu (BD TOPO nombre_d_etages)", "typologie": "Maison individuelle", "typologieSource": "BD TOPO", "zoneRefuge": "Conditionnelle : si le plancher ne peut pas être calé au-dessus des PHEC (impossibilité fonctionnelle dûment justifiée), un niveau refuge adapté est exigé (20 m² minimum, hauteur 1,80 m minimum).", "refugeCategorie": "Conditionnelle (impossibilité fonctionnelle à justifier)", "diagnostic": "Étude de vulnérabilité obligatoire sous 1 an pour les établissements sensibles (aléa faible à moyen : pas de délai de mise en œuvre chiffré).", "eligibiliteFprnm": "Éligible - habitation : FPRNM à 80% des travaux prescrits, sous réserve d'un bien existant avant le 18/04/2016.", "nbLogements": 1, "hauteurM": 3.8, "altitudeSolLidarHdM": 146.73, "coteReferencePheM": 146.45, "distanceIsocoteM": 6.0, "hauteurEauEstimeeM": 0.0, "hauteurEauNote": "Estimation : cote de référence PHE (146.45 m NGF, TIN isocotes (interpolation linéaire entre lignes de cote)) moins altitude sol LIDAR HD (146.73 m NGF). Terrain surélevé localement par rapport à la cote de référence PHE interpolée à cet endroit : pas de submersion attendue pour cette crue de référence.", "coteReferenceMethode": "TIN isocotes (interpolation linéaire entre lignes de cote)"}}, {"type": "Feature", "geometry": {"coordinates": [[[1.526255, 43.581173], [1.526321, 43.58118], [1.526314, 43.581202], [1.526252, 43.581196], [1.526255, 43.581173]]], "type": "Polygon"}, "properties": {"id": "BATIMENT0000000347709168", "zoneCode": "Bi", "zoneLabel": "Bleue inondation", "zoneColor": "#4FA8E0", "concerne": true, "regime": "Constructions nouvelles : Autorisées sous prescriptions (plancher au-dessus des PHEC, sens d'écoulement ou transparence hydraulique, matériaux peu vulnérables), hors établissements sensibles. Constructions existantes : Extensions autorisées selon usage (habitation, annexes, hébergement +plan de secours, ERP/activités, agricole), plancher au-dessus des PHEC.", "etudeGeotechniqueG2": false, "etagePresent": "Inconnu", "etageSource": "aucune donnée disponible", "typologie": "Typologie indéterminée (donnée absente)", "zoneRefuge": "Conditionnelle : si le plancher ne peut pas être calé au-dessus des PHEC (impossibilité fonctionnelle dûment justifiée), un niveau refuge adapté est exigé (20 m² minimum, hauteur 1,80 m minimum).", "refugeCategorie": "Conditionnelle (impossibilité fonctionnelle à justifier)", "diagnostic": "Étude de vulnérabilité obligatoire sous 1 an pour les établissements sensibles (aléa faible à moyen : pas de délai de mise en œuvre chiffré).", "eligibiliteFprnm": "Non déterminé - typologie non qualifiée en l'état.", "altitudeSolLidarHdM": 146.31, "coteReferencePheM": 146.5, "distanceIsocoteM": 86.0, "hauteurEauEstimeeM": 0.19, "hauteurEauNote": "Estimation : cote de référence PHE (146.50 m NGF, TIN isocotes (interpolation linéaire entre lignes de cote)) moins altitude sol LIDAR HD (146.31 m NGF).", "coteReferenceMethode": "TIN isocotes (interpolation linéaire entre lignes de cote)"}}, {"type": "Feature", "geometry": {"coordinates": [[[1.526169, 43.581268], [1.526373, 43.581288], [1.526389, 43.581187], [1.526321, 43.58118], [1.526314, 43.581202], [1.526252, 43.581196], [1.526255, 43.581173], [1.526228, 43.58117], [1.526223, 43.581193], [1.526181, 43.581189], [1.526169, 43.581268]]], "type": "Polygon"}, "properties": {"id": "BATIMENT0000000347709169", "zoneCode": "Bi", "zoneLabel": "Bleue inondation", "zoneColor": "#4FA8E0", "concerne": true, "regime": "Constructions nouvelles : Autorisées sous prescriptions (plancher au-dessus des PHEC, sens d'écoulement ou transparence hydraulique, matériaux peu vulnérables), hors établissements sensibles. Constructions existantes : Extensions autorisées selon usage (habitation, annexes, hébergement +plan de secours, ERP/activités, agricole), plancher au-dessus des PHEC.", "etudeGeotechniqueG2": false, "etagePresent": "Oui", "etageSource": "connu (BD TOPO nombre_d_etages)", "typologie": "Maison individuelle", "typologieSource": "BD TOPO", "zoneRefuge": "Conditionnelle : si le plancher ne peut pas être calé au-dessus des PHEC (impossibilité fonctionnelle dûment justifiée), un niveau refuge adapté est exigé (20 m² minimum, hauteur 1,80 m minimum).", "refugeCategorie": "Conditionnelle (impossibilité fonctionnelle à justifier)", "diagnostic": "Étude de vulnérabilité obligatoire sous 1 an pour les établissements sensibles (aléa faible à moyen : pas de délai de mise en œuvre chiffré).", "eligibiliteFprnm": "Éligible - habitation : FPRNM à 80% des travaux prescrits, sous réserve d'un bien existant avant le 18/04/2016.", "nbLogements": 1, "hauteurM": 3.6, "altitudeSolLidarHdM": 146.38, "coteReferencePheM": 146.5, "distanceIsocoteM": 81.0, "hauteurEauEstimeeM": 0.12, "hauteurEauNote": "Estimation : cote de référence PHE (146.50 m NGF, TIN isocotes (interpolation linéaire entre lignes de cote)) moins altitude sol LIDAR HD (146.38 m NGF).", "coteReferenceMethode": "TIN isocotes (interpolation linéaire entre lignes de cote)"}}, {"type": "Feature", "geometry": {"coordinates": [[[1.523705, 43.580802], [1.523703, 43.580819], [1.523667, 43.58082], [1.523665, 43.580804], [1.523705, 43.580802]]], "type": "Polygon"}, "properties": {"id": "BATIMENT0000000347709170", "zoneCode": "Bi", "zoneLabel": "Bleue inondation", "zoneColor": "#4FA8E0", "concerne": true, "regime": "Constructions nouvelles : Autorisées sous prescriptions (plancher au-dessus des PHEC, sens d'écoulement ou transparence hydraulique, matériaux peu vulnérables), hors établissements sensibles. Constructions existantes : Extensions autorisées selon usage (habitation, annexes, hébergement +plan de secours, ERP/activités, agricole), plancher au-dessus des PHEC.", "etudeGeotechniqueG2": false, "etagePresent": "Oui", "etageSource": "connu (BDNB Fichiers Fonciers nb_niveau=2)", "typologie": "Maison individuelle", "typologieSource": "BDNB (Fichiers Fonciers, millésime 2026-02.a)", "zoneRefuge": "Conditionnelle : si le plancher ne peut pas être calé au-dessus des PHEC (impossibilité fonctionnelle dûment justifiée), un niveau refuge adapté est exigé (20 m² minimum, hauteur 1,80 m minimum).", "refugeCategorie": "Conditionnelle (impossibilité fonctionnelle à justifier)", "diagnostic": "Étude de vulnérabilité obligatoire sous 1 an pour les établissements sensibles (aléa faible à moyen : pas de délai de mise en œuvre chiffré).", "eligibiliteFprnm": "Éligible - habitation : FPRNM à 80% des travaux prescrits, sous réserve d'un bien existant avant le 18/04/2016.", "nbLogements": 1, "hauteurM": 5.3, "altitudeSolLidarHdM": 146.52, "coteReferencePheM": 146.27, "distanceIsocoteM": 8.0, "hauteurEauEstimeeM": 0.0, "hauteurEauNote": "Estimation : cote de référence PHE (146.27 m NGF, TIN isocotes (interpolation linéaire entre lignes de cote)) moins altitude sol LIDAR HD (146.52 m NGF). Terrain surélevé localement par rapport à la cote de référence PHE interpolée à cet endroit : pas de submersion attendue pour cette crue de référence.", "coteReferenceMethode": "TIN isocotes (interpolation linéaire entre lignes de cote)"}}, {"type": "Feature", "geometry": {"coordinates": [[[1.523624, 43.580821], [1.523615, 43.580735], [1.52373, 43.580728], [1.523733, 43.580802], [1.523665, 43.580804], [1.523667, 43.58082], [1.523624, 43.580821]]], "type": "Polygon"}, "properties": {"id": "BATIMENT0000000347709171", "zoneCode": "Bi", "zoneLabel": "Bleue inondation", "zoneColor": "#4FA8E0", "concerne": true, "regime": "Constructions nouvelles : Autorisées sous prescriptions (plancher au-dessus des PHEC, sens d'écoulement ou transparence hydraulique, matériaux peu vulnérables), hors établissements sensibles. Constructions existantes : Extensions autorisées selon usage (habitation, annexes, hébergement +plan de secours, ERP/activités, agricole), plancher au-dessus des PHEC.", "etudeGeotechniqueG2": false, "etagePresent": "Oui", "etageSource": "connu (BD TOPO nombre_d_etages)", "typologie": "Maison individuelle", "typologieSource": "BD TOPO", "zoneRefuge": "Conditionnelle : si le plancher ne peut pas être calé au-dessus des PHEC (impossibilité fonctionnelle dûment justifiée), un niveau refuge adapté est exigé (20 m² minimum, hauteur 1,80 m minimum).", "refugeCategorie": "Conditionnelle (impossibilité fonctionnelle à justifier)", "diagnostic": "Étude de vulnérabilité obligatoire sous 1 an pour les établissements sensibles (aléa faible à moyen : pas de délai de mise en œuvre chiffré).", "eligibiliteFprnm": "Éligible - habitation : FPRNM à 80% des travaux prescrits, sous réserve d'un bien existant avant le 18/04/2016.", "nbLogements": 1, "hauteurM": 5.4, "altitudeSolLidarHdM": 146.6, "coteReferencePheM": 146.28, "distanceIsocoteM": 9.0, "hauteurEauEstimeeM": 0.0, "hauteurEauNote": "Estimation : cote de référence PHE (146.28 m NGF, TIN isocotes (interpolation linéaire entre lignes de cote)) moins altitude sol LIDAR HD (146.60 m NGF). Terrain surélevé localement par rapport à la cote de référence PHE interpolée à cet endroit : pas de submersion attendue pour cette crue de référence.", "coteReferenceMethode": "TIN isocotes (interpolation linéaire entre lignes de cote)"}}, {"type": "Feature", "geometry": {"coordinates": [[[1.523615, 43.580735], [1.523624, 43.580821], [1.523581, 43.580824], [1.523581, 43.580809], [1.523503, 43.580811], [1.523497, 43.580741], [1.523615, 43.580735]]], "type": "Polygon"}, "properties": {"id": "BATIMENT0000000347709172", "zoneCode": "Bi", "zoneLabel": "Bleue inondation", "zoneColor": "#4FA8E0", "concerne": true, "regime": "Constructions nouvelles : Autorisées sous prescriptions (plancher au-dessus des PHEC, sens d'écoulement ou transparence hydraulique, matériaux peu vulnérables), hors établissements sensibles. Constructions existantes : Extensions autorisées selon usage (habitation, annexes, hébergement +plan de secours, ERP/activités, agricole), plancher au-dessus des PHEC.", "etudeGeotechniqueG2": false, "etagePresent": "Oui", "etageSource": "connu (BD TOPO nombre_d_etages)", "typologie": "Maison individuelle", "typologieSource": "BD TOPO", "zoneRefuge": "Conditionnelle : si le plancher ne peut pas être calé au-dessus des PHEC (impossibilité fonctionnelle dûment justifiée), un niveau refuge adapté est exigé (20 m² minimum, hauteur 1,80 m minimum).", "refugeCategorie": "Conditionnelle (impossibilité fonctionnelle à justifier)", "diagnostic": "Étude de vulnérabilité obligatoire sous 1 an pour les établissements sensibles (aléa faible à moyen : pas de délai de mise en œuvre chiffré).", "eligibiliteFprnm": "Éligible - habitation : FPRNM à 80% des travaux prescrits, sous réserve d'un bien existant avant le 18/04/2016.", "nbLogements": 1, "hauteurM": 5.7, "altitudeSolLidarHdM": 146.55, "coteReferencePheM": 146.22, "distanceIsocoteM": 18.0, "hauteurEauEstimeeM": 0.0, "hauteurEauNote": "Estimation : cote de référence PHE (146.22 m NGF, TIN isocotes (interpolation linéaire entre lignes de cote)) moins altitude sol LIDAR HD (146.55 m NGF). Terrain surélevé localement par rapport à la cote de référence PHE interpolée à cet endroit : pas de submersion attendue pour cette crue de référence.", "coteReferenceMethode": "TIN isocotes (interpolation linéaire entre lignes de cote)"}}, {"type": "Feature", "geometry": {"coordinates": [[[1.523546, 43.580811], [1.523581, 43.580809], [1.523581, 43.580824], [1.523547, 43.580824], [1.523546, 43.580811]]], "type": "Polygon"}, "properties": {"id": "BATIMENT0000000347709173", "zoneCode": "Bi", "zoneLabel": "Bleue inondation", "zoneColor": "#4FA8E0", "concerne": true, "regime": "Constructions nouvelles : Autorisées sous prescriptions (plancher au-dessus des PHEC, sens d'écoulement ou transparence hydraulique, matériaux peu vulnérables), hors établissements sensibles. Constructions existantes : Extensions autorisées selon usage (habitation, annexes, hébergement +plan de secours, ERP/activités, agricole), plancher au-dessus des PHEC.", "etudeGeotechniqueG2": false, "etagePresent": "Oui", "etageSource": "connu (BDNB Fichiers Fonciers nb_niveau=2)", "typologie": "Maison individuelle", "typologieSource": "BDNB (Fichiers Fonciers, millésime 2026-02.a)", "zoneRefuge": "Conditionnelle : si le plancher ne peut pas être calé au-dessus des PHEC (impossibilité fonctionnelle dûment justifiée), un niveau refuge adapté est exigé (20 m² minimum, hauteur 1,80 m minimum).", "refugeCategorie": "Conditionnelle (impossibilité fonctionnelle à justifier)", "diagnostic": "Étude de vulnérabilité obligatoire sous 1 an pour les établissements sensibles (aléa faible à moyen : pas de délai de mise en œuvre chiffré).", "eligibiliteFprnm": "Éligible - habitation : FPRNM à 80% des travaux prescrits, sous réserve d'un bien existant avant le 18/04/2016.", "nbLogements": 1, "hauteurM": 5.7, "altitudeSolLidarHdM": 146.47, "coteReferencePheM": 146.24, "distanceIsocoteM": 18.0, "hauteurEauEstimeeM": 0.0, "hauteurEauNote": "Estimation : cote de référence PHE (146.24 m NGF, TIN isocotes (interpolation linéaire entre lignes de cote)) moins altitude sol LIDAR HD (146.47 m NGF). Terrain surélevé localement par rapport à la cote de référence PHE interpolée à cet endroit : pas de submersion attendue pour cette crue de référence.", "coteReferenceMethode": "TIN isocotes (interpolation linéaire entre lignes de cote)"}}, {"type": "Feature", "geometry": {"coordinates": [[[1.523983, 43.582027], [1.524017, 43.581998], [1.524066, 43.58203], [1.524033, 43.582057], [1.523983, 43.582027]]], "type": "Polygon"}, "properties": {"id": "BATIMENT0000000347709198", "zoneCode": "Bi", "zoneLabel": "Bleue inondation", "zoneColor": "#4FA8E0", "concerne": true, "regime": "Constructions nouvelles : Autorisées sous prescriptions (plancher au-dessus des PHEC, sens d'écoulement ou transparence hydraulique, matériaux peu vulnérables), hors établissements sensibles. Constructions existantes : Extensions autorisées selon usage (habitation, annexes, hébergement +plan de secours, ERP/activités, agricole), plancher au-dessus des PHEC.", "etudeGeotechniqueG2": false, "etagePresent": "Non", "etageSource": "estimé par la hauteur (3.8 m), fiabilité modérée", "typologie": "Typologie indéterminée (donnée absente)", "zoneRefuge": "Conditionnelle : si le plancher ne peut pas être calé au-dessus des PHEC (impossibilité fonctionnelle dûment justifiée), un niveau refuge adapté est exigé (20 m² minimum, hauteur 1,80 m minimum).", "refugeCategorie": "Conditionnelle (impossibilité fonctionnelle à justifier)", "diagnostic": "Étude de vulnérabilité obligatoire sous 1 an pour les établissements sensibles (aléa faible à moyen : pas de délai de mise en œuvre chiffré).", "eligibiliteFprnm": "Non déterminé - typologie non qualifiée en l'état.", "hauteurM": 3.8, "altitudeSolLidarHdM": 146.78, "coteReferencePheM": 146.06, "distanceIsocoteM": 16.0, "hauteurEauEstimeeM": 0.0, "hauteurEauNote": "Estimation : cote de référence PHE (146.06 m NGF, TIN isocotes (interpolation linéaire entre lignes de cote)) moins altitude sol LIDAR HD (146.78 m NGF). Terrain surélevé localement par rapport à la cote de référence PHE interpolée à cet endroit : pas de submersion attendue pour cette crue de référence.", "coteReferenceMethode": "TIN isocotes (interpolation linéaire entre lignes de cote)"}}, {"type": "Feature", "geometry": {"coordinates": [[[1.523187, 43.581191], [1.523086, 43.581173], [1.523128, 43.581042], [1.52323, 43.581059], [1.523187, 43.581191]]], "type": "Polygon"}, "properties": {"id": "BATIMENT0000000347709176", "zoneCode": "Bi", "zoneLabel": "Bleue inondation", "zoneColor": "#4FA8E0", "concerne": true, "regime": "Constructions nouvelles : Autorisées sous prescriptions (plancher au-dessus des PHEC, sens d'écoulement ou transparence hydraulique, matériaux peu vulnérables), hors établissements sensibles. Constructions existantes : Extensions autorisées selon usage (habitation, annexes, hébergement +plan de secours, ERP/activités, agricole), plancher au-dessus des PHEC.", "etudeGeotechniqueG2": false, "etagePresent": "Oui", "etageSource": "étage retenu par prudence (hauteur 9.4 m > seuil 5.30 m)", "typologie": "Activité économique", "typologieSource": "BDNB (Fichiers Fonciers, millésime 2026-02.a)", "zoneRefuge": "Conditionnelle : si le plancher ne peut pas être calé au-dessus des PHEC (impossibilité fonctionnelle dûment justifiée), un niveau refuge adapté est exigé (20 m² minimum, hauteur 1,80 m minimum).", "refugeCategorie": "Conditionnelle (impossibilité fonctionnelle à justifier)", "diagnostic": "Étude de vulnérabilité obligatoire sous 1 an pour les établissements sensibles (aléa faible à moyen : pas de délai de mise en œuvre chiffré).", "eligibiliteFprnm": "Potentiellement éligible - activité : FPRNM à 20% des travaux prescrits si moins de 20 salariés, sous réserve d'un bien existant avant le 18/04/2016.", "nbLogements": 0, "hauteurM": 9.4, "altitudeSolLidarHdM": 145.78, "coteReferencePheM": 146.21, "distanceIsocoteM": 22.0, "hauteurEauEstimeeM": 0.43, "hauteurEauNote": "Estimation : cote de référence PHE (146.21 m NGF, TIN isocotes (interpolation linéaire entre lignes de cote)) moins altitude sol LIDAR HD (145.78 m NGF).", "coteReferenceMethode": "TIN isocotes (interpolation linéaire entre lignes de cote)"}}, {"type": "Feature", "geometry": {"coordinates": [[[1.522881, 43.580764], [1.5229, 43.580768], [1.522893, 43.580787], [1.522875, 43.580784], [1.522881, 43.580764]]], "type": "Polygon"}, "properties": {"id": "BATIMENT0000000347709177", "zoneCode": "Bi", "zoneLabel": "Bleue inondation", "zoneColor": "#4FA8E0", "concerne": true, "regime": "Constructions nouvelles : Autorisées sous prescriptions (plancher au-dessus des PHEC, sens d'écoulement ou transparence hydraulique, matériaux peu vulnérables), hors établissements sensibles. Constructions existantes : Extensions autorisées selon usage (habitation, annexes, hébergement +plan de secours, ERP/activités, agricole), plancher au-dessus des PHEC.", "etudeGeotechniqueG2": false, "etagePresent": "Oui", "etageSource": "étage retenu par prudence (hauteur 11.5 m > seuil 5.30 m)", "typologie": "Activité économique", "typologieSource": "BDNB (Fichiers Fonciers, millésime 2026-02.a)", "zoneRefuge": "Conditionnelle : si le plancher ne peut pas être calé au-dessus des PHEC (impossibilité fonctionnelle dûment justifiée), un niveau refuge adapté est exigé (20 m² minimum, hauteur 1,80 m minimum).", "refugeCategorie": "Conditionnelle (impossibilité fonctionnelle à justifier)", "diagnostic": "Étude de vulnérabilité obligatoire sous 1 an pour les établissements sensibles (aléa faible à moyen : pas de délai de mise en œuvre chiffré).", "eligibiliteFprnm": "Potentiellement éligible - activité : FPRNM à 20% des travaux prescrits si moins de 20 salariés, sous réserve d'un bien existant avant le 18/04/2016.", "nbLogements": 0, "hauteurM": 11.5, "altitudeSolLidarHdM": 145.84, "coteReferencePheM": 145.91, "distanceIsocoteM": 16.0, "hauteurEauEstimeeM": 0.07, "hauteurEauNote": "Estimation : cote de référence PHE (145.91 m NGF, TIN isocotes (interpolation linéaire entre lignes de cote)) moins altitude sol LIDAR HD (145.84 m NGF).", "coteReferenceMethode": "TIN isocotes (interpolation linéaire entre lignes de cote)"}}, {"type": "Feature", "geometry": {"coordinates": [[[1.52286, 43.581304], [1.523022, 43.581332], [1.523019, 43.581341], [1.522857, 43.581313], [1.52286, 43.581304]]], "type": "Polygon"}, "properties": {"id": "BATIMENT0000000347709178", "zoneCode": "Bi", "zoneLabel": "Bleue inondation", "zoneColor": "#4FA8E0", "concerne": true, "regime": "Constructions nouvelles : Autorisées sous prescriptions (plancher au-dessus des PHEC, sens d'écoulement ou transparence hydraulique, matériaux peu vulnérables), hors établissements sensibles. Constructions existantes : Extensions autorisées selon usage (habitation, annexes, hébergement +plan de secours, ERP/activités, agricole), plancher au-dessus des PHEC.", "etudeGeotechniqueG2": false, "etagePresent": "Oui", "etageSource": "étage retenu par prudence (hauteur 5.6 m > seuil 5.30 m)", "typologie": "Activité économique", "typologieSource": "BDNB (Fichiers Fonciers, millésime 2026-02.a)", "zoneRefuge": "Conditionnelle : si le plancher ne peut pas être calé au-dessus des PHEC (impossibilité fonctionnelle dûment justifiée), un niveau refuge adapté est exigé (20 m² minimum, hauteur 1,80 m minimum).", "refugeCategorie": "Conditionnelle (impossibilité fonctionnelle à justifier)", "diagnostic": "Étude de vulnérabilité obligatoire sous 1 an pour les établissements sensibles (aléa faible à moyen : pas de délai de mise en œuvre chiffré).", "eligibiliteFprnm": "Potentiellement éligible - activité : FPRNM à 20% des travaux prescrits si moins de 20 salariés, sous réserve d'un bien existant avant le 18/04/2016.", "nbLogements": 0, "hauteurM": 5.6, "altitudeSolLidarHdM": 145.68, "coteReferencePheM": 146.17, "distanceIsocoteM": 16.0, "hauteurEauEstimeeM": 0.49, "hauteurEauNote": "Estimation : cote de référence PHE (146.17 m NGF, TIN isocotes (interpolation linéaire entre lignes de cote)) moins altitude sol LIDAR HD (145.68 m NGF).", "coteReferenceMethode": "TIN isocotes (interpolation linéaire entre lignes de cote)"}}, {"type": "Feature", "geometry": {"coordinates": [[[1.524124, 43.581], [1.524107, 43.581013], [1.524045, 43.580965], [1.524064, 43.580953], [1.524124, 43.581]]], "type": "Polygon"}, "properties": {"id": "BATIMENT0000000347709179", "zoneCode": "Bi", "zoneLabel": "Bleue inondation", "zoneColor": "#4FA8E0", "concerne": true, "regime": "Constructions nouvelles : Autorisées sous prescriptions (plancher au-dessus des PHEC, sens d'écoulement ou transparence hydraulique, matériaux peu vulnérables), hors établissements sensibles. Constructions existantes : Extensions autorisées selon usage (habitation, annexes, hébergement +plan de secours, ERP/activités, agricole), plancher au-dessus des PHEC.", "etudeGeotechniqueG2": false, "etagePresent": "Non", "etageSource": "estimé par la hauteur (3.9 m), fiabilité modérée", "typologie": "Typologie indéterminée (donnée absente)", "zoneRefuge": "Conditionnelle : si le plancher ne peut pas être calé au-dessus des PHEC (impossibilité fonctionnelle dûment justifiée), un niveau refuge adapté est exigé (20 m² minimum, hauteur 1,80 m minimum).", "refugeCategorie": "Conditionnelle (impossibilité fonctionnelle à justifier)", "diagnostic": "Étude de vulnérabilité obligatoire sous 1 an pour les établissements sensibles (aléa faible à moyen : pas de délai de mise en œuvre chiffré).", "eligibiliteFprnm": "Non déterminé - typologie non qualifiée en l'état.", "hauteurM": 3.9, "altitudeSolLidarHdM": 146.8, "coteReferencePheM": 146.44, "distanceIsocoteM": 24.0, "hauteurEauEstimeeM": 0.0, "hauteurEauNote": "Estimation : cote de référence PHE (146.44 m NGF, TIN isocotes (interpolation linéaire entre lignes de cote)) moins altitude sol LIDAR HD (146.80 m NGF). Terrain surélevé localement par rapport à la cote de référence PHE interpolée à cet endroit : pas de submersion attendue pour cette crue de référence.", "coteReferenceMethode": "TIN isocotes (interpolation linéaire entre lignes de cote)"}}, {"type": "Feature", "geometry": {"coordinates": [[[1.524009, 43.581127], [1.523942, 43.581074], [1.524015, 43.581025], [1.523988, 43.581003], [1.524045, 43.580965], [1.52417, 43.581063], [1.524104, 43.581106], [1.524074, 43.581082], [1.524009, 43.581127]]], "type": "Polygon"}, "properties": {"id": "BATIMENT0000000347709180", "zoneCode": "Bi", "zoneLabel": "Bleue inondation", "zoneColor": "#4FA8E0", "concerne": true, "regime": "Constructions nouvelles : Autorisées sous prescriptions (plancher au-dessus des PHEC, sens d'écoulement ou transparence hydraulique, matériaux peu vulnérables), hors établissements sensibles. Constructions existantes : Extensions autorisées selon usage (habitation, annexes, hébergement +plan de secours, ERP/activités, agricole), plancher au-dessus des PHEC.", "etudeGeotechniqueG2": false, "etagePresent": "Non", "etageSource": "connu (BD TOPO nombre_d_etages)", "typologie": "Maison individuelle", "typologieSource": "BD TOPO", "zoneRefuge": "Conditionnelle : si le plancher ne peut pas être calé au-dessus des PHEC (impossibilité fonctionnelle dûment justifiée), un niveau refuge adapté est exigé (20 m² minimum, hauteur 1,80 m minimum).", "refugeCategorie": "Conditionnelle (impossibilité fonctionnelle à justifier)", "diagnostic": "Étude de vulnérabilité obligatoire sous 1 an pour les établissements sensibles (aléa faible à moyen : pas de délai de mise en œuvre chiffré).", "eligibiliteFprnm": "Éligible - habitation : FPRNM à 80% des travaux prescrits, sous réserve d'un bien existant avant le 18/04/2016.", "nbLogements": 1, "hauteurM": 3.7, "altitudeSolLidarHdM": 146.8, "coteReferencePheM": 146.46, "distanceIsocoteM": 16.0, "hauteurEauEstimeeM": 0.0, "hauteurEauNote": "Estimation : cote de référence PHE (146.46 m NGF, TIN isocotes (interpolation linéaire entre lignes de cote)) moins altitude sol LIDAR HD (146.80 m NGF). Terrain surélevé localement par rapport à la cote de référence PHE interpolée à cet endroit : pas de submersion attendue pour cette crue de référence.", "coteReferenceMethode": "TIN isocotes (interpolation linéaire entre lignes de cote)"}}, {"type": "Feature", "geometry": {"coordinates": [[[1.523895, 43.580823], [1.52399, 43.580929], [1.523861, 43.580988], [1.523806, 43.580926], [1.523865, 43.580899], [1.523827, 43.580854], [1.523895, 43.580823]]], "type": "Polygon"}, "properties": {"id": "BATIMENT0000000347709181", "zoneCode": "Bi", "zoneLabel": "Bleue inondation", "zoneColor": "#4FA8E0", "concerne": true, "regime": "Constructions nouvelles : Autorisées sous prescriptions (plancher au-dessus des PHEC, sens d'écoulement ou transparence hydraulique, matériaux peu vulnérables), hors établissements sensibles. Constructions existantes : Extensions autorisées selon usage (habitation, annexes, hébergement +plan de secours, ERP/activités, agricole), plancher au-dessus des PHEC.", "etudeGeotechniqueG2": false, "etagePresent": "Non", "etageSource": "connu (BD TOPO nombre_d_etages)", "typologie": "Maison individuelle", "typologieSource": "BD TOPO", "zoneRefuge": "Conditionnelle : si le plancher ne peut pas être calé au-dessus des PHEC (impossibilité fonctionnelle dûment justifiée), un niveau refuge adapté est exigé (20 m² minimum, hauteur 1,80 m minimum).", "refugeCategorie": "Conditionnelle (impossibilité fonctionnelle à justifier)", "diagnostic": "Étude de vulnérabilité obligatoire sous 1 an pour les établissements sensibles (aléa faible à moyen : pas de délai de mise en œuvre chiffré).", "eligibiliteFprnm": "Éligible - habitation : FPRNM à 80% des travaux prescrits, sous réserve d'un bien existant avant le 18/04/2016.", "nbLogements": 1, "hauteurM": 3.7, "altitudeSolLidarHdM": 146.71, "coteReferencePheM": 146.42, "distanceIsocoteM": 9.0, "hauteurEauEstimeeM": 0.0, "hauteurEauNote": "Estimation : cote de référence PHE (146.42 m NGF, TIN isocotes (interpolation linéaire entre lignes de cote)) moins altitude sol LIDAR HD (146.71 m NGF). Terrain surélevé localement par rapport à la cote de référence PHE interpolée à cet endroit : pas de submersion attendue pour cette crue de référence.", "coteReferenceMethode": "TIN isocotes (interpolation linéaire entre lignes de cote)"}}, {"type": "Feature", "geometry": {"coordinates": [[[1.523937, 43.580871], [1.523895, 43.580823], [1.52392, 43.580813], [1.523962, 43.580859], [1.523937, 43.580871]]], "type": "Polygon"}, "properties": {"id": "BATIMENT0000000347709182", "zoneCode": "Bi", "zoneLabel": "Bleue inondation", "zoneColor": "#4FA8E0", "concerne": true, "regime": "Constructions nouvelles : Autorisées sous prescriptions (plancher au-dessus des PHEC, sens d'écoulement ou transparence hydraulique, matériaux peu vulnérables), hors établissements sensibles. Constructions existantes : Extensions autorisées selon usage (habitation, annexes, hébergement +plan de secours, ERP/activités, agricole), plancher au-dessus des PHEC.", "etudeGeotechniqueG2": false, "etagePresent": "Non", "etageSource": "estimé par la hauteur (3.6 m), fiabilité modérée", "typologie": "Typologie indéterminée (donnée absente)", "zoneRefuge": "Conditionnelle : si le plancher ne peut pas être calé au-dessus des PHEC (impossibilité fonctionnelle dûment justifiée), un niveau refuge adapté est exigé (20 m² minimum, hauteur 1,80 m minimum).", "refugeCategorie": "Conditionnelle (impossibilité fonctionnelle à justifier)", "diagnostic": "Étude de vulnérabilité obligatoire sous 1 an pour les établissements sensibles (aléa faible à moyen : pas de délai de mise en œuvre chiffré).", "eligibiliteFprnm": "Non déterminé - typologie non qualifiée en l'état.", "hauteurM": 3.6, "altitudeSolLidarHdM": 146.71, "coteReferencePheM": 146.4, "distanceIsocoteM": 12.0, "hauteurEauEstimeeM": 0.0, "hauteurEauNote": "Estimation : cote de référence PHE (146.40 m NGF, TIN isocotes (interpolation linéaire entre lignes de cote)) moins altitude sol LIDAR HD (146.71 m NGF). Terrain surélevé localement par rapport à la cote de référence PHE interpolée à cet endroit : pas de submersion attendue pour cette crue de référence.", "coteReferenceMethode": "TIN isocotes (interpolation linéaire entre lignes de cote)"}}, {"type": "Feature", "geometry": {"coordinates": [[[1.522494, 43.580762], [1.522476, 43.580821], [1.522513, 43.580827], [1.522531, 43.580768], [1.522494, 43.580762]]], "type": "Polygon"}, "properties": {"id": "BATIMENT0000000347709186", "zoneCode": "Bi", "zoneLabel": "Bleue inondation", "zoneColor": "#4FA8E0", "concerne": true, "regime": "Constructions nouvelles : Autorisées sous prescriptions (plancher au-dessus des PHEC, sens d'écoulement ou transparence hydraulique, matériaux peu vulnérables), hors établissements sensibles. Constructions existantes : Extensions autorisées selon usage (habitation, annexes, hébergement +plan de secours, ERP/activités, agricole), plancher au-dessus des PHEC.", "etudeGeotechniqueG2": false, "etagePresent": "Non", "etageSource": "connu (BDNB Fichiers Fonciers nb_niveau=1)", "typologie": "Activité économique", "typologieSource": "BDNB (Fichiers Fonciers, millésime 2026-02.a)", "zoneRefuge": "Conditionnelle : si le plancher ne peut pas être calé au-dessus des PHEC (impossibilité fonctionnelle dûment justifiée), un niveau refuge adapté est exigé (20 m² minimum, hauteur 1,80 m minimum).", "refugeCategorie": "Conditionnelle (impossibilité fonctionnelle à justifier)", "diagnostic": "Étude de vulnérabilité obligatoire sous 1 an pour les établissements sensibles (aléa faible à moyen : pas de délai de mise en œuvre chiffré).", "eligibiliteFprnm": "Potentiellement éligible - activité : FPRNM à 20% des travaux prescrits si moins de 20 salariés, sous réserve d'un bien existant avant le 18/04/2016.", "nbLogements": 0, "hauteurM": 1.3, "altitudeSolLidarHdM": 145.55, "coteReferencePheM": 145.47, "distanceIsocoteM": 5.0, "hauteurEauEstimeeM": 0.0, "hauteurEauNote": "Estimation : cote de référence PHE (145.47 m NGF, TIN isocotes (interpolation linéaire entre lignes de cote)) moins altitude sol LIDAR HD (145.55 m NGF). Terrain surélevé localement par rapport à la cote de référence PHE interpolée à cet endroit : pas de submersion attendue pour cette crue de référence.", "coteReferenceMethode": "TIN isocotes (interpolation linéaire entre lignes de cote)"}}, {"type": "Feature", "geometry": {"coordinates": [[[1.523398, 43.580684], [1.523447, 43.580682], [1.523444, 43.580657], [1.523395, 43.580659], [1.523398, 43.580684]]], "type": "Polygon"}, "properties": {"id": "BATIMENT0000000347709187", "zoneCode": "Bi", "zoneLabel": "Bleue inondation", "zoneColor": "#4FA8E0", "concerne": true, "regime": "Constructions nouvelles : Autorisées sous prescriptions (plancher au-dessus des PHEC, sens d'écoulement ou transparence hydraulique, matériaux peu vulnérables), hors établissements sensibles. Constructions existantes : Extensions autorisées selon usage (habitation, annexes, hébergement +plan de secours, ERP/activités, agricole), plancher au-dessus des PHEC.", "etudeGeotechniqueG2": false, "etagePresent": "Non", "etageSource": "estimé par la hauteur (1.6 m), fiabilité modérée", "typologie": "Typologie indéterminée (donnée absente)", "zoneRefuge": "Conditionnelle : si le plancher ne peut pas être calé au-dessus des PHEC (impossibilité fonctionnelle dûment justifiée), un niveau refuge adapté est exigé (20 m² minimum, hauteur 1,80 m minimum).", "refugeCategorie": "Conditionnelle (impossibilité fonctionnelle à justifier)", "diagnostic": "Étude de vulnérabilité obligatoire sous 1 an pour les établissements sensibles (aléa faible à moyen : pas de délai de mise en œuvre chiffré).", "eligibiliteFprnm": "Non déterminé - typologie non qualifiée en l'état.", "hauteurM": 1.6, "altitudeSolLidarHdM": 146.37, "coteReferencePheM": 146.09, "distanceIsocoteM": 11.0, "hauteurEauEstimeeM": 0.0, "hauteurEauNote": "Estimation : cote de référence PHE (146.09 m NGF, TIN isocotes (interpolation linéaire entre lignes de cote)) moins altitude sol LIDAR HD (146.37 m NGF). Terrain surélevé localement par rapport à la cote de référence PHE interpolée à cet endroit : pas de submersion attendue pour cette crue de référence.", "coteReferenceMethode": "TIN isocotes (interpolation linéaire entre lignes de cote)"}}, {"type": "Feature", "geometry": {"coordinates": [[[1.524341, 43.581138], [1.524391, 43.581134], [1.524388, 43.581114], [1.524338, 43.581118], [1.524341, 43.581138]]], "type": "Polygon"}, "properties": {"id": "BATIMENT0000000347709188", "zoneCode": "Bi", "zoneLabel": "Bleue inondation", "zoneColor": "#4FA8E0", "concerne": true, "regime": "Constructions nouvelles : Autorisées sous prescriptions (plancher au-dessus des PHEC, sens d'écoulement ou transparence hydraulique, matériaux peu vulnérables), hors établissements sensibles. Constructions existantes : Extensions autorisées selon usage (habitation, annexes, hébergement +plan de secours, ERP/activités, agricole), plancher au-dessus des PHEC.", "etudeGeotechniqueG2": false, "etagePresent": "Non", "etageSource": "connu (BD TOPO nombre_d_etages)", "typologie": "Annexe (non habitée)", "typologieSource": "BD TOPO", "zoneRefuge": "Conditionnelle : si le plancher ne peut pas être calé au-dessus des PHEC (impossibilité fonctionnelle dûment justifiée), un niveau refuge adapté est exigé (20 m² minimum, hauteur 1,80 m minimum).", "refugeCategorie": "Conditionnelle (impossibilité fonctionnelle à justifier)", "diagnostic": "Étude de vulnérabilité obligatoire sous 1 an pour les établissements sensibles (aléa faible à moyen : pas de délai de mise en œuvre chiffré).", "eligibiliteFprnm": "Non déterminé - typologie non qualifiée en l'état.", "nbLogements": 0, "hauteurM": 1.6, "altitudeSolLidarHdM": 145.8, "coteReferencePheM": 146.46, "distanceIsocoteM": 13.0, "hauteurEauEstimeeM": 0.66, "hauteurEauNote": "Estimation : cote de référence PHE (146.46 m NGF, TIN isocotes (interpolation linéaire entre lignes de cote)) moins altitude sol LIDAR HD (145.80 m NGF).", "coteReferenceMethode": "TIN isocotes (interpolation linéaire entre lignes de cote)"}}, {"type": "Feature", "geometry": {"coordinates": [[[1.523902, 43.580656], [1.523934, 43.58069], [1.523962, 43.580676], [1.52392, 43.580631], [1.523852, 43.580635], [1.523855, 43.580658], [1.523902, 43.580656]]], "type": "Polygon"}, "properties": {"id": "BATIMENT0000000347709190", "zoneCode": "Ji", "zoneLabel": "Jaune inondation (expansion des crues)", "zoneColor": "#FBC02D", "concerne": true, "zonesIntersectees": "Bi;Ji", "regime": "Constructions nouvelles : Interdites comme en zone Rouge, sauf bâtiments agricoles nouveaux et locaux liés à l'existant ≤20 m². Constructions existantes : Mêmes prescriptions qu'en zone Rouge, avec une limite plus stricte pour l'hébergement/établissements vulnérables (+10% de capacité au lieu de +20%).", "etudeGeotechniqueG2": false, "etagePresent": "Non", "etageSource": "connu (BD TOPO nombre_d_etages)", "typologie": "Annexe (non habitée)", "typologieSource": "BD TOPO", "zoneRefuge": "Conditionnelle : si le plancher ne peut pas être calé au-dessus des PHEC (impossibilité fonctionnelle dûment justifiée), un niveau refuge adapté est exigé (20 m² minimum, hauteur 1,80 m minimum).", "refugeCategorie": "Conditionnelle (impossibilité fonctionnelle à justifier)", "diagnostic": "Étude de vulnérabilité obligatoire sous 1 an pour les établissements sensibles (aléa faible à moyen : pas de délai de mise en œuvre chiffré).", "eligibiliteFprnm": "Non déterminé - typologie non qualifiée en l'état.", "nbLogements": 0, "hauteurM": 2.4, "altitudeSolLidarHdM": 146.45, "coteReferencePheM": 146.35, "distanceIsocoteM": 10.0, "hauteurEauEstimeeM": 0.0, "hauteurEauNote": "Estimation : cote de référence PHE (146.35 m NGF, TIN isocotes (interpolation linéaire entre lignes de cote)) moins altitude sol LIDAR HD (146.45 m NGF). Terrain surélevé localement par rapport à la cote de référence PHE interpolée à cet endroit : pas de submersion attendue pour cette crue de référence.", "coteReferenceMethode": "TIN isocotes (interpolation linéaire entre lignes de cote)"}}, {"type": "Feature", "geometry": {"coordinates": [[[1.524333, 43.581666], [1.52432, 43.581595], [1.52445, 43.581584], [1.524449, 43.581574], [1.524534, 43.581567], [1.524546, 43.581637], [1.524469, 43.581644], [1.52447, 43.581653], [1.524333, 43.581666]]], "type": "Polygon"}, "properties": {"id": "BATIMENT0000000347709191", "zoneCode": "Bi", "zoneLabel": "Bleue inondation", "zoneColor": "#4FA8E0", "concerne": true, "regime": "Constructions nouvelles : Autorisées sous prescriptions (plancher au-dessus des PHEC, sens d'écoulement ou transparence hydraulique, matériaux peu vulnérables), hors établissements sensibles. Constructions existantes : Extensions autorisées selon usage (habitation, annexes, hébergement +plan de secours, ERP/activités, agricole), plancher au-dessus des PHEC.", "etudeGeotechniqueG2": false, "etagePresent": "Oui", "etageSource": "connu (BD TOPO nombre_d_etages)", "typologie": "Maison individuelle", "typologieSource": "BD TOPO", "zoneRefuge": "Conditionnelle : si le plancher ne peut pas être calé au-dessus des PHEC (impossibilité fonctionnelle dûment justifiée), un niveau refuge adapté est exigé (20 m² minimum, hauteur 1,80 m minimum).", "refugeCategorie": "Conditionnelle (impossibilité fonctionnelle à justifier)", "diagnostic": "Étude de vulnérabilité obligatoire sous 1 an pour les établissements sensibles (aléa faible à moyen : pas de délai de mise en œuvre chiffré).", "eligibiliteFprnm": "Éligible - habitation : FPRNM à 80% des travaux prescrits, sous réserve d'un bien existant avant le 18/04/2016.", "nbLogements": 1, "hauteurM": 5.4, "altitudeSolLidarHdM": 147.07, "coteReferencePheM": 146.21, "distanceIsocoteM": 34.0, "hauteurEauEstimeeM": 0.0, "hauteurEauNote": "Estimation : cote de référence PHE (146.21 m NGF, TIN isocotes (interpolation linéaire entre lignes de cote)) moins altitude sol LIDAR HD (147.07 m NGF). Terrain surélevé localement par rapport à la cote de référence PHE interpolée à cet endroit : pas de submersion attendue pour cette crue de référence.", "coteReferenceMethode": "TIN isocotes (interpolation linéaire entre lignes de cote)"}}, {"type": "Feature", "geometry": {"coordinates": [[[1.5243, 43.581669], [1.524291, 43.581613], [1.524323, 43.581612], [1.524333, 43.581666], [1.5243, 43.581669]]], "type": "Polygon"}, "properties": {"id": "BATIMENT0000000347709192", "zoneCode": "Bi", "zoneLabel": "Bleue inondation", "zoneColor": "#4FA8E0", "concerne": true, "regime": "Constructions nouvelles : Autorisées sous prescriptions (plancher au-dessus des PHEC, sens d'écoulement ou transparence hydraulique, matériaux peu vulnérables), hors établissements sensibles. Constructions existantes : Extensions autorisées selon usage (habitation, annexes, hébergement +plan de secours, ERP/activités, agricole), plancher au-dessus des PHEC.", "etudeGeotechniqueG2": false, "etagePresent": "Non", "etageSource": "estimé par la hauteur (4.1 m), fiabilité modérée", "typologie": "Typologie indéterminée (donnée absente)", "zoneRefuge": "Conditionnelle : si le plancher ne peut pas être calé au-dessus des PHEC (impossibilité fonctionnelle dûment justifiée), un niveau refuge adapté est exigé (20 m² minimum, hauteur 1,80 m minimum).", "refugeCategorie": "Conditionnelle (impossibilité fonctionnelle à justifier)", "diagnostic": "Étude de vulnérabilité obligatoire sous 1 an pour les établissements sensibles (aléa faible à moyen : pas de délai de mise en œuvre chiffré).", "eligibiliteFprnm": "Non déterminé - typologie non qualifiée en l'état.", "hauteurM": 4.1, "altitudeSolLidarHdM": 147.04, "coteReferencePheM": 146.15, "distanceIsocoteM": 41.0, "hauteurEauEstimeeM": 0.0, "hauteurEauNote": "Estimation : cote de référence PHE (146.15 m NGF, TIN isocotes (interpolation linéaire entre lignes de cote)) moins altitude sol LIDAR HD (147.04 m NGF). Terrain surélevé localement par rapport à la cote de référence PHE interpolée à cet endroit : pas de submersion attendue pour cette crue de référence.", "coteReferenceMethode": "TIN isocotes (interpolation linéaire entre lignes de cote)"}}, {"type": "Feature", "geometry": {"coordinates": [[[1.523646, 43.581889], [1.523685, 43.581914], [1.523784, 43.581832], [1.5237, 43.581781], [1.523611, 43.581856], [1.523655, 43.581883], [1.523646, 43.581889]]], "type": "Polygon"}, "properties": {"id": "BATIMENT0000000347709195", "zoneCode": "Bi", "zoneLabel": "Bleue inondation", "zoneColor": "#4FA8E0", "concerne": true, "regime": "Constructions nouvelles : Autorisées sous prescriptions (plancher au-dessus des PHEC, sens d'écoulement ou transparence hydraulique, matériaux peu vulnérables), hors établissements sensibles. Constructions existantes : Extensions autorisées selon usage (habitation, annexes, hébergement +plan de secours, ERP/activités, agricole), plancher au-dessus des PHEC.", "etudeGeotechniqueG2": false, "etagePresent": "Oui", "etageSource": "connu (BD TOPO nombre_d_etages)", "typologie": "Maison individuelle", "typologieSource": "BD TOPO", "zoneRefuge": "Conditionnelle : si le plancher ne peut pas être calé au-dessus des PHEC (impossibilité fonctionnelle dûment justifiée), un niveau refuge adapté est exigé (20 m² minimum, hauteur 1,80 m minimum).", "refugeCategorie": "Conditionnelle (impossibilité fonctionnelle à justifier)", "diagnostic": "Étude de vulnérabilité obligatoire sous 1 an pour les établissements sensibles (aléa faible à moyen : pas de délai de mise en œuvre chiffré).", "eligibiliteFprnm": "Éligible - habitation : FPRNM à 80% des travaux prescrits, sous réserve d'un bien existant avant le 18/04/2016.", "nbLogements": 1, "hauteurM": 6.7, "altitudeSolLidarHdM": 146.57, "coteReferencePheM": 146.06, "distanceIsocoteM": 10.0, "hauteurEauEstimeeM": 0.0, "hauteurEauNote": "Estimation : cote de référence PHE (146.06 m NGF, TIN isocotes (interpolation linéaire entre lignes de cote)) moins altitude sol LIDAR HD (146.57 m NGF). Terrain surélevé localement par rapport à la cote de référence PHE interpolée à cet endroit : pas de submersion attendue pour cette crue de référence.", "coteReferenceMethode": "TIN isocotes (interpolation linéaire entre lignes de cote)"}}, {"type": "Feature", "geometry": {"coordinates": [[[1.523605, 43.581862], [1.523646, 43.581889], [1.523655, 43.581883], [1.523611, 43.581856], [1.523605, 43.581862]]], "type": "Polygon"}, "properties": {"id": "BATIMENT0000000347709196", "zoneCode": "Bi", "zoneLabel": "Bleue inondation", "zoneColor": "#4FA8E0", "concerne": true, "regime": "Constructions nouvelles : Autorisées sous prescriptions (plancher au-dessus des PHEC, sens d'écoulement ou transparence hydraulique, matériaux peu vulnérables), hors établissements sensibles. Constructions existantes : Extensions autorisées selon usage (habitation, annexes, hébergement +plan de secours, ERP/activités, agricole), plancher au-dessus des PHEC.", "etudeGeotechniqueG2": false, "etagePresent": "Oui", "etageSource": "connu (BDNB Fichiers Fonciers nb_niveau=2)", "typologie": "Maison individuelle", "typologieSource": "BDNB (Fichiers Fonciers, millésime 2026-02.a)", "zoneRefuge": "Conditionnelle : si le plancher ne peut pas être calé au-dessus des PHEC (impossibilité fonctionnelle dûment justifiée), un niveau refuge adapté est exigé (20 m² minimum, hauteur 1,80 m minimum).", "refugeCategorie": "Conditionnelle (impossibilité fonctionnelle à justifier)", "diagnostic": "Étude de vulnérabilité obligatoire sous 1 an pour les établissements sensibles (aléa faible à moyen : pas de délai de mise en œuvre chiffré).", "eligibiliteFprnm": "Éligible - habitation : FPRNM à 80% des travaux prescrits, sous réserve d'un bien existant avant le 18/04/2016.", "nbLogements": 1, "hauteurM": 6.3, "altitudeSolLidarHdM": 146.53, "coteReferencePheM": 146.09, "distanceIsocoteM": 15.0, "hauteurEauEstimeeM": 0.0, "hauteurEauNote": "Estimation : cote de référence PHE (146.09 m NGF, TIN isocotes (interpolation linéaire entre lignes de cote)) moins altitude sol LIDAR HD (146.53 m NGF). Terrain surélevé localement par rapport à la cote de référence PHE interpolée à cet endroit : pas de submersion attendue pour cette crue de référence.", "coteReferenceMethode": "TIN isocotes (interpolation linéaire entre lignes de cote)"}}, {"type": "Feature", "geometry": {"coordinates": [[[1.523899, 43.582073], [1.52391, 43.582065], [1.523883, 43.582048], [1.523972, 43.581971], [1.524017, 43.581998], [1.523983, 43.582027], [1.524033, 43.582057], [1.523963, 43.582113], [1.523899, 43.582073]]], "type": "Polygon"}, "properties": {"id": "BATIMENT0000000347709197", "zoneCode": "Bi", "zoneLabel": "Bleue inondation", "zoneColor": "#4FA8E0", "concerne": true, "regime": "Constructions nouvelles : Autorisées sous prescriptions (plancher au-dessus des PHEC, sens d'écoulement ou transparence hydraulique, matériaux peu vulnérables), hors établissements sensibles. Constructions existantes : Extensions autorisées selon usage (habitation, annexes, hébergement +plan de secours, ERP/activités, agricole), plancher au-dessus des PHEC.", "etudeGeotechniqueG2": false, "etagePresent": "Non", "etageSource": "connu (BD TOPO nombre_d_etages)", "typologie": "Maison individuelle", "typologieSource": "BD TOPO", "zoneRefuge": "Conditionnelle : si le plancher ne peut pas être calé au-dessus des PHEC (impossibilité fonctionnelle dûment justifiée), un niveau refuge adapté est exigé (20 m² minimum, hauteur 1,80 m minimum).", "refugeCategorie": "Conditionnelle (impossibilité fonctionnelle à justifier)", "diagnostic": "Étude de vulnérabilité obligatoire sous 1 an pour les établissements sensibles (aléa faible à moyen : pas de délai de mise en œuvre chiffré).", "eligibiliteFprnm": "Éligible - habitation : FPRNM à 80% des travaux prescrits, sous réserve d'un bien existant avant le 18/04/2016.", "nbLogements": 1, "hauteurM": 4.0, "altitudeSolLidarHdM": 146.79, "coteReferencePheM": 146.04, "distanceIsocoteM": 11.0, "hauteurEauEstimeeM": 0.0, "hauteurEauNote": "Estimation : cote de référence PHE (146.04 m NGF, TIN isocotes (interpolation linéaire entre lignes de cote)) moins altitude sol LIDAR HD (146.79 m NGF). Terrain surélevé localement par rapport à la cote de référence PHE interpolée à cet endroit : pas de submersion attendue pour cette crue de référence.", "coteReferenceMethode": "TIN isocotes (interpolation linéaire entre lignes de cote)"}}, {"type": "Feature", "geometry": {"coordinates": [[[1.523285, 43.581664], [1.523364, 43.581598], [1.523453, 43.581654], [1.523376, 43.581719], [1.523285, 43.581664]]], "type": "Polygon"}, "properties": {"id": "BATIMENT0000000347709200", "zoneCode": "Bi", "zoneLabel": "Bleue inondation", "zoneColor": "#4FA8E0", "concerne": true, "regime": "Constructions nouvelles : Autorisées sous prescriptions (plancher au-dessus des PHEC, sens d'écoulement ou transparence hydraulique, matériaux peu vulnérables), hors établissements sensibles. Constructions existantes : Extensions autorisées selon usage (habitation, annexes, hébergement +plan de secours, ERP/activités, agricole), plancher au-dessus des PHEC.", "etudeGeotechniqueG2": false, "etagePresent": "Non", "etageSource": "connu (BD TOPO nombre_d_etages)", "typologie": "Maison individuelle", "typologieSource": "BD TOPO", "zoneRefuge": "Conditionnelle : si le plancher ne peut pas être calé au-dessus des PHEC (impossibilité fonctionnelle dûment justifiée), un niveau refuge adapté est exigé (20 m² minimum, hauteur 1,80 m minimum).", "refugeCategorie": "Conditionnelle (impossibilité fonctionnelle à justifier)", "diagnostic": "Étude de vulnérabilité obligatoire sous 1 an pour les établissements sensibles (aléa faible à moyen : pas de délai de mise en œuvre chiffré).", "eligibiliteFprnm": "Éligible - habitation : FPRNM à 80% des travaux prescrits, sous réserve d'un bien existant avant le 18/04/2016.", "nbLogements": 1, "hauteurM": 5.1, "altitudeSolLidarHdM": 146.36, "coteReferencePheM": 146.3, "distanceIsocoteM": 19.0, "hauteurEauEstimeeM": 0.0, "hauteurEauNote": "Estimation : cote de référence PHE (146.30 m NGF, TIN isocotes (interpolation linéaire entre lignes de cote)) moins altitude sol LIDAR HD (146.36 m NGF). Terrain surélevé localement par rapport à la cote de référence PHE interpolée à cet endroit : pas de submersion attendue pour cette crue de référence.", "coteReferenceMethode": "TIN isocotes (interpolation linéaire entre lignes de cote)"}}, {"type": "Feature", "geometry": {"coordinates": [[[1.523756, 43.581957], [1.52388, 43.581854], [1.523924, 43.581881], [1.523901, 43.581901], [1.523937, 43.581926], [1.523839, 43.582008], [1.523756, 43.581957]]], "type": "Polygon"}, "properties": {"id": "BATIMENT0000000347709201", "zoneCode": "Bi", "zoneLabel": "Bleue inondation", "zoneColor": "#4FA8E0", "concerne": true, "regime": "Constructions nouvelles : Autorisées sous prescriptions (plancher au-dessus des PHEC, sens d'écoulement ou transparence hydraulique, matériaux peu vulnérables), hors établissements sensibles. Constructions existantes : Extensions autorisées selon usage (habitation, annexes, hébergement +plan de secours, ERP/activités, agricole), plancher au-dessus des PHEC.", "etudeGeotechniqueG2": false, "etagePresent": "Oui", "etageSource": "connu (BD TOPO nombre_d_etages)", "typologie": "Maison individuelle", "typologieSource": "BD TOPO", "zoneRefuge": "Conditionnelle : si le plancher ne peut pas être calé au-dessus des PHEC (impossibilité fonctionnelle dûment justifiée), un niveau refuge adapté est exigé (20 m² minimum, hauteur 1,80 m minimum).", "refugeCategorie": "Conditionnelle (impossibilité fonctionnelle à justifier)", "diagnostic": "Étude de vulnérabilité obligatoire sous 1 an pour les établissements sensibles (aléa faible à moyen : pas de délai de mise en œuvre chiffré).", "eligibiliteFprnm": "Éligible - habitation : FPRNM à 80% des travaux prescrits, sous réserve d'un bien existant avant le 18/04/2016.", "nbLogements": 1, "hauteurM": 4.2, "altitudeSolLidarHdM": 146.65, "coteReferencePheM": 146.01, "distanceIsocoteM": 3.0, "hauteurEauEstimeeM": 0.0, "hauteurEauNote": "Estimation : cote de référence PHE (146.01 m NGF, TIN isocotes (interpolation linéaire entre lignes de cote)) moins altitude sol LIDAR HD (146.65 m NGF). Terrain surélevé localement par rapport à la cote de référence PHE interpolée à cet endroit : pas de submersion attendue pour cette crue de référence.", "coteReferenceMethode": "TIN isocotes (interpolation linéaire entre lignes de cote)"}}, {"type": "Feature", "geometry": {"coordinates": [[[1.52377, 43.581927], [1.5238, 43.5819], [1.523811, 43.581909], [1.523781, 43.581935], [1.52377, 43.581927]]], "type": "Polygon"}, "properties": {"id": "BATIMENT0000000347709202", "zoneCode": "Bi", "zoneLabel": "Bleue inondation", "zoneColor": "#4FA8E0", "concerne": true, "regime": "Constructions nouvelles : Autorisées sous prescriptions (plancher au-dessus des PHEC, sens d'écoulement ou transparence hydraulique, matériaux peu vulnérables), hors établissements sensibles. Constructions existantes : Extensions autorisées selon usage (habitation, annexes, hébergement +plan de secours, ERP/activités, agricole), plancher au-dessus des PHEC.", "etudeGeotechniqueG2": false, "etagePresent": "Oui", "etageSource": "connu (BDNB Fichiers Fonciers nb_niveau=2)", "typologie": "Maison individuelle", "typologieSource": "BDNB (Fichiers Fonciers, millésime 2026-02.a)", "zoneRefuge": "Conditionnelle : si le plancher ne peut pas être calé au-dessus des PHEC (impossibilité fonctionnelle dûment justifiée), un niveau refuge adapté est exigé (20 m² minimum, hauteur 1,80 m minimum).", "refugeCategorie": "Conditionnelle (impossibilité fonctionnelle à justifier)", "diagnostic": "Étude de vulnérabilité obligatoire sous 1 an pour les établissements sensibles (aléa faible à moyen : pas de délai de mise en œuvre chiffré).", "eligibiliteFprnm": "Éligible - habitation : FPRNM à 80% des travaux prescrits, sous réserve d'un bien existant avant le 18/04/2016.", "nbLogements": 1, "hauteurM": 3.9, "altitudeSolLidarHdM": 146.65, "coteReferencePheM": 146.01, "distanceIsocoteM": 2.0, "hauteurEauEstimeeM": 0.0, "hauteurEauNote": "Estimation : cote de référence PHE (146.01 m NGF, TIN isocotes (interpolation linéaire entre lignes de cote)) moins altitude sol LIDAR HD (146.65 m NGF). Terrain surélevé localement par rapport à la cote de référence PHE interpolée à cet endroit : pas de submersion attendue pour cette crue de référence.", "coteReferenceMethode": "TIN isocotes (interpolation linéaire entre lignes de cote)"}}, {"type": "Feature", "geometry": {"coordinates": [[[1.523743, 43.581968], [1.523791, 43.581998], [1.523802, 43.581987], [1.523756, 43.581957], [1.523743, 43.581968]]], "type": "Polygon"}, "properties": {"id": "BATIMENT0000000347709203", "zoneCode": "Bi", "zoneLabel": "Bleue inondation", "zoneColor": "#4FA8E0", "concerne": true, "regime": "Constructions nouvelles : Autorisées sous prescriptions (plancher au-dessus des PHEC, sens d'écoulement ou transparence hydraulique, matériaux peu vulnérables), hors établissements sensibles. Constructions existantes : Extensions autorisées selon usage (habitation, annexes, hébergement +plan de secours, ERP/activités, agricole), plancher au-dessus des PHEC.", "etudeGeotechniqueG2": false, "etagePresent": "Oui", "etageSource": "connu (BDNB Fichiers Fonciers nb_niveau=2)", "typologie": "Maison individuelle", "typologieSource": "BDNB (Fichiers Fonciers, millésime 2026-02.a)", "zoneRefuge": "Conditionnelle : si le plancher ne peut pas être calé au-dessus des PHEC (impossibilité fonctionnelle dûment justifiée), un niveau refuge adapté est exigé (20 m² minimum, hauteur 1,80 m minimum).", "refugeCategorie": "Conditionnelle (impossibilité fonctionnelle à justifier)", "diagnostic": "Étude de vulnérabilité obligatoire sous 1 an pour les établissements sensibles (aléa faible à moyen : pas de délai de mise en œuvre chiffré).", "eligibiliteFprnm": "Éligible - habitation : FPRNM à 80% des travaux prescrits, sous réserve d'un bien existant avant le 18/04/2016.", "nbLogements": 1, "hauteurM": 3.1, "altitudeSolLidarHdM": 146.66, "coteReferencePheM": 146.02, "distanceIsocoteM": 4.0, "hauteurEauEstimeeM": 0.0, "hauteurEauNote": "Estimation : cote de référence PHE (146.02 m NGF, TIN isocotes (interpolation linéaire entre lignes de cote)) moins altitude sol LIDAR HD (146.66 m NGF). Terrain surélevé localement par rapport à la cote de référence PHE interpolée à cet endroit : pas de submersion attendue pour cette crue de référence.", "coteReferenceMethode": "TIN isocotes (interpolation linéaire entre lignes de cote)"}}, {"type": "Feature", "geometry": {"coordinates": [[[1.524172, 43.581973], [1.524204, 43.58199], [1.524223, 43.581973], [1.524203, 43.581947], [1.524172, 43.581973]]], "type": "Polygon"}, "properties": {"id": "BATIMENT0000000347709209", "zoneCode": "Bi", "zoneLabel": "Bleue inondation", "zoneColor": "#4FA8E0", "concerne": true, "regime": "Constructions nouvelles : Autorisées sous prescriptions (plancher au-dessus des PHEC, sens d'écoulement ou transparence hydraulique, matériaux peu vulnérables), hors établissements sensibles. Constructions existantes : Extensions autorisées selon usage (habitation, annexes, hébergement +plan de secours, ERP/activités, agricole), plancher au-dessus des PHEC.", "etudeGeotechniqueG2": false, "etagePresent": "Non", "etageSource": "connu (BD TOPO nombre_d_etages)", "typologie": "Annexe (non habitée)", "typologieSource": "BD TOPO", "zoneRefuge": "Conditionnelle : si le plancher ne peut pas être calé au-dessus des PHEC (impossibilité fonctionnelle dûment justifiée), un niveau refuge adapté est exigé (20 m² minimum, hauteur 1,80 m minimum).", "refugeCategorie": "Conditionnelle (impossibilité fonctionnelle à justifier)", "diagnostic": "Étude de vulnérabilité obligatoire sous 1 an pour les établissements sensibles (aléa faible à moyen : pas de délai de mise en œuvre chiffré).", "eligibiliteFprnm": "Non déterminé - typologie non qualifiée en l'état.", "nbLogements": 0, "hauteurM": 3.3, "altitudeSolLidarHdM": 147.05, "coteReferencePheM": 146.11, "distanceIsocoteM": 30.0, "hauteurEauEstimeeM": 0.0, "hauteurEauNote": "Estimation : cote de référence PHE (146.11 m NGF, TIN isocotes (interpolation linéaire entre lignes de cote)) moins altitude sol LIDAR HD (147.05 m NGF). Terrain surélevé localement par rapport à la cote de référence PHE interpolée à cet endroit : pas de submersion attendue pour cette crue de référence.", "coteReferenceMethode": "TIN isocotes (interpolation linéaire entre lignes de cote)"}}, {"type": "Feature", "geometry": {"coordinates": [[[1.523822, 43.581691], [1.523848, 43.581706], [1.523877, 43.581683], [1.523851, 43.581666], [1.523822, 43.581691]]], "type": "Polygon"}, "properties": {"id": "BATIMENT0000000347709210", "zoneCode": "Bi", "zoneLabel": "Bleue inondation", "zoneColor": "#4FA8E0", "concerne": true, "regime": "Constructions nouvelles : Autorisées sous prescriptions (plancher au-dessus des PHEC, sens d'écoulement ou transparence hydraulique, matériaux peu vulnérables), hors établissements sensibles. Constructions existantes : Extensions autorisées selon usage (habitation, annexes, hébergement +plan de secours, ERP/activités, agricole), plancher au-dessus des PHEC.", "etudeGeotechniqueG2": false, "etagePresent": "Non", "etageSource": "connu (BD TOPO nombre_d_etages)", "typologie": "Annexe (non habitée)", "typologieSource": "BD TOPO", "zoneRefuge": "Conditionnelle : si le plancher ne peut pas être calé au-dessus des PHEC (impossibilité fonctionnelle dûment justifiée), un niveau refuge adapté est exigé (20 m² minimum, hauteur 1,80 m minimum).", "refugeCategorie": "Conditionnelle (impossibilité fonctionnelle à justifier)", "diagnostic": "Étude de vulnérabilité obligatoire sous 1 an pour les établissements sensibles (aléa faible à moyen : pas de délai de mise en œuvre chiffré).", "eligibiliteFprnm": "Non déterminé - typologie non qualifiée en l'état.", "nbLogements": 0, "hauteurM": 2.2, "altitudeSolLidarHdM": 146.67, "coteReferencePheM": 146.01, "distanceIsocoteM": 3.0, "hauteurEauEstimeeM": 0.0, "hauteurEauNote": "Estimation : cote de référence PHE (146.01 m NGF, TIN isocotes (interpolation linéaire entre lignes de cote)) moins altitude sol LIDAR HD (146.67 m NGF). Terrain surélevé localement par rapport à la cote de référence PHE interpolée à cet endroit : pas de submersion attendue pour cette crue de référence.", "coteReferenceMethode": "TIN isocotes (interpolation linéaire entre lignes de cote)"}}, {"type": "Feature", "geometry": {"coordinates": [[[1.523783, 43.581666], [1.523822, 43.581691], [1.523851, 43.581666], [1.523812, 43.581642], [1.523783, 43.581666]]], "type": "Polygon"}, "properties": {"id": "BATIMENT0000000347709211", "zoneCode": "Bi", "zoneLabel": "Bleue inondation", "zoneColor": "#4FA8E0", "concerne": true, "regime": "Constructions nouvelles : Autorisées sous prescriptions (plancher au-dessus des PHEC, sens d'écoulement ou transparence hydraulique, matériaux peu vulnérables), hors établissements sensibles. Constructions existantes : Extensions autorisées selon usage (habitation, annexes, hébergement +plan de secours, ERP/activités, agricole), plancher au-dessus des PHEC.", "etudeGeotechniqueG2": false, "etagePresent": "Non", "etageSource": "estimé par la hauteur (2.3 m), fiabilité modérée", "typologie": "Typologie indéterminée (donnée absente)", "zoneRefuge": "Conditionnelle : si le plancher ne peut pas être calé au-dessus des PHEC (impossibilité fonctionnelle dûment justifiée), un niveau refuge adapté est exigé (20 m² minimum, hauteur 1,80 m minimum).", "refugeCategorie": "Conditionnelle (impossibilité fonctionnelle à justifier)", "diagnostic": "Étude de vulnérabilité obligatoire sous 1 an pour les établissements sensibles (aléa faible à moyen : pas de délai de mise en œuvre chiffré).", "eligibiliteFprnm": "Non déterminé - typologie non qualifiée en l'état.", "hauteurM": 2.3, "altitudeSolLidarHdM": 146.73, "coteReferencePheM": 146.0, "distanceIsocoteM": 1.0, "hauteurEauEstimeeM": 0.0, "hauteurEauNote": "Estimation : cote de référence PHE (146.00 m NGF, TIN isocotes (interpolation linéaire entre lignes de cote)) moins altitude sol LIDAR HD (146.73 m NGF). Terrain surélevé localement par rapport à la cote de référence PHE interpolée à cet endroit : pas de submersion attendue pour cette crue de référence.", "coteReferenceMethode": "TIN isocotes (interpolation linéaire entre lignes de cote)"}}, {"type": "Feature", "geometry": {"coordinates": [[[1.524626, 43.581809], [1.524653, 43.581785], [1.524727, 43.58178], [1.524728, 43.581802], [1.524626, 43.581809]]], "type": "Polygon"}, "properties": {"id": "BATIMENT0000000347709226", "zoneCode": "Bi", "zoneLabel": "Bleue inondation", "zoneColor": "#4FA8E0", "concerne": true, "regime": "Constructions nouvelles : Autorisées sous prescriptions (plancher au-dessus des PHEC, sens d'écoulement ou transparence hydraulique, matériaux peu vulnérables), hors établissements sensibles. Constructions existantes : Extensions autorisées selon usage (habitation, annexes, hébergement +plan de secours, ERP/activités, agricole), plancher au-dessus des PHEC.", "etudeGeotechniqueG2": false, "etagePresent": "Non", "etageSource": "estimé par la hauteur (3.7 m), fiabilité modérée", "typologie": "Typologie indéterminée (donnée absente)", "zoneRefuge": "Conditionnelle : si le plancher ne peut pas être calé au-dessus des PHEC (impossibilité fonctionnelle dûment justifiée), un niveau refuge adapté est exigé (20 m² minimum, hauteur 1,80 m minimum).", "refugeCategorie": "Conditionnelle (impossibilité fonctionnelle à justifier)", "diagnostic": "Étude de vulnérabilité obligatoire sous 1 an pour les établissements sensibles (aléa faible à moyen : pas de délai de mise en œuvre chiffré).", "eligibiliteFprnm": "Non déterminé - typologie non qualifiée en l'état.", "hauteurM": 3.7, "altitudeSolLidarHdM": 147.2, "coteReferencePheM": 146.26, "distanceIsocoteM": 41.0, "hauteurEauEstimeeM": 0.0, "hauteurEauNote": "Estimation : cote de référence PHE (146.26 m NGF, TIN isocotes (interpolation linéaire entre lignes de cote)) moins altitude sol LIDAR HD (147.20 m NGF). Terrain surélevé localement par rapport à la cote de référence PHE interpolée à cet endroit : pas de submersion attendue pour cette crue de référence.", "coteReferenceMethode": "TIN isocotes (interpolation linéaire entre lignes de cote)"}}, {"type": "Feature", "geometry": {"coordinates": [[[1.524626, 43.581809], [1.524728, 43.581802], [1.524727, 43.58178], [1.524828, 43.581773], [1.524834, 43.58185], [1.524697, 43.581861], [1.524704, 43.581945], [1.524593, 43.581952], [1.52458, 43.581852], [1.524626, 43.581809]]], "type": "Polygon"}, "properties": {"id": "BATIMENT0000000347709227", "zoneCode": "Bi", "zoneLabel": "Bleue inondation", "zoneColor": "#4FA8E0", "concerne": true, "regime": "Constructions nouvelles : Autorisées sous prescriptions (plancher au-dessus des PHEC, sens d'écoulement ou transparence hydraulique, matériaux peu vulnérables), hors établissements sensibles. Constructions existantes : Extensions autorisées selon usage (habitation, annexes, hébergement +plan de secours, ERP/activités, agricole), plancher au-dessus des PHEC.", "etudeGeotechniqueG2": false, "etagePresent": "Non", "etageSource": "connu (BD TOPO nombre_d_etages)", "typologie": "Maison individuelle", "typologieSource": "BD TOPO", "zoneRefuge": "Conditionnelle : si le plancher ne peut pas être calé au-dessus des PHEC (impossibilité fonctionnelle dûment justifiée), un niveau refuge adapté est exigé (20 m² minimum, hauteur 1,80 m minimum).", "refugeCategorie": "Conditionnelle (impossibilité fonctionnelle à justifier)", "diagnostic": "Étude de vulnérabilité obligatoire sous 1 an pour les établissements sensibles (aléa faible à moyen : pas de délai de mise en œuvre chiffré).", "eligibiliteFprnm": "Éligible - habitation : FPRNM à 80% des travaux prescrits, sous réserve d'un bien existant avant le 18/04/2016.", "nbLogements": 1, "hauteurM": 3.7, "altitudeSolLidarHdM": 147.23, "coteReferencePheM": 146.26, "distanceIsocoteM": 46.0, "hauteurEauEstimeeM": 0.0, "hauteurEauNote": "Estimation : cote de référence PHE (146.26 m NGF, TIN isocotes (interpolation linéaire entre lignes de cote)) moins altitude sol LIDAR HD (147.23 m NGF). Terrain surélevé localement par rapport à la cote de référence PHE interpolée à cet endroit : pas de submersion attendue pour cette crue de référence.", "coteReferenceMethode": "TIN isocotes (interpolation linéaire entre lignes de cote)"}}, {"type": "Feature", "geometry": {"coordinates": [[[1.52472, 43.581523], [1.524725, 43.581557], [1.524658, 43.581564], [1.524653, 43.58153], [1.52472, 43.581523]]], "type": "Polygon"}, "properties": {"id": "BATIMENT0000000347709232", "zoneCode": "Bi", "zoneLabel": "Bleue inondation", "zoneColor": "#4FA8E0", "concerne": true, "regime": "Constructions nouvelles : Autorisées sous prescriptions (plancher au-dessus des PHEC, sens d'écoulement ou transparence hydraulique, matériaux peu vulnérables), hors établissements sensibles. Constructions existantes : Extensions autorisées selon usage (habitation, annexes, hébergement +plan de secours, ERP/activités, agricole), plancher au-dessus des PHEC.", "etudeGeotechniqueG2": false, "etagePresent": "Non", "etageSource": "estimé par la hauteur (3.7 m), fiabilité modérée", "typologie": "Typologie indéterminée (donnée absente)", "zoneRefuge": "Conditionnelle : si le plancher ne peut pas être calé au-dessus des PHEC (impossibilité fonctionnelle dûment justifiée), un niveau refuge adapté est exigé (20 m² minimum, hauteur 1,80 m minimum).", "refugeCategorie": "Conditionnelle (impossibilité fonctionnelle à justifier)", "diagnostic": "Étude de vulnérabilité obligatoire sous 1 an pour les établissements sensibles (aléa faible à moyen : pas de délai de mise en œuvre chiffré).", "eligibiliteFprnm": "Non déterminé - typologie non qualifiée en l'état.", "hauteurM": 3.7, "altitudeSolLidarHdM": 146.76, "coteReferencePheM": 146.36, "distanceIsocoteM": 17.0, "hauteurEauEstimeeM": 0.0, "hauteurEauNote": "Estimation : cote de référence PHE (146.36 m NGF, TIN isocotes (interpolation linéaire entre lignes de cote)) moins altitude sol LIDAR HD (146.76 m NGF). Terrain surélevé localement par rapport à la cote de référence PHE interpolée à cet endroit : pas de submersion attendue pour cette crue de référence.", "coteReferenceMethode": "TIN isocotes (interpolation linéaire entre lignes de cote)"}}, {"type": "Feature", "geometry": {"coordinates": [[[1.524658, 43.581564], [1.52468, 43.581689], [1.524788, 43.581678], [1.524765, 43.581553], [1.524658, 43.581564]]], "type": "Polygon"}, "properties": {"id": "BATIMENT0000000347709233", "zoneCode": "Bi", "zoneLabel": "Bleue inondation", "zoneColor": "#4FA8E0", "concerne": true, "regime": "Constructions nouvelles : Autorisées sous prescriptions (plancher au-dessus des PHEC, sens d'écoulement ou transparence hydraulique, matériaux peu vulnérables), hors établissements sensibles. Constructions existantes : Extensions autorisées selon usage (habitation, annexes, hébergement +plan de secours, ERP/activités, agricole), plancher au-dessus des PHEC.", "etudeGeotechniqueG2": false, "etagePresent": "Oui", "etageSource": "connu (BD TOPO nombre_d_etages)", "typologie": "Maison individuelle", "typologieSource": "BD TOPO", "zoneRefuge": "Conditionnelle : si le plancher ne peut pas être calé au-dessus des PHEC (impossibilité fonctionnelle dûment justifiée), un niveau refuge adapté est exigé (20 m² minimum, hauteur 1,80 m minimum).", "refugeCategorie": "Conditionnelle (impossibilité fonctionnelle à justifier)", "diagnostic": "Étude de vulnérabilité obligatoire sous 1 an pour les établissements sensibles (aléa faible à moyen : pas de délai de mise en œuvre chiffré).", "eligibiliteFprnm": "Éligible - habitation : FPRNM à 80% des travaux prescrits, sous réserve d'un bien existant avant le 18/04/2016.", "nbLogements": 1, "hauteurM": 5.6, "altitudeSolLidarHdM": 146.56, "coteReferencePheM": 146.31, "distanceIsocoteM": 23.0, "hauteurEauEstimeeM": 0.0, "hauteurEauNote": "Estimation : cote de référence PHE (146.31 m NGF, TIN isocotes (interpolation linéaire entre lignes de cote)) moins altitude sol LIDAR HD (146.56 m NGF). Terrain surélevé localement par rapport à la cote de référence PHE interpolée à cet endroit : pas de submersion attendue pour cette crue de référence.", "coteReferenceMethode": "TIN isocotes (interpolation linéaire entre lignes de cote)"}}, {"type": "Feature", "geometry": {"coordinates": [[[1.524832, 43.582073], [1.524897, 43.582014], [1.525063, 43.582111], [1.524997, 43.582169], [1.524832, 43.582073]]], "type": "Polygon"}, "properties": {"id": "BATIMENT0000000347709235", "zoneCode": "Bi", "zoneLabel": "Bleue inondation", "zoneColor": "#4FA8E0", "concerne": true, "regime": "Constructions nouvelles : Autorisées sous prescriptions (plancher au-dessus des PHEC, sens d'écoulement ou transparence hydraulique, matériaux peu vulnérables), hors établissements sensibles. Constructions existantes : Extensions autorisées selon usage (habitation, annexes, hébergement +plan de secours, ERP/activités, agricole), plancher au-dessus des PHEC.", "etudeGeotechniqueG2": false, "etagePresent": "Oui", "etageSource": "connu (BD TOPO nombre_d_etages)", "typologie": "Maison individuelle", "typologieSource": "BD TOPO", "zoneRefuge": "Conditionnelle : si le plancher ne peut pas être calé au-dessus des PHEC (impossibilité fonctionnelle dûment justifiée), un niveau refuge adapté est exigé (20 m² minimum, hauteur 1,80 m minimum).", "refugeCategorie": "Conditionnelle (impossibilité fonctionnelle à justifier)", "diagnostic": "Étude de vulnérabilité obligatoire sous 1 an pour les établissements sensibles (aléa faible à moyen : pas de délai de mise en œuvre chiffré).", "eligibiliteFprnm": "Éligible - habitation : FPRNM à 80% des travaux prescrits, sous réserve d'un bien existant avant le 18/04/2016.", "nbLogements": 1, "hauteurM": 4.0, "altitudeSolLidarHdM": 147.64, "coteReferencePheM": 146.34, "distanceIsocoteM": 57.0, "hauteurEauEstimeeM": 0.0, "hauteurEauNote": "Estimation : cote de référence PHE (146.34 m NGF, TIN isocotes (interpolation linéaire entre lignes de cote)) moins altitude sol LIDAR HD (147.64 m NGF). Terrain surélevé localement par rapport à la cote de référence PHE interpolée à cet endroit : pas de submersion attendue pour cette crue de référence.", "coteReferenceMethode": "TIN isocotes (interpolation linéaire entre lignes de cote)"}}, {"type": "Feature", "geometry": {"coordinates": [[[1.524843, 43.582003], [1.524792, 43.582051], [1.524832, 43.582073], [1.524882, 43.582027], [1.524843, 43.582003]]], "type": "Polygon"}, "properties": {"id": "BATIMENT0000000347709236", "zoneCode": "Bi", "zoneLabel": "Bleue inondation", "zoneColor": "#4FA8E0", "concerne": true, "regime": "Constructions nouvelles : Autorisées sous prescriptions (plancher au-dessus des PHEC, sens d'écoulement ou transparence hydraulique, matériaux peu vulnérables), hors établissements sensibles. Constructions existantes : Extensions autorisées selon usage (habitation, annexes, hébergement +plan de secours, ERP/activités, agricole), plancher au-dessus des PHEC.", "etudeGeotechniqueG2": false, "etagePresent": "Non", "etageSource": "estimé par la hauteur (4.8 m), fiabilité modérée", "typologie": "Typologie indéterminée (donnée absente)", "zoneRefuge": "Conditionnelle : si le plancher ne peut pas être calé au-dessus des PHEC (impossibilité fonctionnelle dûment justifiée), un niveau refuge adapté est exigé (20 m² minimum, hauteur 1,80 m minimum).", "refugeCategorie": "Conditionnelle (impossibilité fonctionnelle à justifier)", "diagnostic": "Étude de vulnérabilité obligatoire sous 1 an pour les établissements sensibles (aléa faible à moyen : pas de délai de mise en œuvre chiffré).", "eligibiliteFprnm": "Non déterminé - typologie non qualifiée en l'état.", "hauteurM": 4.8, "altitudeSolLidarHdM": 147.63, "coteReferencePheM": 146.31, "distanceIsocoteM": 57.0, "hauteurEauEstimeeM": 0.0, "hauteurEauNote": "Estimation : cote de référence PHE (146.31 m NGF, TIN isocotes (interpolation linéaire entre lignes de cote)) moins altitude sol LIDAR HD (147.63 m NGF). Terrain surélevé localement par rapport à la cote de référence PHE interpolée à cet endroit : pas de submersion attendue pour cette crue de référence.", "coteReferenceMethode": "TIN isocotes (interpolation linéaire entre lignes de cote)"}}, {"type": "Feature", "geometry": {"coordinates": [[[1.530442, 43.581475], [1.530353, 43.58142], [1.530346, 43.581351], [1.530389, 43.581311], [1.530486, 43.581307], [1.530526, 43.581325], [1.530506, 43.581346], [1.530511, 43.581391], [1.53046, 43.581392], [1.530463, 43.581427], [1.530482, 43.581437], [1.530442, 43.581475]]], "type": "Polygon"}, "properties": {"id": "BATIMENT0000000347709248", "zoneCode": "Bi", "zoneLabel": "Bleue inondation", "zoneColor": "#4FA8E0", "concerne": true, "regime": "Constructions nouvelles : Autorisées sous prescriptions (plancher au-dessus des PHEC, sens d'écoulement ou transparence hydraulique, matériaux peu vulnérables), hors établissements sensibles. Constructions existantes : Extensions autorisées selon usage (habitation, annexes, hébergement +plan de secours, ERP/activités, agricole), plancher au-dessus des PHEC.", "etudeGeotechniqueG2": false, "etagePresent": "Non", "etageSource": "connu (BD TOPO nombre_d_etages)", "typologie": "Maison individuelle", "typologieSource": "BD TOPO", "zoneRefuge": "Conditionnelle : si le plancher ne peut pas être calé au-dessus des PHEC (impossibilité fonctionnelle dûment justifiée), un niveau refuge adapté est exigé (20 m² minimum, hauteur 1,80 m minimum).", "refugeCategorie": "Conditionnelle (impossibilité fonctionnelle à justifier)", "diagnostic": "Étude de vulnérabilité obligatoire sous 1 an pour les établissements sensibles (aléa faible à moyen : pas de délai de mise en œuvre chiffré).", "eligibiliteFprnm": "Éligible - habitation : FPRNM à 80% des travaux prescrits, sous réserve d'un bien existant avant le 18/04/2016.", "nbLogements": 1, "hauteurM": 3.0, "altitudeSolLidarHdM": 146.76, "coteReferencePheM": 146.63, "distanceIsocoteM": 114.0, "hauteurEauEstimeeM": 0.0, "hauteurEauNote": "Estimation : cote de référence PHE (146.63 m NGF, TIN isocotes (interpolation linéaire entre lignes de cote)) moins altitude sol LIDAR HD (146.76 m NGF). Terrain surélevé localement par rapport à la cote de référence PHE interpolée à cet endroit : pas de submersion attendue pour cette crue de référence.", "coteReferenceMethode": "TIN isocotes (interpolation linéaire entre lignes de cote)"}}, {"type": "Feature", "geometry": {"coordinates": [[[1.529398, 43.581371], [1.529343, 43.58137], [1.529342, 43.581395], [1.529309, 43.581394], [1.52931, 43.581333], [1.529399, 43.581334], [1.529398, 43.581371]]], "type": "Polygon"}, "properties": {"id": "BATIMENT0000000347709252", "zoneCode": "Bi", "zoneLabel": "Bleue inondation", "zoneColor": "#4FA8E0", "concerne": true, "regime": "Constructions nouvelles : Autorisées sous prescriptions (plancher au-dessus des PHEC, sens d'écoulement ou transparence hydraulique, matériaux peu vulnérables), hors établissements sensibles. Constructions existantes : Extensions autorisées selon usage (habitation, annexes, hébergement +plan de secours, ERP/activités, agricole), plancher au-dessus des PHEC.", "etudeGeotechniqueG2": false, "etagePresent": "Non", "etageSource": "estimé par la hauteur (2.7 m), fiabilité modérée", "typologie": "Typologie indéterminée (donnée absente)", "zoneRefuge": "Conditionnelle : si le plancher ne peut pas être calé au-dessus des PHEC (impossibilité fonctionnelle dûment justifiée), un niveau refuge adapté est exigé (20 m² minimum, hauteur 1,80 m minimum).", "refugeCategorie": "Conditionnelle (impossibilité fonctionnelle à justifier)", "diagnostic": "Étude de vulnérabilité obligatoire sous 1 an pour les établissements sensibles (aléa faible à moyen : pas de délai de mise en œuvre chiffré).", "eligibiliteFprnm": "Non déterminé - typologie non qualifiée en l'état.", "hauteurM": 2.7, "altitudeSolLidarHdM": 146.71, "coteReferencePheM": 146.53, "distanceIsocoteM": 28.0, "hauteurEauEstimeeM": 0.0, "hauteurEauNote": "Estimation : cote de référence PHE (146.53 m NGF, TIN isocotes (interpolation linéaire entre lignes de cote)) moins altitude sol LIDAR HD (146.71 m NGF). Terrain surélevé localement par rapport à la cote de référence PHE interpolée à cet endroit : pas de submersion attendue pour cette crue de référence.", "coteReferenceMethode": "TIN isocotes (interpolation linéaire entre lignes de cote)"}}, {"type": "Feature", "geometry": {"coordinates": [[[1.530057, 43.58141], [1.53028, 43.581417], [1.530279, 43.581344], [1.530058, 43.581337], [1.530057, 43.58141]]], "type": "Polygon"}, "properties": {"id": "BATIMENT0000000347709258", "zoneCode": "Bi", "zoneLabel": "Bleue inondation", "zoneColor": "#4FA8E0", "concerne": true, "regime": "Constructions nouvelles : Autorisées sous prescriptions (plancher au-dessus des PHEC, sens d'écoulement ou transparence hydraulique, matériaux peu vulnérables), hors établissements sensibles. Constructions existantes : Extensions autorisées selon usage (habitation, annexes, hébergement +plan de secours, ERP/activités, agricole), plancher au-dessus des PHEC.", "etudeGeotechniqueG2": false, "etagePresent": "Oui", "etageSource": "connu (BD TOPO nombre_d_etages)", "typologie": "Maison individuelle", "typologieSource": "BD TOPO", "zoneRefuge": "Conditionnelle : si le plancher ne peut pas être calé au-dessus des PHEC (impossibilité fonctionnelle dûment justifiée), un niveau refuge adapté est exigé (20 m² minimum, hauteur 1,80 m minimum).", "refugeCategorie": "Conditionnelle (impossibilité fonctionnelle à justifier)", "diagnostic": "Étude de vulnérabilité obligatoire sous 1 an pour les établissements sensibles (aléa faible à moyen : pas de délai de mise en œuvre chiffré).", "eligibiliteFprnm": "Éligible - habitation : FPRNM à 80% des travaux prescrits, sous réserve d'un bien existant avant le 18/04/2016.", "nbLogements": 1, "hauteurM": 4.3, "altitudeSolLidarHdM": 146.96, "coteReferencePheM": 146.6, "distanceIsocoteM": 93.0, "hauteurEauEstimeeM": 0.0, "hauteurEauNote": "Estimation : cote de référence PHE (146.60 m NGF, TIN isocotes (interpolation linéaire entre lignes de cote)) moins altitude sol LIDAR HD (146.96 m NGF). Terrain surélevé localement par rapport à la cote de référence PHE interpolée à cet endroit : pas de submersion attendue pour cette crue de référence.", "coteReferenceMethode": "TIN isocotes (interpolation linéaire entre lignes de cote)"}}, {"type": "Feature", "geometry": {"coordinates": [[[1.528369, 43.581444], [1.528435, 43.581446], [1.528436, 43.581422], [1.528372, 43.58142], [1.528369, 43.581444]]], "type": "Polygon"}, "properties": {"id": "BATIMENT0000000347709262", "zoneCode": "Ji", "zoneLabel": "Jaune inondation (expansion des crues)", "zoneColor": "#FBC02D", "concerne": true, "regime": "Constructions nouvelles : Interdites comme en zone Rouge, sauf bâtiments agricoles nouveaux et locaux liés à l'existant ≤20 m². Constructions existantes : Mêmes prescriptions qu'en zone Rouge, avec une limite plus stricte pour l'hébergement/établissements vulnérables (+10% de capacité au lieu de +20%).", "etudeGeotechniqueG2": false, "etagePresent": "Oui", "etageSource": "connu (BDNB Fichiers Fonciers nb_niveau=2)", "typologie": "Logement collectif (2 logements)", "typologieSource": "BDNB (Fichiers Fonciers, millésime 2026-02.a)", "zoneRefuge": "Conditionnelle : si le plancher ne peut pas être calé au-dessus des PHEC (impossibilité fonctionnelle dûment justifiée), un niveau refuge adapté est exigé (20 m² minimum, hauteur 1,80 m minimum).", "refugeCategorie": "Conditionnelle (impossibilité fonctionnelle à justifier)", "diagnostic": "Étude de vulnérabilité obligatoire sous 1 an pour les établissements sensibles (aléa faible à moyen : pas de délai de mise en œuvre chiffré).", "eligibiliteFprnm": "Éligible - habitation : FPRNM à 80% des travaux prescrits, sous réserve d'un bien existant avant le 18/04/2016.", "nbLogements": 2, "hauteurM": 1.5, "altitudeSolLidarHdM": 146.86, "coteReferencePheM": 146.5, "distanceIsocoteM": 48.0, "hauteurEauEstimeeM": 0.0, "hauteurEauNote": "Estimation : cote de référence PHE (146.50 m NGF, TIN isocotes (interpolation linéaire entre lignes de cote)) moins altitude sol LIDAR HD (146.86 m NGF). Terrain surélevé localement par rapport à la cote de référence PHE interpolée à cet endroit : pas de submersion attendue pour cette crue de référence.", "coteReferenceMethode": "TIN isocotes (interpolation linéaire entre lignes de cote)"}}, {"type": "Feature", "geometry": {"coordinates": [[[1.535143, 43.579889], [1.535136, 43.579815], [1.535256, 43.579809], [1.535258, 43.579792], [1.535313, 43.579789], [1.535317, 43.57981], [1.535341, 43.579808], [1.535345, 43.579844], [1.535362, 43.579844], [1.535365, 43.579898], [1.535307, 43.579901], [1.535307, 43.579891], [1.535242, 43.579895], [1.535241, 43.579883], [1.535143, 43.579889]]], "type": "Polygon"}, "properties": {"id": "BATIMENT0000000347709263", "zoneCode": "GHi", "zoneLabel": "Grise hachurée inondation (crue historique)", "zoneColor": "#8A8A8A", "concerne": true, "regime": "Constructions nouvelles : Autorisées sous prescriptions : étude géotechnique G2 AVP obligatoire pour toute construction nécessitant des fondations, réseaux eaux pluviales/assainissement étanches. Recommandation : plancher surexhaussé de 30 cm. Constructions existantes : Même régime unique que pour le neuf (pas de distinction nouveau/existant) : étude géotechnique G2 AVP obligatoire pour toute construction nécessitant des fondations. Étude géotechnique G2 AVP (norme NF P 94-500) obligatoire avant travaux nécessitant des fondations.", "etudeGeotechniqueG2": true, "etagePresent": "Non", "etageSource": "connu (BD TOPO nombre_d_etages)", "typologie": "Maison individuelle", "typologieSource": "BD TOPO", "diagnostic": "Étude de vulnérabilité obligatoire sous 1 an pour les établissements sensibles (aléa faible à moyen : pas de délai de mise en œuvre chiffré).", "eligibiliteFprnm": "Éligible - habitation : FPRNM à 80% des travaux prescrits, sous réserve d'un bien existant avant le 18/04/2016.", "nbLogements": 1, "hauteurM": 3.4, "altitudeSolLidarHdM": 148.09, "coteReferencePheM": 147.19, "distanceIsocoteM": 120.0, "hauteurEauEstimeeM": 0.0, "hauteurEauNote": "Estimation : cote de référence PHE (147.19 m NGF, TIN isocotes (interpolation linéaire entre lignes de cote)) moins altitude sol LIDAR HD (148.09 m NGF). Terrain surélevé localement par rapport à la cote de référence PHE interpolée à cet endroit : pas de submersion attendue pour cette crue de référence.", "coteReferenceMethode": "TIN isocotes (interpolation linéaire entre lignes de cote)"}}, {"type": "Feature", "geometry": {"coordinates": [[[1.530624, 43.58141], [1.530611, 43.5813], [1.530673, 43.5813], [1.530678, 43.58133], [1.530747, 43.581328], [1.530749, 43.58136], [1.530807, 43.581358], [1.530812, 43.581425], [1.530742, 43.581482], [1.530685, 43.581446], [1.530679, 43.581408], [1.530624, 43.58141]]], "type": "Polygon"}, "properties": {"id": "BATIMENT0000000347709265", "zoneCode": "Bi", "zoneLabel": "Bleue inondation", "zoneColor": "#4FA8E0", "concerne": true, "regime": "Constructions nouvelles : Autorisées sous prescriptions (plancher au-dessus des PHEC, sens d'écoulement ou transparence hydraulique, matériaux peu vulnérables), hors établissements sensibles. Constructions existantes : Extensions autorisées selon usage (habitation, annexes, hébergement +plan de secours, ERP/activités, agricole), plancher au-dessus des PHEC.", "etudeGeotechniqueG2": false, "etagePresent": "Non", "etageSource": "connu (BD TOPO nombre_d_etages)", "typologie": "Maison individuelle", "typologieSource": "BD TOPO", "zoneRefuge": "Conditionnelle : si le plancher ne peut pas être calé au-dessus des PHEC (impossibilité fonctionnelle dûment justifiée), un niveau refuge adapté est exigé (20 m² minimum, hauteur 1,80 m minimum).", "refugeCategorie": "Conditionnelle (impossibilité fonctionnelle à justifier)", "diagnostic": "Étude de vulnérabilité obligatoire sous 1 an pour les établissements sensibles (aléa faible à moyen : pas de délai de mise en œuvre chiffré).", "eligibiliteFprnm": "Éligible - habitation : FPRNM à 80% des travaux prescrits, sous réserve d'un bien existant avant le 18/04/2016.", "nbLogements": 1, "hauteurM": 3.1, "altitudeSolLidarHdM": 146.77, "coteReferencePheM": 146.65, "distanceIsocoteM": 136.0, "hauteurEauEstimeeM": 0.0, "hauteurEauNote": "Estimation : cote de référence PHE (146.65 m NGF, TIN isocotes (interpolation linéaire entre lignes de cote)) moins altitude sol LIDAR HD (146.77 m NGF). Terrain surélevé localement par rapport à la cote de référence PHE interpolée à cet endroit : pas de submersion attendue pour cette crue de référence.", "coteReferenceMethode": "TIN isocotes (interpolation linéaire entre lignes de cote)"}}, {"type": "Feature", "geometry": {"coordinates": [[[1.530816, 43.581299], [1.530822, 43.581359], [1.530857, 43.581358], [1.530856, 43.58135], [1.5309, 43.581348], [1.530897, 43.581295], [1.530816, 43.581299]]], "type": "Polygon"}, "properties": {"id": "BATIMENT0000000347709266", "zoneCode": "Bi", "zoneLabel": "Bleue inondation", "zoneColor": "#4FA8E0", "concerne": true, "regime": "Constructions nouvelles : Autorisées sous prescriptions (plancher au-dessus des PHEC, sens d'écoulement ou transparence hydraulique, matériaux peu vulnérables), hors établissements sensibles. Constructions existantes : Extensions autorisées selon usage (habitation, annexes, hébergement +plan de secours, ERP/activités, agricole), plancher au-dessus des PHEC.", "etudeGeotechniqueG2": false, "etagePresent": "Oui", "etageSource": "connu (BDNB Fichiers Fonciers nb_niveau=2)", "typologie": "Maison individuelle", "typologieSource": "BDNB (Fichiers Fonciers, millésime 2026-02.a)", "zoneRefuge": "Conditionnelle : si le plancher ne peut pas être calé au-dessus des PHEC (impossibilité fonctionnelle dûment justifiée), un niveau refuge adapté est exigé (20 m² minimum, hauteur 1,80 m minimum).", "refugeCategorie": "Conditionnelle (impossibilité fonctionnelle à justifier)", "diagnostic": "Étude de vulnérabilité obligatoire sous 1 an pour les établissements sensibles (aléa faible à moyen : pas de délai de mise en œuvre chiffré).", "eligibiliteFprnm": "Éligible - habitation : FPRNM à 80% des travaux prescrits, sous réserve d'un bien existant avant le 18/04/2016.", "nbLogements": 1, "hauteurM": 3.1, "altitudeSolLidarHdM": 146.81, "coteReferencePheM": 146.67, "distanceIsocoteM": 149.0, "hauteurEauEstimeeM": 0.0, "hauteurEauNote": "Estimation : cote de référence PHE (146.67 m NGF, TIN isocotes (interpolation linéaire entre lignes de cote)) moins altitude sol LIDAR HD (146.81 m NGF). Terrain surélevé localement par rapport à la cote de référence PHE interpolée à cet endroit : pas de submersion attendue pour cette crue de référence.", "coteReferenceMethode": "TIN isocotes (interpolation linéaire entre lignes de cote)"}}, {"type": "Feature", "geometry": {"coordinates": [[[1.530565, 43.581355], [1.530618, 43.581354], [1.530624, 43.58141], [1.530571, 43.581412], [1.530565, 43.581355]]], "type": "Polygon"}, "properties": {"id": "BATIMENT0000000347709267", "zoneCode": "Bi", "zoneLabel": "Bleue inondation", "zoneColor": "#4FA8E0", "concerne": true, "regime": "Constructions nouvelles : Autorisées sous prescriptions (plancher au-dessus des PHEC, sens d'écoulement ou transparence hydraulique, matériaux peu vulnérables), hors établissements sensibles. Constructions existantes : Extensions autorisées selon usage (habitation, annexes, hébergement +plan de secours, ERP/activités, agricole), plancher au-dessus des PHEC.", "etudeGeotechniqueG2": false, "etagePresent": "Non", "etageSource": "estimé par la hauteur (2.8 m), fiabilité modérée", "typologie": "Typologie indéterminée (donnée absente)", "zoneRefuge": "Conditionnelle : si le plancher ne peut pas être calé au-dessus des PHEC (impossibilité fonctionnelle dûment justifiée), un niveau refuge adapté est exigé (20 m² minimum, hauteur 1,80 m minimum).", "refugeCategorie": "Conditionnelle (impossibilité fonctionnelle à justifier)", "diagnostic": "Étude de vulnérabilité obligatoire sous 1 an pour les établissements sensibles (aléa faible à moyen : pas de délai de mise en œuvre chiffré).", "eligibiliteFprnm": "Non déterminé - typologie non qualifiée en l'état.", "hauteurM": 2.8, "altitudeSolLidarHdM": 146.53, "coteReferencePheM": 146.64, "distanceIsocoteM": 127.0, "hauteurEauEstimeeM": 0.11, "hauteurEauNote": "Estimation : cote de référence PHE (146.64 m NGF, TIN isocotes (interpolation linéaire entre lignes de cote)) moins altitude sol LIDAR HD (146.53 m NGF).", "coteReferenceMethode": "TIN isocotes (interpolation linéaire entre lignes de cote)"}}, {"type": "Feature", "geometry": {"coordinates": [[[1.530747, 43.581328], [1.530804, 43.581326], [1.530807, 43.581358], [1.530749, 43.58136], [1.530747, 43.581328]]], "type": "Polygon"}, "properties": {"id": "BATIMENT0000000347709268", "zoneCode": "Bi", "zoneLabel": "Bleue inondation", "zoneColor": "#4FA8E0", "concerne": true, "regime": "Constructions nouvelles : Autorisées sous prescriptions (plancher au-dessus des PHEC, sens d'écoulement ou transparence hydraulique, matériaux peu vulnérables), hors établissements sensibles. Constructions existantes : Extensions autorisées selon usage (habitation, annexes, hébergement +plan de secours, ERP/activités, agricole), plancher au-dessus des PHEC.", "etudeGeotechniqueG2": false, "etagePresent": "Non", "etageSource": "estimé par la hauteur (3.1 m), fiabilité modérée", "typologie": "Typologie indéterminée (donnée absente)", "zoneRefuge": "Conditionnelle : si le plancher ne peut pas être calé au-dessus des PHEC (impossibilité fonctionnelle dûment justifiée), un niveau refuge adapté est exigé (20 m² minimum, hauteur 1,80 m minimum).", "refugeCategorie": "Conditionnelle (impossibilité fonctionnelle à justifier)", "diagnostic": "Étude de vulnérabilité obligatoire sous 1 an pour les établissements sensibles (aléa faible à moyen : pas de délai de mise en œuvre chiffré).", "eligibiliteFprnm": "Non déterminé - typologie non qualifiée en l'état.", "hauteurM": 3.1, "altitudeSolLidarHdM": 146.73, "coteReferencePheM": 146.66, "distanceIsocoteM": 142.0, "hauteurEauEstimeeM": 0.0, "hauteurEauNote": "Estimation : cote de référence PHE (146.66 m NGF, TIN isocotes (interpolation linéaire entre lignes de cote)) moins altitude sol LIDAR HD (146.73 m NGF). Terrain surélevé localement par rapport à la cote de référence PHE interpolée à cet endroit : pas de submersion attendue pour cette crue de référence.", "coteReferenceMethode": "TIN isocotes (interpolation linéaire entre lignes de cote)"}}, {"type": "Feature", "geometry": {"coordinates": [[[1.530868, 43.581456], [1.530856, 43.58135], [1.5309, 43.581348], [1.530897, 43.581323], [1.530979, 43.581317], [1.53105, 43.581315], [1.531061, 43.581411], [1.530958, 43.581416], [1.530962, 43.581451], [1.530868, 43.581456]]], "type": "Polygon"}, "properties": {"id": "BATIMENT0000000347709269", "zoneCode": "Bi", "zoneLabel": "Bleue inondation", "zoneColor": "#4FA8E0", "concerne": true, "regime": "Constructions nouvelles : Autorisées sous prescriptions (plancher au-dessus des PHEC, sens d'écoulement ou transparence hydraulique, matériaux peu vulnérables), hors établissements sensibles. Constructions existantes : Extensions autorisées selon usage (habitation, annexes, hébergement +plan de secours, ERP/activités, agricole), plancher au-dessus des PHEC.", "etudeGeotechniqueG2": false, "etagePresent": "Oui", "etageSource": "connu (BD TOPO nombre_d_etages)", "typologie": "Maison individuelle", "typologieSource": "BD TOPO", "zoneRefuge": "Conditionnelle : si le plancher ne peut pas être calé au-dessus des PHEC (impossibilité fonctionnelle dûment justifiée), un niveau refuge adapté est exigé (20 m² minimum, hauteur 1,80 m minimum).", "refugeCategorie": "Conditionnelle (impossibilité fonctionnelle à justifier)", "diagnostic": "Étude de vulnérabilité obligatoire sous 1 an pour les établissements sensibles (aléa faible à moyen : pas de délai de mise en œuvre chiffré).", "eligibiliteFprnm": "Éligible - habitation : FPRNM à 80% des travaux prescrits, sous réserve d'un bien existant avant le 18/04/2016.", "nbLogements": 1, "hauteurM": 4.6, "altitudeSolLidarHdM": 147.1, "coteReferencePheM": 146.68, "distanceIsocoteM": 155.0, "hauteurEauEstimeeM": 0.0, "hauteurEauNote": "Estimation : cote de référence PHE (146.68 m NGF, TIN isocotes (interpolation linéaire entre lignes de cote)) moins altitude sol LIDAR HD (147.10 m NGF). Terrain surélevé localement par rapport à la cote de référence PHE interpolée à cet endroit : pas de submersion attendue pour cette crue de référence.", "coteReferenceMethode": "TIN isocotes (interpolation linéaire entre lignes de cote)"}}, {"type": "Feature", "geometry": {"coordinates": [[[1.53105, 43.581315], [1.530979, 43.581317], [1.530977, 43.58129], [1.531047, 43.581288], [1.53105, 43.581315]]], "type": "Polygon"}, "properties": {"id": "BATIMENT0000000347709270", "zoneCode": "Bi", "zoneLabel": "Bleue inondation", "zoneColor": "#4FA8E0", "concerne": true, "regime": "Constructions nouvelles : Autorisées sous prescriptions (plancher au-dessus des PHEC, sens d'écoulement ou transparence hydraulique, matériaux peu vulnérables), hors établissements sensibles. Constructions existantes : Extensions autorisées selon usage (habitation, annexes, hébergement +plan de secours, ERP/activités, agricole), plancher au-dessus des PHEC.", "etudeGeotechniqueG2": false, "etagePresent": "Non", "etageSource": "estimé par la hauteur (3.3 m), fiabilité modérée", "typologie": "Typologie indéterminée (donnée absente)", "zoneRefuge": "Conditionnelle : si le plancher ne peut pas être calé au-dessus des PHEC (impossibilité fonctionnelle dûment justifiée), un niveau refuge adapté est exigé (20 m² minimum, hauteur 1,80 m minimum).", "refugeCategorie": "Conditionnelle (impossibilité fonctionnelle à justifier)", "diagnostic": "Étude de vulnérabilité obligatoire sous 1 an pour les établissements sensibles (aléa faible à moyen : pas de délai de mise en œuvre chiffré).", "eligibiliteFprnm": "Non déterminé - typologie non qualifiée en l'état.", "hauteurM": 3.3, "altitudeSolLidarHdM": 146.95, "coteReferencePheM": 146.68, "distanceIsocoteM": 162.0, "hauteurEauEstimeeM": 0.0, "hauteurEauNote": "Estimation : cote de référence PHE (146.68 m NGF, TIN isocotes (interpolation linéaire entre lignes de cote)) moins altitude sol LIDAR HD (146.95 m NGF). Terrain surélevé localement par rapport à la cote de référence PHE interpolée à cet endroit : pas de submersion attendue pour cette crue de référence.", "coteReferenceMethode": "TIN isocotes (interpolation linéaire entre lignes de cote)"}}, {"type": "Feature", "geometry": {"coordinates": [[[1.531336, 43.581443], [1.53124, 43.581446], [1.531234, 43.581412], [1.531193, 43.581414], [1.531195, 43.581449], [1.531153, 43.581452], [1.531138, 43.581317], [1.531182, 43.581316], [1.531187, 43.58134], [1.531261, 43.581337], [1.53126, 43.581312], [1.531326, 43.581308], [1.531336, 43.581443]]], "type": "Polygon"}, "properties": {"id": "BATIMENT0000000347709271", "zoneCode": "Bi", "zoneLabel": "Bleue inondation", "zoneColor": "#4FA8E0", "concerne": true, "regime": "Constructions nouvelles : Autorisées sous prescriptions (plancher au-dessus des PHEC, sens d'écoulement ou transparence hydraulique, matériaux peu vulnérables), hors établissements sensibles. Constructions existantes : Extensions autorisées selon usage (habitation, annexes, hébergement +plan de secours, ERP/activités, agricole), plancher au-dessus des PHEC.", "etudeGeotechniqueG2": false, "etagePresent": "Non", "etageSource": "connu (BD TOPO nombre_d_etages)", "typologie": "Maison individuelle", "typologieSource": "BD TOPO", "zoneRefuge": "Conditionnelle : si le plancher ne peut pas être calé au-dessus des PHEC (impossibilité fonctionnelle dûment justifiée), un niveau refuge adapté est exigé (20 m² minimum, hauteur 1,80 m minimum).", "refugeCategorie": "Conditionnelle (impossibilité fonctionnelle à justifier)", "diagnostic": "Étude de vulnérabilité obligatoire sous 1 an pour les établissements sensibles (aléa faible à moyen : pas de délai de mise en œuvre chiffré).", "eligibiliteFprnm": "Éligible - habitation : FPRNM à 80% des travaux prescrits, sous réserve d'un bien existant avant le 18/04/2016.", "nbLogements": 1, "hauteurM": 3.1, "altitudeSolLidarHdM": 146.65, "coteReferencePheM": 146.7, "distanceIsocoteM": 178.0, "hauteurEauEstimeeM": 0.05, "hauteurEauNote": "Estimation : cote de référence PHE (146.70 m NGF, TIN isocotes (interpolation linéaire entre lignes de cote)) moins altitude sol LIDAR HD (146.65 m NGF).", "coteReferenceMethode": "TIN isocotes (interpolation linéaire entre lignes de cote)"}}, {"type": "Feature", "geometry": {"coordinates": [[[1.533079, 43.58159], [1.53293, 43.58134], [1.532943, 43.581335], [1.533015, 43.581452], [1.533037, 43.581444], [1.533047, 43.58146], [1.533024, 43.581468], [1.533094, 43.581585], [1.533079, 43.58159]]], "type": "Polygon"}, "properties": {"id": "BATIMENT0000000347709272", "zoneCode": "Ji", "zoneLabel": "Jaune inondation (expansion des crues)", "zoneColor": "#FBC02D", "concerne": true, "regime": "Constructions nouvelles : Interdites comme en zone Rouge, sauf bâtiments agricoles nouveaux et locaux liés à l'existant ≤20 m². Constructions existantes : Mêmes prescriptions qu'en zone Rouge, avec une limite plus stricte pour l'hébergement/établissements vulnérables (+10% de capacité au lieu de +20%).", "etudeGeotechniqueG2": false, "etagePresent": "Non", "etageSource": "connu (BDNB Fichiers Fonciers nb_niveau=1)", "typologie": "Activité économique", "typologieSource": "BDNB (Fichiers Fonciers, millésime 2026-02.a)", "zoneRefuge": "Conditionnelle : si le plancher ne peut pas être calé au-dessus des PHEC (impossibilité fonctionnelle dûment justifiée), un niveau refuge adapté est exigé (20 m² minimum, hauteur 1,80 m minimum).", "refugeCategorie": "Conditionnelle (impossibilité fonctionnelle à justifier)", "diagnostic": "Étude de vulnérabilité obligatoire sous 1 an pour les établissements sensibles (aléa faible à moyen : pas de délai de mise en œuvre chiffré).", "eligibiliteFprnm": "Potentiellement éligible - activité : FPRNM à 20% des travaux prescrits si moins de 20 salariés, sous réserve d'un bien existant avant le 18/04/2016.", "nbLogements": 0, "hauteurM": 4.4, "altitudeSolLidarHdM": 146.89, "coteReferencePheM": 146.86, "distanceIsocoteM": 113.0, "hauteurEauEstimeeM": 0.0, "hauteurEauNote": "Estimation : cote de référence PHE (146.86 m NGF, TIN isocotes (interpolation linéaire entre lignes de cote)) moins altitude sol LIDAR HD (146.89 m NGF). Terrain surélevé localement par rapport à la cote de référence PHE interpolée à cet endroit : pas de submersion attendue pour cette crue de référence.", "coteReferenceMethode": "TIN isocotes (interpolation linéaire entre lignes de cote)"}}, {"type": "Feature", "geometry": {"coordinates": [[[1.533094, 43.581585], [1.533024, 43.581468], [1.533047, 43.58146], [1.533037, 43.581444], [1.533015, 43.581452], [1.532943, 43.581335], [1.533201, 43.581249], [1.533351, 43.5815], [1.533094, 43.581585]]], "type": "Polygon"}, "properties": {"id": "BATIMENT0000000347709273", "zoneCode": "Ji", "zoneLabel": "Jaune inondation (expansion des crues)", "zoneColor": "#FBC02D", "concerne": true, "regime": "Constructions nouvelles : Interdites comme en zone Rouge, sauf bâtiments agricoles nouveaux et locaux liés à l'existant ≤20 m². Constructions existantes : Mêmes prescriptions qu'en zone Rouge, avec une limite plus stricte pour l'hébergement/établissements vulnérables (+10% de capacité au lieu de +20%).", "etudeGeotechniqueG2": false, "etagePresent": "Non", "etageSource": "connu (BD TOPO nombre_d_etages)", "typologie": "Activité économique", "typologieSource": "BD TOPO", "zoneRefuge": "Conditionnelle : si le plancher ne peut pas être calé au-dessus des PHEC (impossibilité fonctionnelle dûment justifiée), un niveau refuge adapté est exigé (20 m² minimum, hauteur 1,80 m minimum).", "refugeCategorie": "Conditionnelle (impossibilité fonctionnelle à justifier)", "diagnostic": "Étude de vulnérabilité obligatoire sous 1 an pour les établissements sensibles (aléa faible à moyen : pas de délai de mise en œuvre chiffré).", "eligibiliteFprnm": "Potentiellement éligible - activité : FPRNM à 20% des travaux prescrits si moins de 20 salariés, sous réserve d'un bien existant avant le 18/04/2016.", "nbLogements": 0, "hauteurM": 4.0, "altitudeSolLidarHdM": 146.9, "coteReferencePheM": 146.88, "distanceIsocoteM": 101.0, "hauteurEauEstimeeM": 0.0, "hauteurEauNote": "Estimation : cote de référence PHE (146.88 m NGF, TIN isocotes (interpolation linéaire entre lignes de cote)) moins altitude sol LIDAR HD (146.90 m NGF). Terrain surélevé localement par rapport à la cote de référence PHE interpolée à cet endroit : pas de submersion attendue pour cette crue de référence.", "coteReferenceMethode": "TIN isocotes (interpolation linéaire entre lignes de cote)"}}, {"type": "Feature", "geometry": {"coordinates": [[[1.534192, 43.580801], [1.533909, 43.580911], [1.5339, 43.5809], [1.533938, 43.580886], [1.533911, 43.580853], [1.534125, 43.580769], [1.53415, 43.580803], [1.534184, 43.58079], [1.534192, 43.580801]]], "type": "Polygon"}, "properties": {"id": "BATIMENT0000000347709274", "zoneCode": "Ji", "zoneLabel": "Jaune inondation (expansion des crues)", "zoneColor": "#FBC02D", "concerne": true, "regime": "Constructions nouvelles : Interdites comme en zone Rouge, sauf bâtiments agricoles nouveaux et locaux liés à l'existant ≤20 m². Constructions existantes : Mêmes prescriptions qu'en zone Rouge, avec une limite plus stricte pour l'hébergement/établissements vulnérables (+10% de capacité au lieu de +20%).", "etudeGeotechniqueG2": false, "etagePresent": "Oui", "etageSource": "estimé par la hauteur (5.7 m), fiabilité modérée", "typologie": "Activité économique", "typologieSource": "BD TOPO", "zoneRefuge": "Conditionnelle : si le plancher ne peut pas être calé au-dessus des PHEC (impossibilité fonctionnelle dûment justifiée), un niveau refuge adapté est exigé (20 m² minimum, hauteur 1,80 m minimum).", "refugeCategorie": "Conditionnelle (impossibilité fonctionnelle à justifier)", "diagnostic": "Étude de vulnérabilité obligatoire sous 1 an pour les établissements sensibles (aléa faible à moyen : pas de délai de mise en œuvre chiffré).", "eligibiliteFprnm": "Potentiellement éligible - activité : FPRNM à 20% des travaux prescrits si moins de 20 salariés, sous réserve d'un bien existant avant le 18/04/2016.", "hauteurM": 5.7, "altitudeSolLidarHdM": 148.85, "coteReferencePheM": 146.99, "distanceIsocoteM": 11.0, "hauteurEauEstimeeM": 0.0, "hauteurEauNote": "Estimation : cote de référence PHE (146.99 m NGF, TIN isocotes (interpolation linéaire entre lignes de cote)) moins altitude sol LIDAR HD (148.85 m NGF). Terrain surélevé localement par rapport à la cote de référence PHE interpolée à cet endroit : pas de submersion attendue pour cette crue de référence.", "coteReferenceMethode": "TIN isocotes (interpolation linéaire entre lignes de cote)"}}, {"type": "Feature", "geometry": {"coordinates": [[[1.530526, 43.580174], [1.530737, 43.580092], [1.530815, 43.580199], [1.530603, 43.580281], [1.530526, 43.580174]]], "type": "Polygon"}, "properties": {"id": "BATIMENT0000000347709275", "zoneCode": "Ri", "zoneLabel": "Rouge inondation", "zoneColor": "#E2001A", "concerne": true, "regime": "Constructions nouvelles : Interdites, sauf exceptions très limitées (accès de sécurité, abris légers ≤20 m² une fois, locaux techniques ≤20 m², locaux jardinage, serres tunnel démontables, piscines). Constructions existantes : Extension habitations/annexes limitée à 20 m² une fois, plancher au-dessus des PHEC (refuge si impossibilité fonctionnelle) ; extension ERP/activités/agricole limitée à 20% de l'emprise, une fois.", "etudeGeotechniqueG2": false, "etagePresent": "Non", "etageSource": "connu (BD TOPO nombre_d_etages)", "typologie": "Activité économique", "typologieSource": "BD TOPO", "zoneRefuge": "Conditionnelle : si le plancher ne peut pas être calé au-dessus des PHEC (impossibilité fonctionnelle dûment justifiée), un niveau refuge adapté est exigé (20 m² minimum, hauteur 1,80 m minimum).", "refugeCategorie": "Conditionnelle (impossibilité fonctionnelle à justifier)", "diagnostic": "Étude de vulnérabilité obligatoire sous 1 an pour les établissements sensibles ; mesures mises en œuvre sous 5 ans (aléa fort), limite 10% valeur vénale.", "eligibiliteFprnm": "Potentiellement éligible - activité : FPRNM à 20% des travaux prescrits si moins de 20 salariés, sous réserve d'un bien existant avant le 18/04/2016.", "nbLogements": 0, "hauteurM": 3.2, "altitudeSolLidarHdM": 145.6, "coteReferencePheM": 146.7, "distanceIsocoteM": 146.0, "hauteurEauEstimeeM": 1.1, "hauteurEauNote": "Estimation : cote de référence PHE (146.70 m NGF, TIN isocotes (interpolation linéaire entre lignes de cote)) moins altitude sol LIDAR HD (145.60 m NGF).", "coteReferenceMethode": "TIN isocotes (interpolation linéaire entre lignes de cote)"}}, {"type": "Feature", "geometry": {"coordinates": [[[1.534976, 43.579782], [1.535045, 43.579759], [1.535002, 43.57969], [1.534934, 43.579713], [1.534976, 43.579782]]], "type": "Polygon"}, "properties": {"id": "BATIMENT0000000347709276", "zoneCode": "Bi", "zoneLabel": "Bleue inondation", "zoneColor": "#4FA8E0", "concerne": true, "zonesIntersectees": "Bi;GHi", "regime": "Constructions nouvelles : Autorisées sous prescriptions (plancher au-dessus des PHEC, sens d'écoulement ou transparence hydraulique, matériaux peu vulnérables), hors établissements sensibles. Constructions existantes : Extensions autorisées selon usage (habitation, annexes, hébergement +plan de secours, ERP/activités, agricole), plancher au-dessus des PHEC.", "etudeGeotechniqueG2": false, "etagePresent": "Non", "etageSource": "connu (BD TOPO nombre_d_etages)", "typologie": "Annexe (non habitée)", "typologieSource": "BD TOPO", "zoneRefuge": "Conditionnelle : si le plancher ne peut pas être calé au-dessus des PHEC (impossibilité fonctionnelle dûment justifiée), un niveau refuge adapté est exigé (20 m² minimum, hauteur 1,80 m minimum).", "refugeCategorie": "Conditionnelle (impossibilité fonctionnelle à justifier)", "diagnostic": "Étude de vulnérabilité obligatoire sous 1 an pour les établissements sensibles (aléa faible à moyen : pas de délai de mise en œuvre chiffré).", "eligibiliteFprnm": "Non déterminé - typologie non qualifiée en l'état.", "nbLogements": 0, "hauteurM": 3.1, "altitudeSolLidarHdM": 147.23, "coteReferencePheM": 147.17, "distanceIsocoteM": 105.0, "hauteurEauEstimeeM": 0.0, "hauteurEauNote": "Estimation : cote de référence PHE (147.17 m NGF, TIN isocotes (interpolation linéaire entre lignes de cote)) moins altitude sol LIDAR HD (147.23 m NGF). Terrain surélevé localement par rapport à la cote de référence PHE interpolée à cet endroit : pas de submersion attendue pour cette crue de référence.", "coteReferenceMethode": "TIN isocotes (interpolation linéaire entre lignes de cote)"}}, {"type": "Feature", "geometry": {"coordinates": [[[1.534489, 43.580088], [1.534556, 43.580189], [1.534473, 43.580218], [1.534408, 43.580116], [1.534489, 43.580088]]], "type": "Polygon"}, "properties": {"id": "BATIMENT0000000347709277", "zoneCode": "Ji", "zoneLabel": "Jaune inondation (expansion des crues)", "zoneColor": "#FBC02D", "concerne": true, "regime": "Constructions nouvelles : Interdites comme en zone Rouge, sauf bâtiments agricoles nouveaux et locaux liés à l'existant ≤20 m². Constructions existantes : Mêmes prescriptions qu'en zone Rouge, avec une limite plus stricte pour l'hébergement/établissements vulnérables (+10% de capacité au lieu de +20%).", "etudeGeotechniqueG2": false, "etagePresent": "Non", "etageSource": "connu (BD TOPO nombre_d_etages)", "typologie": "Annexe (non habitée)", "typologieSource": "BD TOPO", "zoneRefuge": "Conditionnelle : si le plancher ne peut pas être calé au-dessus des PHEC (impossibilité fonctionnelle dûment justifiée), un niveau refuge adapté est exigé (20 m² minimum, hauteur 1,80 m minimum).", "refugeCategorie": "Conditionnelle (impossibilité fonctionnelle à justifier)", "diagnostic": "Étude de vulnérabilité obligatoire sous 1 an pour les établissements sensibles (aléa faible à moyen : pas de délai de mise en œuvre chiffré).", "eligibiliteFprnm": "Non déterminé - typologie non qualifiée en l'état.", "nbLogements": 0, "hauteurM": 3.3, "altitudeSolLidarHdM": 148.25, "coteReferencePheM": 147.08, "distanceIsocoteM": 50.0, "hauteurEauEstimeeM": 0.0, "hauteurEauNote": "Estimation : cote de référence PHE (147.08 m NGF, TIN isocotes (interpolation linéaire entre lignes de cote)) moins altitude sol LIDAR HD (148.25 m NGF). Terrain surélevé localement par rapport à la cote de référence PHE interpolée à cet endroit : pas de submersion attendue pour cette crue de référence.", "coteReferenceMethode": "TIN isocotes (interpolation linéaire entre lignes de cote)"}}, {"type": "Feature", "geometry": {"coordinates": [[[1.531588, 43.579866], [1.531625, 43.579869], [1.531622, 43.579906], [1.531584, 43.579903], [1.531588, 43.579866]]], "type": "Polygon"}, "properties": {"id": "BATIMENT0000000347709278", "zoneCode": "Ri", "zoneLabel": "Rouge inondation", "zoneColor": "#E2001A", "concerne": true, "regime": "Constructions nouvelles : Interdites, sauf exceptions très limitées (accès de sécurité, abris légers ≤20 m² une fois, locaux techniques ≤20 m², locaux jardinage, serres tunnel démontables, piscines). Constructions existantes : Extension habitations/annexes limitée à 20 m² une fois, plancher au-dessus des PHEC (refuge si impossibilité fonctionnelle) ; extension ERP/activités/agricole limitée à 20% de l'emprise, une fois.", "etudeGeotechniqueG2": false, "etagePresent": "Non", "etageSource": "estimé par la hauteur (1.6 m), fiabilité modérée", "typologie": "Typologie indéterminée (donnée absente)", "zoneRefuge": "Conditionnelle : si le plancher ne peut pas être calé au-dessus des PHEC (impossibilité fonctionnelle dûment justifiée), un niveau refuge adapté est exigé (20 m² minimum, hauteur 1,80 m minimum).", "refugeCategorie": "Conditionnelle (impossibilité fonctionnelle à justifier)", "diagnostic": "Étude de vulnérabilité obligatoire sous 1 an pour les établissements sensibles ; mesures mises en œuvre sous 5 ans (aléa fort), limite 10% valeur vénale.", "eligibiliteFprnm": "Non déterminé - typologie non qualifiée en l'état.", "hauteurM": 1.6, "altitudeSolLidarHdM": 145.57, "coteReferencePheM": 146.81, "distanceIsocoteM": 157.0, "hauteurEauEstimeeM": 1.24, "hauteurEauNote": "Estimation : cote de référence PHE (146.81 m NGF, TIN isocotes (interpolation linéaire entre lignes de cote)) moins altitude sol LIDAR HD (145.57 m NGF).", "coteReferenceMethode": "TIN isocotes (interpolation linéaire entre lignes de cote)"}}, {"type": "Feature", "geometry": {"coordinates": [[[1.536781, 43.579439], [1.537021, 43.579359], [1.53687, 43.579116], [1.53662, 43.579198], [1.536781, 43.579439]]], "type": "Polygon"}, "properties": {"id": "BATIMENT0000000347709287", "zoneCode": "GHi", "zoneLabel": "Grise hachurée inondation (crue historique)", "zoneColor": "#8A8A8A", "concerne": true, "regime": "Constructions nouvelles : Autorisées sous prescriptions : étude géotechnique G2 AVP obligatoire pour toute construction nécessitant des fondations, réseaux eaux pluviales/assainissement étanches. Recommandation : plancher surexhaussé de 30 cm. Constructions existantes : Même régime unique que pour le neuf (pas de distinction nouveau/existant) : étude géotechnique G2 AVP obligatoire pour toute construction nécessitant des fondations. Étude géotechnique G2 AVP (norme NF P 94-500) obligatoire avant travaux nécessitant des fondations.", "etudeGeotechniqueG2": true, "etagePresent": "Oui", "etageSource": "étage retenu par prudence (hauteur 5.9 m > seuil 5.30 m)", "typologie": "Activité économique", "typologieSource": "BD TOPO", "diagnostic": "Étude de vulnérabilité obligatoire sous 1 an pour les établissements sensibles (aléa faible à moyen : pas de délai de mise en œuvre chiffré).", "eligibiliteFprnm": "Potentiellement éligible - activité : FPRNM à 20% des travaux prescrits si moins de 20 salariés, sous réserve d'un bien existant avant le 18/04/2016.", "nbLogements": 0, "hauteurM": 5.9, "altitudeSolLidarHdM": 147.86, "coteReferencePheM": 147.42, "distanceIsocoteM": 46.0, "hauteurEauEstimeeM": 0.0, "hauteurEauNote": "Estimation : cote de référence PHE (147.42 m NGF, TIN isocotes (interpolation linéaire entre lignes de cote)) moins altitude sol LIDAR HD (147.86 m NGF). Terrain surélevé localement par rapport à la cote de référence PHE interpolée à cet endroit : pas de submersion attendue pour cette crue de référence.", "coteReferenceMethode": "TIN isocotes (interpolation linéaire entre lignes de cote)"}}, {"type": "Feature", "geometry": {"coordinates": [[[1.536215, 43.579592], [1.536314, 43.57956], [1.536334, 43.579591], [1.536235, 43.579624], [1.536215, 43.579592]]], "type": "Polygon"}, "properties": {"id": "BATIMENT0000000347709299", "zoneCode": "GHi", "zoneLabel": "Grise hachurée inondation (crue historique)", "zoneColor": "#8A8A8A", "concerne": true, "regime": "Constructions nouvelles : Autorisées sous prescriptions : étude géotechnique G2 AVP obligatoire pour toute construction nécessitant des fondations, réseaux eaux pluviales/assainissement étanches. Recommandation : plancher surexhaussé de 30 cm. Constructions existantes : Même régime unique que pour le neuf (pas de distinction nouveau/existant) : étude géotechnique G2 AVP obligatoire pour toute construction nécessitant des fondations. Étude géotechnique G2 AVP (norme NF P 94-500) obligatoire avant travaux nécessitant des fondations.", "etudeGeotechniqueG2": true, "etagePresent": "Oui", "etageSource": "connu (BDNB Fichiers Fonciers nb_niveau=2)", "typologie": "Activité économique", "typologieSource": "BDNB (Fichiers Fonciers, millésime 2026-02.a)", "diagnostic": "Étude de vulnérabilité obligatoire sous 1 an pour les établissements sensibles (aléa faible à moyen : pas de délai de mise en œuvre chiffré).", "eligibiliteFprnm": "Potentiellement éligible - activité : FPRNM à 20% des travaux prescrits si moins de 20 salariés, sous réserve d'un bien existant avant le 18/04/2016.", "nbLogements": 1, "hauteurM": 3.8, "altitudeSolLidarHdM": 147.58, "coteReferencePheM": 147.33, "distanceIsocoteM": 100.0, "hauteurEauEstimeeM": 0.0, "hauteurEauNote": "Estimation : cote de référence PHE (147.33 m NGF, TIN isocotes (interpolation linéaire entre lignes de cote)) moins altitude sol LIDAR HD (147.58 m NGF). Terrain surélevé localement par rapport à la cote de référence PHE interpolée à cet endroit : pas de submersion attendue pour cette crue de référence.", "coteReferenceMethode": "TIN isocotes (interpolation linéaire entre lignes de cote)"}}, {"type": "Feature", "geometry": {"coordinates": [[[1.536215, 43.579592], [1.536235, 43.579624], [1.536334, 43.579591], [1.536378, 43.579668], [1.536284, 43.579697], [1.536288, 43.579708], [1.536185, 43.579741], [1.536114, 43.579626], [1.536215, 43.579592]]], "type": "Polygon"}, "properties": {"id": "BATIMENT0000000347709300", "zoneCode": "GHi", "zoneLabel": "Grise hachurée inondation (crue historique)", "zoneColor": "#8A8A8A", "concerne": true, "regime": "Constructions nouvelles : Autorisées sous prescriptions : étude géotechnique G2 AVP obligatoire pour toute construction nécessitant des fondations, réseaux eaux pluviales/assainissement étanches. Recommandation : plancher surexhaussé de 30 cm. Constructions existantes : Même régime unique que pour le neuf (pas de distinction nouveau/existant) : étude géotechnique G2 AVP obligatoire pour toute construction nécessitant des fondations. Étude géotechnique G2 AVP (norme NF P 94-500) obligatoire avant travaux nécessitant des fondations.", "etudeGeotechniqueG2": true, "etagePresent": "Oui", "etageSource": "connu (BD TOPO nombre_d_etages)", "typologie": "Logement collectif (2 logements)", "typologieSource": "BD TOPO", "diagnostic": "Étude de vulnérabilité obligatoire sous 1 an pour les établissements sensibles (aléa faible à moyen : pas de délai de mise en œuvre chiffré).", "eligibiliteFprnm": "Éligible - habitation : FPRNM à 80% des travaux prescrits, sous réserve d'un bien existant avant le 18/04/2016.", "nbLogements": 2, "hauteurM": 4.0, "altitudeSolLidarHdM": 147.6, "coteReferencePheM": 147.33, "distanceIsocoteM": 105.0, "hauteurEauEstimeeM": 0.0, "hauteurEauNote": "Estimation : cote de référence PHE (147.33 m NGF, TIN isocotes (interpolation linéaire entre lignes de cote)) moins altitude sol LIDAR HD (147.60 m NGF). Terrain surélevé localement par rapport à la cote de référence PHE interpolée à cet endroit : pas de submersion attendue pour cette crue de référence.", "coteReferenceMethode": "TIN isocotes (interpolation linéaire entre lignes de cote)"}}, {"type": "Feature", "geometry": {"coordinates": [[[1.53587, 43.579576], [1.535731, 43.579625], [1.535761, 43.579665], [1.535895, 43.579619], [1.53587, 43.579576]]], "type": "Polygon"}, "properties": {"id": "BATIMENT0000000347709336", "zoneCode": "Bi", "zoneLabel": "Bleue inondation", "zoneColor": "#4FA8E0", "concerne": true, "zonesIntersectees": "Bi;GHi", "regime": "Constructions nouvelles : Autorisées sous prescriptions (plancher au-dessus des PHEC, sens d'écoulement ou transparence hydraulique, matériaux peu vulnérables), hors établissements sensibles. Constructions existantes : Extensions autorisées selon usage (habitation, annexes, hébergement +plan de secours, ERP/activités, agricole), plancher au-dessus des PHEC.", "etudeGeotechniqueG2": false, "etagePresent": "Non", "etageSource": "estimé par la hauteur (3.3 m), fiabilité modérée", "typologie": "Typologie indéterminée (donnée absente)", "zoneRefuge": "Conditionnelle : si le plancher ne peut pas être calé au-dessus des PHEC (impossibilité fonctionnelle dûment justifiée), un niveau refuge adapté est exigé (20 m² minimum, hauteur 1,80 m minimum).", "refugeCategorie": "Conditionnelle (impossibilité fonctionnelle à justifier)", "diagnostic": "Étude de vulnérabilité obligatoire sous 1 an pour les établissements sensibles (aléa faible à moyen : pas de délai de mise en œuvre chiffré).", "eligibiliteFprnm": "Non déterminé - typologie non qualifiée en l'état.", "hauteurM": 3.3, "altitudeSolLidarHdM": 147.61, "coteReferencePheM": 147.28, "distanceIsocoteM": 136.0, "hauteurEauEstimeeM": 0.0, "hauteurEauNote": "Estimation : cote de référence PHE (147.28 m NGF, TIN isocotes (interpolation linéaire entre lignes de cote)) moins altitude sol LIDAR HD (147.61 m NGF). Terrain surélevé localement par rapport à la cote de référence PHE interpolée à cet endroit : pas de submersion attendue pour cette crue de référence.", "coteReferenceMethode": "TIN isocotes (interpolation linéaire entre lignes de cote)"}}, {"type": "Feature", "geometry": {"coordinates": [[[1.535696, 43.579687], [1.535761, 43.579665], [1.535852, 43.579798], [1.535788, 43.579823], [1.535696, 43.579687]]], "type": "Polygon"}, "properties": {"id": "BATIMENT0000000347709337", "zoneCode": "Bi", "zoneLabel": "Bleue inondation", "zoneColor": "#4FA8E0", "concerne": true, "zonesIntersectees": "Bi;GHi", "regime": "Constructions nouvelles : Autorisées sous prescriptions (plancher au-dessus des PHEC, sens d'écoulement ou transparence hydraulique, matériaux peu vulnérables), hors établissements sensibles. Constructions existantes : Extensions autorisées selon usage (habitation, annexes, hébergement +plan de secours, ERP/activités, agricole), plancher au-dessus des PHEC.", "etudeGeotechniqueG2": false, "etagePresent": "Non", "etageSource": "estimé par la hauteur (4.0 m), fiabilité modérée", "typologie": "Typologie indéterminée (donnée absente)", "zoneRefuge": "Conditionnelle : si le plancher ne peut pas être calé au-dessus des PHEC (impossibilité fonctionnelle dûment justifiée), un niveau refuge adapté est exigé (20 m² minimum, hauteur 1,80 m minimum).", "refugeCategorie": "Conditionnelle (impossibilité fonctionnelle à justifier)", "diagnostic": "Étude de vulnérabilité obligatoire sous 1 an pour les établissements sensibles (aléa faible à moyen : pas de délai de mise en œuvre chiffré).", "eligibiliteFprnm": "Non déterminé - typologie non qualifiée en l'état.", "hauteurM": 4.0, "altitudeSolLidarHdM": 147.58, "coteReferencePheM": 147.26, "distanceIsocoteM": 144.0, "hauteurEauEstimeeM": 0.0, "hauteurEauNote": "Estimation : cote de référence PHE (147.26 m NGF, TIN isocotes (interpolation linéaire entre lignes de cote)) moins altitude sol LIDAR HD (147.58 m NGF). Terrain surélevé localement par rapport à la cote de référence PHE interpolée à cet endroit : pas de submersion attendue pour cette crue de référence.", "coteReferenceMethode": "TIN isocotes (interpolation linéaire entre lignes de cote)"}}, {"type": "Feature", "geometry": {"coordinates": [[[1.535852, 43.579798], [1.535761, 43.579665], [1.535895, 43.579619], [1.535986, 43.579749], [1.535852, 43.579798]]], "type": "Polygon"}, "properties": {"id": "BATIMENT0000000347709338", "zoneCode": "GHi", "zoneLabel": "Grise hachurée inondation (crue historique)", "zoneColor": "#8A8A8A", "concerne": true, "regime": "Constructions nouvelles : Autorisées sous prescriptions : étude géotechnique G2 AVP obligatoire pour toute construction nécessitant des fondations, réseaux eaux pluviales/assainissement étanches. Recommandation : plancher surexhaussé de 30 cm. Constructions existantes : Même régime unique que pour le neuf (pas de distinction nouveau/existant) : étude géotechnique G2 AVP obligatoire pour toute construction nécessitant des fondations. Étude géotechnique G2 AVP (norme NF P 94-500) obligatoire avant travaux nécessitant des fondations.", "etudeGeotechniqueG2": true, "etagePresent": "Non", "etageSource": "connu (BD TOPO nombre_d_etages)", "typologie": "Annexe (non habitée)", "typologieSource": "BD TOPO", "diagnostic": "Étude de vulnérabilité obligatoire sous 1 an pour les établissements sensibles (aléa faible à moyen : pas de délai de mise en œuvre chiffré).", "eligibiliteFprnm": "Non déterminé - typologie non qualifiée en l'état.", "nbLogements": 1, "hauteurM": 4.2, "altitudeSolLidarHdM": 147.53, "coteReferencePheM": 147.28, "distanceIsocoteM": 135.0, "hauteurEauEstimeeM": 0.0, "hauteurEauNote": "Estimation : cote de référence PHE (147.28 m NGF, TIN isocotes (interpolation linéaire entre lignes de cote)) moins altitude sol LIDAR HD (147.53 m NGF). Terrain surélevé localement par rapport à la cote de référence PHE interpolée à cet endroit : pas de submersion attendue pour cette crue de référence.", "coteReferenceMethode": "TIN isocotes (interpolation linéaire entre lignes de cote)"}}, {"type": "Feature", "geometry": {"coordinates": [[[1.536918, 43.579694], [1.536861, 43.579599], [1.537056, 43.579539], [1.537097, 43.57961], [1.536987, 43.579643], [1.537003, 43.579668], [1.536918, 43.579694]]], "type": "Polygon"}, "properties": {"id": "BATIMENT0000000347709340", "zoneCode": "GHi", "zoneLabel": "Grise hachurée inondation (crue historique)", "zoneColor": "#8A8A8A", "concerne": true, "regime": "Constructions nouvelles : Autorisées sous prescriptions : étude géotechnique G2 AVP obligatoire pour toute construction nécessitant des fondations, réseaux eaux pluviales/assainissement étanches. Recommandation : plancher surexhaussé de 30 cm. Constructions existantes : Même régime unique que pour le neuf (pas de distinction nouveau/existant) : étude géotechnique G2 AVP obligatoire pour toute construction nécessitant des fondations. Étude géotechnique G2 AVP (norme NF P 94-500) obligatoire avant travaux nécessitant des fondations.", "etudeGeotechniqueG2": true, "etagePresent": "Non", "etageSource": "connu (BD TOPO nombre_d_etages)", "typologie": "Maison individuelle", "typologieSource": "BD TOPO", "diagnostic": "Étude de vulnérabilité obligatoire sous 1 an pour les établissements sensibles (aléa faible à moyen : pas de délai de mise en œuvre chiffré).", "eligibiliteFprnm": "Éligible - habitation : FPRNM à 80% des travaux prescrits, sous réserve d'un bien existant avant le 18/04/2016.", "nbLogements": 1, "hauteurM": 5.3, "altitudeSolLidarHdM": 148.95, "coteReferencePheM": 147.42, "distanceIsocoteM": 47.0, "hauteurEauEstimeeM": 0.0, "hauteurEauNote": "Estimation : cote de référence PHE (147.42 m NGF, TIN isocotes (interpolation linéaire entre lignes de cote)) moins altitude sol LIDAR HD (148.95 m NGF). Terrain surélevé localement par rapport à la cote de référence PHE interpolée à cet endroit : pas de submersion attendue pour cette crue de référence.", "coteReferenceMethode": "TIN isocotes (interpolation linéaire entre lignes de cote)"}}, {"type": "Feature", "geometry": {"coordinates": [[[1.536442, 43.579994], [1.535973, 43.580136], [1.535976, 43.580127], [1.535932, 43.580139], [1.535852, 43.580007], [1.535887, 43.579996], [1.535877, 43.579977], [1.536335, 43.579822], [1.536442, 43.579994]]], "type": "Polygon"}, "properties": {"id": "BATIMENT0000000347709343", "zoneCode": "Bi", "zoneLabel": "Bleue inondation", "zoneColor": "#4FA8E0", "concerne": true, "regime": "Constructions nouvelles : Autorisées sous prescriptions (plancher au-dessus des PHEC, sens d'écoulement ou transparence hydraulique, matériaux peu vulnérables), hors établissements sensibles. Constructions existantes : Extensions autorisées selon usage (habitation, annexes, hébergement +plan de secours, ERP/activités, agricole), plancher au-dessus des PHEC.", "etudeGeotechniqueG2": false, "etagePresent": "Oui", "etageSource": "étage retenu par prudence (hauteur 6.2 m > seuil 5.30 m)", "typologie": "Activité économique", "typologieSource": "BD TOPO", "zoneRefuge": "Conditionnelle : si le plancher ne peut pas être calé au-dessus des PHEC (impossibilité fonctionnelle dûment justifiée), un niveau refuge adapté est exigé (20 m² minimum, hauteur 1,80 m minimum).", "refugeCategorie": "Conditionnelle (impossibilité fonctionnelle à justifier)", "diagnostic": "Étude de vulnérabilité obligatoire sous 1 an pour les établissements sensibles (aléa faible à moyen : pas de délai de mise en œuvre chiffré).", "eligibiliteFprnm": "Potentiellement éligible - activité : FPRNM à 20% des travaux prescrits si moins de 20 salariés, sous réserve d'un bien existant avant le 18/04/2016.", "nbLogements": 0, "hauteurM": 6.2, "altitudeSolLidarHdM": 148.13, "coteReferencePheM": 147.29, "distanceIsocoteM": 125.0, "hauteurEauEstimeeM": 0.0, "hauteurEauNote": "Estimation : cote de référence PHE (147.29 m NGF, TIN isocotes (interpolation linéaire entre lignes de cote)) moins altitude sol LIDAR HD (148.13 m NGF). Terrain surélevé localement par rapport à la cote de référence PHE interpolée à cet endroit : pas de submersion attendue pour cette crue de référence.", "coteReferenceMethode": "TIN isocotes (interpolation linéaire entre lignes de cote)"}}, {"type": "Feature", "geometry": {"coordinates": [[[1.537551, 43.579982], [1.537554, 43.579989], [1.538136, 43.579833], [1.538133, 43.579826], [1.537551, 43.579982]]], "type": "Polygon"}, "properties": {"id": "BATIMENT0000000347709355", "zoneCode": "Ji", "zoneLabel": "Jaune inondation (expansion des crues)", "zoneColor": "#FBC02D", "concerne": true, "regime": "Constructions nouvelles : Interdites comme en zone Rouge, sauf bâtiments agricoles nouveaux et locaux liés à l'existant ≤20 m². Constructions existantes : Mêmes prescriptions qu'en zone Rouge, avec une limite plus stricte pour l'hébergement/établissements vulnérables (+10% de capacité au lieu de +20%).", "etudeGeotechniqueG2": false, "etagePresent": "Non", "etageSource": "connu (BDNB Fichiers Fonciers nb_niveau=1)", "typologie": "Activité économique", "typologieSource": "BDNB (Fichiers Fonciers, millésime 2026-02.a)", "zoneRefuge": "Conditionnelle : si le plancher ne peut pas être calé au-dessus des PHEC (impossibilité fonctionnelle dûment justifiée), un niveau refuge adapté est exigé (20 m² minimum, hauteur 1,80 m minimum).", "refugeCategorie": "Conditionnelle (impossibilité fonctionnelle à justifier)", "diagnostic": "Étude de vulnérabilité obligatoire sous 1 an pour les établissements sensibles (aléa faible à moyen : pas de délai de mise en œuvre chiffré).", "eligibiliteFprnm": "Potentiellement éligible - activité : FPRNM à 20% des travaux prescrits si moins de 20 salariés, sous réserve d'un bien existant avant le 18/04/2016.", "nbLogements": 0, "hauteurM": 4.7, "altitudeSolLidarHdM": 146.92, "coteReferencePheM": 147.51, "distanceIsocoteM": 7.0, "hauteurEauEstimeeM": 0.59, "hauteurEauNote": "Estimation : cote de référence PHE (147.51 m NGF, TIN isocotes (interpolation linéaire entre lignes de cote)) moins altitude sol LIDAR HD (146.92 m NGF).", "coteReferenceMethode": "TIN isocotes (interpolation linéaire entre lignes de cote)"}}, {"type": "Feature", "geometry": {"coordinates": [[[1.537551, 43.579982], [1.537554, 43.579989], [1.538136, 43.579833], [1.538133, 43.579826], [1.538141, 43.579824], [1.538223, 43.579985], [1.538214, 43.579988], [1.538207, 43.579975], [1.537626, 43.58013], [1.537632, 43.580143], [1.537622, 43.580146], [1.537542, 43.579985], [1.537551, 43.579982]]], "type": "Polygon"}, "properties": {"id": "BATIMENT0000000347709356", "zoneCode": "Ji", "zoneLabel": "Jaune inondation (expansion des crues)", "zoneColor": "#FBC02D", "concerne": true, "zonesIntersectees": "GHi;Ji", "regime": "Constructions nouvelles : Interdites comme en zone Rouge, sauf bâtiments agricoles nouveaux et locaux liés à l'existant ≤20 m². Constructions existantes : Mêmes prescriptions qu'en zone Rouge, avec une limite plus stricte pour l'hébergement/établissements vulnérables (+10% de capacité au lieu de +20%).", "etudeGeotechniqueG2": false, "etagePresent": "Oui", "etageSource": "étage retenu par prudence (hauteur 7.1 m > seuil 5.30 m)", "typologie": "Activité économique", "typologieSource": "BD TOPO", "zoneRefuge": "Conditionnelle : si le plancher ne peut pas être calé au-dessus des PHEC (impossibilité fonctionnelle dûment justifiée), un niveau refuge adapté est exigé (20 m² minimum, hauteur 1,80 m minimum).", "refugeCategorie": "Conditionnelle (impossibilité fonctionnelle à justifier)", "diagnostic": "Étude de vulnérabilité obligatoire sous 1 an pour les établissements sensibles (aléa faible à moyen : pas de délai de mise en œuvre chiffré).", "eligibiliteFprnm": "Potentiellement éligible - activité : FPRNM à 20% des travaux prescrits si moins de 20 salariés, sous réserve d'un bien existant avant le 18/04/2016.", "nbLogements": 0, "hauteurM": 7.1, "altitudeSolLidarHdM": 146.96, "coteReferencePheM": 147.51, "distanceIsocoteM": 7.0, "hauteurEauEstimeeM": 0.55, "hauteurEauNote": "Estimation : cote de référence PHE (147.51 m NGF, TIN isocotes (interpolation linéaire entre lignes de cote)) moins altitude sol LIDAR HD (146.96 m NGF).", "coteReferenceMethode": "TIN isocotes (interpolation linéaire entre lignes de cote)"}}, {"type": "Feature", "geometry": {"coordinates": [[[1.537632, 43.580143], [1.538214, 43.579988], [1.538207, 43.579975], [1.537626, 43.58013], [1.537632, 43.580143]]], "type": "Polygon"}, "properties": {"id": "BATIMENT0000000347709357", "zoneCode": "Ji", "zoneLabel": "Jaune inondation (expansion des crues)", "zoneColor": "#FBC02D", "concerne": true, "zonesIntersectees": "GHi;Ji", "regime": "Constructions nouvelles : Interdites comme en zone Rouge, sauf bâtiments agricoles nouveaux et locaux liés à l'existant ≤20 m². Constructions existantes : Mêmes prescriptions qu'en zone Rouge, avec une limite plus stricte pour l'hébergement/établissements vulnérables (+10% de capacité au lieu de +20%).", "etudeGeotechniqueG2": false, "etagePresent": "Oui", "etageSource": "estimé par la hauteur (6.7 m), fiabilité modérée", "typologie": "Activité économique", "typologieSource": "BD TOPO", "zoneRefuge": "Conditionnelle : si le plancher ne peut pas être calé au-dessus des PHEC (impossibilité fonctionnelle dûment justifiée), un niveau refuge adapté est exigé (20 m² minimum, hauteur 1,80 m minimum).", "refugeCategorie": "Conditionnelle (impossibilité fonctionnelle à justifier)", "diagnostic": "Étude de vulnérabilité obligatoire sous 1 an pour les établissements sensibles (aléa faible à moyen : pas de délai de mise en œuvre chiffré).", "eligibiliteFprnm": "Potentiellement éligible - activité : FPRNM à 20% des travaux prescrits si moins de 20 salariés, sous réserve d'un bien existant avant le 18/04/2016.", "hauteurM": 6.7, "altitudeSolLidarHdM": 147.03, "coteReferencePheM": 147.51, "distanceIsocoteM": 8.0, "hauteurEauEstimeeM": 0.48, "hauteurEauNote": "Estimation : cote de référence PHE (147.51 m NGF, TIN isocotes (interpolation linéaire entre lignes de cote)) moins altitude sol LIDAR HD (147.03 m NGF).", "coteReferenceMethode": "TIN isocotes (interpolation linéaire entre lignes de cote)"}}, {"type": "Feature", "geometry": {"coordinates": [[[1.538584, 43.579712], [1.538617, 43.579714], [1.53862, 43.579698], [1.538585, 43.579696], [1.538584, 43.579712]]], "type": "Polygon"}, "properties": {"id": "BATIMENT0000000347709378", "zoneCode": "Ji", "zoneLabel": "Jaune inondation (expansion des crues)", "zoneColor": "#FBC02D", "concerne": true, "regime": "Constructions nouvelles : Interdites comme en zone Rouge, sauf bâtiments agricoles nouveaux et locaux liés à l'existant ≤20 m². Constructions existantes : Mêmes prescriptions qu'en zone Rouge, avec une limite plus stricte pour l'hébergement/établissements vulnérables (+10% de capacité au lieu de +20%).", "etudeGeotechniqueG2": false, "etagePresent": "Non", "etageSource": "estimé par la hauteur (1.4 m), fiabilité modérée", "typologie": "Typologie indéterminée (donnée absente)", "zoneRefuge": "Conditionnelle : si le plancher ne peut pas être calé au-dessus des PHEC (impossibilité fonctionnelle dûment justifiée), un niveau refuge adapté est exigé (20 m² minimum, hauteur 1,80 m minimum).", "refugeCategorie": "Conditionnelle (impossibilité fonctionnelle à justifier)", "diagnostic": "Étude de vulnérabilité obligatoire sous 1 an pour les établissements sensibles (aléa faible à moyen : pas de délai de mise en œuvre chiffré).", "eligibiliteFprnm": "Non déterminé - typologie non qualifiée en l'état.", "hauteurM": 1.4, "altitudeSolLidarHdM": 148.15, "coteReferencePheM": 147.6, "distanceIsocoteM": 73.0, "hauteurEauEstimeeM": 0.0, "hauteurEauNote": "Estimation : cote de référence PHE (147.60 m NGF, TIN isocotes (interpolation linéaire entre lignes de cote)) moins altitude sol LIDAR HD (148.15 m NGF). Terrain surélevé localement par rapport à la cote de référence PHE interpolée à cet endroit : pas de submersion attendue pour cette crue de référence.", "coteReferenceMethode": "TIN isocotes (interpolation linéaire entre lignes de cote)"}}, {"type": "Feature", "geometry": {"coordinates": [[[1.536455, 43.579703], [1.536536, 43.579678], [1.53652, 43.579652], [1.536441, 43.579677], [1.536455, 43.579703]]], "type": "Polygon"}, "properties": {"id": "BATIMENT0000000347709379", "zoneCode": "Bi", "zoneLabel": "Bleue inondation", "zoneColor": "#4FA8E0", "concerne": true, "zonesIntersectees": "Bi;GHi", "regime": "Constructions nouvelles : Autorisées sous prescriptions (plancher au-dessus des PHEC, sens d'écoulement ou transparence hydraulique, matériaux peu vulnérables), hors établissements sensibles. Constructions existantes : Extensions autorisées selon usage (habitation, annexes, hébergement +plan de secours, ERP/activités, agricole), plancher au-dessus des PHEC.", "etudeGeotechniqueG2": false, "etagePresent": "Oui", "etageSource": "connu (BDNB Fichiers Fonciers nb_niveau=2)", "typologie": "Activité économique", "typologieSource": "BDNB (Fichiers Fonciers, millésime 2026-02.a)", "zoneRefuge": "Conditionnelle : si le plancher ne peut pas être calé au-dessus des PHEC (impossibilité fonctionnelle dûment justifiée), un niveau refuge adapté est exigé (20 m² minimum, hauteur 1,80 m minimum).", "refugeCategorie": "Conditionnelle (impossibilité fonctionnelle à justifier)", "diagnostic": "Étude de vulnérabilité obligatoire sous 1 an pour les établissements sensibles (aléa faible à moyen : pas de délai de mise en œuvre chiffré).", "eligibiliteFprnm": "Potentiellement éligible - activité : FPRNM à 20% des travaux prescrits si moins de 20 salariés, sous réserve d'un bien existant avant le 18/04/2016.", "nbLogements": 1, "hauteurM": 3.6, "altitudeSolLidarHdM": 147.47, "coteReferencePheM": 147.36, "distanceIsocoteM": 87.0, "hauteurEauEstimeeM": 0.0, "hauteurEauNote": "Estimation : cote de référence PHE (147.36 m NGF, TIN isocotes (interpolation linéaire entre lignes de cote)) moins altitude sol LIDAR HD (147.47 m NGF). Terrain surélevé localement par rapport à la cote de référence PHE interpolée à cet endroit : pas de submersion attendue pour cette crue de référence.", "coteReferenceMethode": "TIN isocotes (interpolation linéaire entre lignes de cote)"}}, {"type": "Feature", "geometry": {"coordinates": [[[1.536536, 43.579678], [1.536572, 43.579667], [1.536558, 43.579641], [1.53652, 43.579652], [1.536536, 43.579678]]], "type": "Polygon"}, "properties": {"id": "BATIMENT0000000347709380", "zoneCode": "Bi", "zoneLabel": "Bleue inondation", "zoneColor": "#4FA8E0", "concerne": true, "zonesIntersectees": "Bi;GHi", "regime": "Constructions nouvelles : Autorisées sous prescriptions (plancher au-dessus des PHEC, sens d'écoulement ou transparence hydraulique, matériaux peu vulnérables), hors établissements sensibles. Constructions existantes : Extensions autorisées selon usage (habitation, annexes, hébergement +plan de secours, ERP/activités, agricole), plancher au-dessus des PHEC.", "etudeGeotechniqueG2": false, "etagePresent": "Oui", "etageSource": "connu (BDNB Fichiers Fonciers nb_niveau=2)", "typologie": "Activité économique", "typologieSource": "BDNB (Fichiers Fonciers, millésime 2026-02.a)", "zoneRefuge": "Conditionnelle : si le plancher ne peut pas être calé au-dessus des PHEC (impossibilité fonctionnelle dûment justifiée), un niveau refuge adapté est exigé (20 m² minimum, hauteur 1,80 m minimum).", "refugeCategorie": "Conditionnelle (impossibilité fonctionnelle à justifier)", "diagnostic": "Étude de vulnérabilité obligatoire sous 1 an pour les établissements sensibles (aléa faible à moyen : pas de délai de mise en œuvre chiffré).", "eligibiliteFprnm": "Potentiellement éligible - activité : FPRNM à 20% des travaux prescrits si moins de 20 salariés, sous réserve d'un bien existant avant le 18/04/2016.", "nbLogements": 1, "hauteurM": 1.5, "altitudeSolLidarHdM": 147.58, "coteReferencePheM": 147.36, "distanceIsocoteM": 82.0, "hauteurEauEstimeeM": 0.0, "hauteurEauNote": "Estimation : cote de référence PHE (147.36 m NGF, TIN isocotes (interpolation linéaire entre lignes de cote)) moins altitude sol LIDAR HD (147.58 m NGF). Terrain surélevé localement par rapport à la cote de référence PHE interpolée à cet endroit : pas de submersion attendue pour cette crue de référence.", "coteReferenceMethode": "TIN isocotes (interpolation linéaire entre lignes de cote)"}}, {"type": "Feature", "geometry": {"coordinates": [[[1.526239, 43.583872], [1.526274, 43.583902], [1.526266, 43.583907], [1.526307, 43.583942], [1.526317, 43.583936], [1.526436, 43.584026], [1.526455, 43.584014], [1.526477, 43.584034], [1.5265, 43.584018], [1.526537, 43.584047], [1.526526, 43.584056], [1.52657, 43.58409], [1.526581, 43.584084], [1.526698, 43.584174], [1.526692, 43.584178], [1.526719, 43.5842], [1.526726, 43.584195], [1.526803, 43.584259], [1.526838, 43.584286], [1.526811, 43.584302], [1.526806, 43.584353], [1.526837, 43.584375], [1.526707, 43.584462], [1.526702, 43.584457], [1.526671, 43.584478], [1.526676, 43.584481], [1.526552, 43.584563], [1.526546, 43.584557], [1.526496, 43.584589], [1.526503, 43.584595], [1.526464, 43.584621], [1.526329, 43.584513], [1.526421, 43.584455], [1.526424, 43.584447], [1.526451, 43.58441], [1.526469, 43.584394], [1.526504, 43.58438], [1.526524, 43.584368], [1.526534, 43.584353], [1.526538, 43.584283], [1.526567, 43.584261], [1.52655, 43.58425], [1.526453, 43.584169], [1.526461, 43.584164], [1.526417, 43.584127], [1.526408, 43.584133], [1.526374, 43.584107], [1.526323, 43.584141], [1.526294, 43.584119], [1.526304, 43.584112], [1.526187, 43.584024], [1.526197, 43.584016], [1.526151, 43.583981], [1.526143, 43.583988], [1.526105, 43.583959], [1.526239, 43.583872]]], "type": "Polygon"}, "properties": {"id": "BATIMENT0000000347710554", "zoneCode": "Bi", "zoneLabel": "Bleue inondation", "zoneColor": "#4FA8E0", "concerne": true, "regime": "Constructions nouvelles : Autorisées sous prescriptions (plancher au-dessus des PHEC, sens d'écoulement ou transparence hydraulique, matériaux peu vulnérables), hors établissements sensibles. Constructions existantes : Extensions autorisées selon usage (habitation, annexes, hébergement +plan de secours, ERP/activités, agricole), plancher au-dessus des PHEC.", "etudeGeotechniqueG2": false, "etagePresent": "Oui", "etageSource": "connu (BD TOPO nombre_d_etages)", "typologie": "Logement collectif (56 logements)", "typologieSource": "BD TOPO", "zoneRefuge": "Conditionnelle : si le plancher ne peut pas être calé au-dessus des PHEC (impossibilité fonctionnelle dûment justifiée), un niveau refuge adapté est exigé (20 m² minimum, hauteur 1,80 m minimum).", "refugeCategorie": "Conditionnelle (impossibilité fonctionnelle à justifier)", "diagnostic": "Étude de vulnérabilité obligatoire sous 1 an pour les établissements sensibles (aléa faible à moyen : pas de délai de mise en œuvre chiffré).", "eligibiliteFprnm": "Éligible - habitation : FPRNM à 80% des travaux prescrits, sous réserve d'un bien existant avant le 18/04/2016.", "nbLogements": 56, "hauteurM": 8.0, "altitudeSolLidarHdM": 151.51, "coteReferencePheM": 149.73, "distanceIsocoteM": 187.0, "hauteurEauEstimeeM": 0.0, "hauteurEauNote": "Estimation : cote de référence PHE (149.73 m NGF, TIN isocotes (interpolation linéaire entre lignes de cote)) moins altitude sol LIDAR HD (151.51 m NGF). Terrain surélevé localement par rapport à la cote de référence PHE interpolée à cet endroit : pas de submersion attendue pour cette crue de référence.", "coteReferenceMethode": "TIN isocotes (interpolation linéaire entre lignes de cote)"}}, {"type": "Feature", "geometry": {"coordinates": [[[1.524319, 43.58233], [1.524388, 43.582275], [1.524478, 43.582331], [1.524412, 43.582386], [1.524319, 43.58233]]], "type": "Polygon"}, "properties": {"id": "BATIMENT0000000347710763", "zoneCode": "Bi", "zoneLabel": "Bleue inondation", "zoneColor": "#4FA8E0", "concerne": true, "regime": "Constructions nouvelles : Autorisées sous prescriptions (plancher au-dessus des PHEC, sens d'écoulement ou transparence hydraulique, matériaux peu vulnérables), hors établissements sensibles. Constructions existantes : Extensions autorisées selon usage (habitation, annexes, hébergement +plan de secours, ERP/activités, agricole), plancher au-dessus des PHEC.", "etudeGeotechniqueG2": false, "etagePresent": "Oui", "etageSource": "connu (BD TOPO nombre_d_etages)", "typologie": "Maison individuelle", "typologieSource": "BD TOPO", "zoneRefuge": "Conditionnelle : si le plancher ne peut pas être calé au-dessus des PHEC (impossibilité fonctionnelle dûment justifiée), un niveau refuge adapté est exigé (20 m² minimum, hauteur 1,80 m minimum).", "refugeCategorie": "Conditionnelle (impossibilité fonctionnelle à justifier)", "diagnostic": "Étude de vulnérabilité obligatoire sous 1 an pour les établissements sensibles (aléa faible à moyen : pas de délai de mise en œuvre chiffré).", "eligibiliteFprnm": "Éligible - habitation : FPRNM à 80% des travaux prescrits, sous réserve d'un bien existant avant le 18/04/2016.", "nbLogements": 1, "hauteurM": 4.3, "altitudeSolLidarHdM": 147.3, "coteReferencePheM": 146.17, "distanceIsocoteM": 46.0, "hauteurEauEstimeeM": 0.0, "hauteurEauNote": "Estimation : cote de référence PHE (146.17 m NGF, TIN isocotes (interpolation linéaire entre lignes de cote)) moins altitude sol LIDAR HD (147.30 m NGF). Terrain surélevé localement par rapport à la cote de référence PHE interpolée à cet endroit : pas de submersion attendue pour cette crue de référence.", "coteReferenceMethode": "TIN isocotes (interpolation linéaire entre lignes de cote)"}}, {"type": "Feature", "geometry": {"coordinates": [[[1.524467, 43.582201], [1.52439, 43.582265], [1.524363, 43.582249], [1.524436, 43.582187], [1.524467, 43.582201]]], "type": "Polygon"}, "properties": {"id": "BATIMENT0000000347710764", "zoneCode": "Bi", "zoneLabel": "Bleue inondation", "zoneColor": "#4FA8E0", "concerne": true, "regime": "Constructions nouvelles : Autorisées sous prescriptions (plancher au-dessus des PHEC, sens d'écoulement ou transparence hydraulique, matériaux peu vulnérables), hors établissements sensibles. Constructions existantes : Extensions autorisées selon usage (habitation, annexes, hébergement +plan de secours, ERP/activités, agricole), plancher au-dessus des PHEC.", "etudeGeotechniqueG2": false, "etagePresent": "Non", "etageSource": "connu (BD TOPO nombre_d_etages)", "typologie": "Annexe (non habitée)", "typologieSource": "BD TOPO", "zoneRefuge": "Conditionnelle : si le plancher ne peut pas être calé au-dessus des PHEC (impossibilité fonctionnelle dûment justifiée), un niveau refuge adapté est exigé (20 m² minimum, hauteur 1,80 m minimum).", "refugeCategorie": "Conditionnelle (impossibilité fonctionnelle à justifier)", "diagnostic": "Étude de vulnérabilité obligatoire sous 1 an pour les établissements sensibles (aléa faible à moyen : pas de délai de mise en œuvre chiffré).", "eligibiliteFprnm": "Non déterminé - typologie non qualifiée en l'état.", "nbLogements": 0, "hauteurM": 2.3, "altitudeSolLidarHdM": 147.34, "coteReferencePheM": 146.18, "distanceIsocoteM": 47.0, "hauteurEauEstimeeM": 0.0, "hauteurEauNote": "Estimation : cote de référence PHE (146.18 m NGF, TIN isocotes (interpolation linéaire entre lignes de cote)) moins altitude sol LIDAR HD (147.34 m NGF). Terrain surélevé localement par rapport à la cote de référence PHE interpolée à cet endroit : pas de submersion attendue pour cette crue de référence.", "coteReferenceMethode": "TIN isocotes (interpolation linéaire entre lignes de cote)"}}, {"type": "Feature", "geometry": {"coordinates": [[[1.524386, 43.582156], [1.524436, 43.582187], [1.524385, 43.58223], [1.524335, 43.582198], [1.524386, 43.582156]]], "type": "Polygon"}, "properties": {"id": "BATIMENT0000000347710765", "zoneCode": "Bi", "zoneLabel": "Bleue inondation", "zoneColor": "#4FA8E0", "concerne": true, "regime": "Constructions nouvelles : Autorisées sous prescriptions (plancher au-dessus des PHEC, sens d'écoulement ou transparence hydraulique, matériaux peu vulnérables), hors établissements sensibles. Constructions existantes : Extensions autorisées selon usage (habitation, annexes, hébergement +plan de secours, ERP/activités, agricole), plancher au-dessus des PHEC.", "etudeGeotechniqueG2": false, "etagePresent": "Non", "etageSource": "connu (BD TOPO nombre_d_etages)", "typologie": "Annexe (non habitée)", "typologieSource": "BD TOPO", "zoneRefuge": "Conditionnelle : si le plancher ne peut pas être calé au-dessus des PHEC (impossibilité fonctionnelle dûment justifiée), un niveau refuge adapté est exigé (20 m² minimum, hauteur 1,80 m minimum).", "refugeCategorie": "Conditionnelle (impossibilité fonctionnelle à justifier)", "diagnostic": "Étude de vulnérabilité obligatoire sous 1 an pour les établissements sensibles (aléa faible à moyen : pas de délai de mise en œuvre chiffré).", "eligibiliteFprnm": "Non déterminé - typologie non qualifiée en l'état.", "nbLogements": 0, "hauteurM": 2.4, "altitudeSolLidarHdM": 147.34, "coteReferencePheM": 146.17, "distanceIsocoteM": 45.0, "hauteurEauEstimeeM": 0.0, "hauteurEauNote": "Estimation : cote de référence PHE (146.17 m NGF, TIN isocotes (interpolation linéaire entre lignes de cote)) moins altitude sol LIDAR HD (147.34 m NGF). Terrain surélevé localement par rapport à la cote de référence PHE interpolée à cet endroit : pas de submersion attendue pour cette crue de référence.", "coteReferenceMethode": "TIN isocotes (interpolation linéaire entre lignes de cote)"}}, {"type": "Feature", "geometry": {"coordinates": [[[1.523872, 43.582056], [1.523899, 43.582073], [1.52391, 43.582065], [1.523883, 43.582048], [1.523872, 43.582056]]], "type": "Polygon"}, "properties": {"id": "BATIMENT0000000347710773", "zoneCode": "Bi", "zoneLabel": "Bleue inondation", "zoneColor": "#4FA8E0", "concerne": true, "regime": "Constructions nouvelles : Autorisées sous prescriptions (plancher au-dessus des PHEC, sens d'écoulement ou transparence hydraulique, matériaux peu vulnérables), hors établissements sensibles. Constructions existantes : Extensions autorisées selon usage (habitation, annexes, hébergement +plan de secours, ERP/activités, agricole), plancher au-dessus des PHEC.", "etudeGeotechniqueG2": false, "etagePresent": "Non", "etageSource": "connu (BDNB Fichiers Fonciers nb_niveau=1)", "typologie": "Maison individuelle", "typologieSource": "BDNB (Fichiers Fonciers, millésime 2026-02.a)", "zoneRefuge": "Conditionnelle : si le plancher ne peut pas être calé au-dessus des PHEC (impossibilité fonctionnelle dûment justifiée), un niveau refuge adapté est exigé (20 m² minimum, hauteur 1,80 m minimum).", "refugeCategorie": "Conditionnelle (impossibilité fonctionnelle à justifier)", "diagnostic": "Étude de vulnérabilité obligatoire sous 1 an pour les établissements sensibles (aléa faible à moyen : pas de délai de mise en œuvre chiffré).", "eligibiliteFprnm": "Éligible - habitation : FPRNM à 80% des travaux prescrits, sous réserve d'un bien existant avant le 18/04/2016.", "nbLogements": 1, "hauteurM": 4.7, "altitudeSolLidarHdM": 146.71, "coteReferencePheM": 146.02, "distanceIsocoteM": 5.0, "hauteurEauEstimeeM": 0.0, "hauteurEauNote": "Estimation : cote de référence PHE (146.02 m NGF, TIN isocotes (interpolation linéaire entre lignes de cote)) moins altitude sol LIDAR HD (146.71 m NGF). Terrain surélevé localement par rapport à la cote de référence PHE interpolée à cet endroit : pas de submersion attendue pour cette crue de référence.", "coteReferenceMethode": "TIN isocotes (interpolation linéaire entre lignes de cote)"}}, {"type": "Feature", "geometry": {"coordinates": [[[1.524189, 43.582232], [1.5242, 43.582221], [1.52423, 43.58224], [1.524217, 43.582249], [1.524189, 43.582232]]], "type": "Polygon"}, "properties": {"id": "BATIMENT0000000347710777", "zoneCode": "Bi", "zoneLabel": "Bleue inondation", "zoneColor": "#4FA8E0", "concerne": true, "regime": "Constructions nouvelles : Autorisées sous prescriptions (plancher au-dessus des PHEC, sens d'écoulement ou transparence hydraulique, matériaux peu vulnérables), hors établissements sensibles. Constructions existantes : Extensions autorisées selon usage (habitation, annexes, hébergement +plan de secours, ERP/activités, agricole), plancher au-dessus des PHEC.", "etudeGeotechniqueG2": false, "etagePresent": "Oui", "etageSource": "connu (BDNB Fichiers Fonciers nb_niveau=2)", "typologie": "Maison individuelle", "typologieSource": "BDNB (Fichiers Fonciers, millésime 2026-02.a)", "zoneRefuge": "Conditionnelle : si le plancher ne peut pas être calé au-dessus des PHEC (impossibilité fonctionnelle dûment justifiée), un niveau refuge adapté est exigé (20 m² minimum, hauteur 1,80 m minimum).", "refugeCategorie": "Conditionnelle (impossibilité fonctionnelle à justifier)", "diagnostic": "Étude de vulnérabilité obligatoire sous 1 an pour les établissements sensibles (aléa faible à moyen : pas de délai de mise en œuvre chiffré).", "eligibiliteFprnm": "Éligible - habitation : FPRNM à 80% des travaux prescrits, sous réserve d'un bien existant avant le 18/04/2016.", "nbLogements": 1, "hauteurM": 4.3, "altitudeSolLidarHdM": 147.03, "coteReferencePheM": 146.11, "distanceIsocoteM": 30.0, "hauteurEauEstimeeM": 0.0, "hauteurEauNote": "Estimation : cote de référence PHE (146.11 m NGF, TIN isocotes (interpolation linéaire entre lignes de cote)) moins altitude sol LIDAR HD (147.03 m NGF). Terrain surélevé localement par rapport à la cote de référence PHE interpolée à cet endroit : pas de submersion attendue pour cette crue de référence.", "coteReferenceMethode": "TIN isocotes (interpolation linéaire entre lignes de cote)"}}, {"type": "Feature", "geometry": {"coordinates": [[[1.524217, 43.582249], [1.52423, 43.58224], [1.5242, 43.582221], [1.524263, 43.58217], [1.524348, 43.582223], [1.524273, 43.582285], [1.524217, 43.582249]]], "type": "Polygon"}, "properties": {"id": "BATIMENT0000000347710778", "zoneCode": "Bi", "zoneLabel": "Bleue inondation", "zoneColor": "#4FA8E0", "concerne": true, "regime": "Constructions nouvelles : Autorisées sous prescriptions (plancher au-dessus des PHEC, sens d'écoulement ou transparence hydraulique, matériaux peu vulnérables), hors établissements sensibles. Constructions existantes : Extensions autorisées selon usage (habitation, annexes, hébergement +plan de secours, ERP/activités, agricole), plancher au-dessus des PHEC.", "etudeGeotechniqueG2": false, "etagePresent": "Oui", "etageSource": "connu (BD TOPO nombre_d_etages)", "typologie": "Maison individuelle", "typologieSource": "BD TOPO", "zoneRefuge": "Conditionnelle : si le plancher ne peut pas être calé au-dessus des PHEC (impossibilité fonctionnelle dûment justifiée), un niveau refuge adapté est exigé (20 m² minimum, hauteur 1,80 m minimum).", "refugeCategorie": "Conditionnelle (impossibilité fonctionnelle à justifier)", "diagnostic": "Étude de vulnérabilité obligatoire sous 1 an pour les établissements sensibles (aléa faible à moyen : pas de délai de mise en œuvre chiffré).", "eligibiliteFprnm": "Éligible - habitation : FPRNM à 80% des travaux prescrits, sous réserve d'un bien existant avant le 18/04/2016.", "nbLogements": 1, "hauteurM": 4.4, "altitudeSolLidarHdM": 147.12, "coteReferencePheM": 146.13, "distanceIsocoteM": 36.0, "hauteurEauEstimeeM": 0.0, "hauteurEauNote": "Estimation : cote de référence PHE (146.13 m NGF, TIN isocotes (interpolation linéaire entre lignes de cote)) moins altitude sol LIDAR HD (147.12 m NGF). Terrain surélevé localement par rapport à la cote de référence PHE interpolée à cet endroit : pas de submersion attendue pour cette crue de référence.", "coteReferenceMethode": "TIN isocotes (interpolation linéaire entre lignes de cote)"}}, {"type": "Feature", "geometry": {"coordinates": [[[1.524021, 43.582142], [1.524083, 43.582088], [1.524126, 43.582113], [1.524156, 43.582086], [1.524211, 43.58212], [1.524115, 43.5822], [1.524021, 43.582142]]], "type": "Polygon"}, "properties": {"id": "BATIMENT0000000347710781", "zoneCode": "Bi", "zoneLabel": "Bleue inondation", "zoneColor": "#4FA8E0", "concerne": true, "regime": "Constructions nouvelles : Autorisées sous prescriptions (plancher au-dessus des PHEC, sens d'écoulement ou transparence hydraulique, matériaux peu vulnérables), hors établissements sensibles. Constructions existantes : Extensions autorisées selon usage (habitation, annexes, hébergement +plan de secours, ERP/activités, agricole), plancher au-dessus des PHEC.", "etudeGeotechniqueG2": false, "etagePresent": "Non", "etageSource": "connu (BD TOPO nombre_d_etages)", "typologie": "Maison individuelle", "typologieSource": "BD TOPO", "zoneRefuge": "Conditionnelle : si le plancher ne peut pas être calé au-dessus des PHEC (impossibilité fonctionnelle dûment justifiée), un niveau refuge adapté est exigé (20 m² minimum, hauteur 1,80 m minimum).", "refugeCategorie": "Conditionnelle (impossibilité fonctionnelle à justifier)", "diagnostic": "Étude de vulnérabilité obligatoire sous 1 an pour les établissements sensibles (aléa faible à moyen : pas de délai de mise en œuvre chiffré).", "eligibiliteFprnm": "Éligible - habitation : FPRNM à 80% des travaux prescrits, sous réserve d'un bien existant avant le 18/04/2016.", "nbLogements": 1, "hauteurM": 4.2, "altitudeSolLidarHdM": 146.73, "coteReferencePheM": 146.09, "distanceIsocoteM": 23.0, "hauteurEauEstimeeM": 0.0, "hauteurEauNote": "Estimation : cote de référence PHE (146.09 m NGF, TIN isocotes (interpolation linéaire entre lignes de cote)) moins altitude sol LIDAR HD (146.73 m NGF). Terrain surélevé localement par rapport à la cote de référence PHE interpolée à cet endroit : pas de submersion attendue pour cette crue de référence.", "coteReferenceMethode": "TIN isocotes (interpolation linéaire entre lignes de cote)"}}, {"type": "Feature", "geometry": {"coordinates": [[[1.526129, 43.5829], [1.526185, 43.582851], [1.52625, 43.58289], [1.52628, 43.582862], [1.526358, 43.582909], [1.526237, 43.583013], [1.526162, 43.582967], [1.526193, 43.582939], [1.526129, 43.5829]]], "type": "Polygon"}, "properties": {"id": "BATIMENT0000000347710916", "zoneCode": "Bi", "zoneLabel": "Bleue inondation", "zoneColor": "#4FA8E0", "concerne": true, "regime": "Constructions nouvelles : Autorisées sous prescriptions (plancher au-dessus des PHEC, sens d'écoulement ou transparence hydraulique, matériaux peu vulnérables), hors établissements sensibles. Constructions existantes : Extensions autorisées selon usage (habitation, annexes, hébergement +plan de secours, ERP/activités, agricole), plancher au-dessus des PHEC.", "etudeGeotechniqueG2": false, "etagePresent": "Oui", "etageSource": "connu (BD TOPO nombre_d_etages)", "typologie": "Maison individuelle", "typologieSource": "BD TOPO", "zoneRefuge": "Conditionnelle : si le plancher ne peut pas être calé au-dessus des PHEC (impossibilité fonctionnelle dûment justifiée), un niveau refuge adapté est exigé (20 m² minimum, hauteur 1,80 m minimum).", "refugeCategorie": "Conditionnelle (impossibilité fonctionnelle à justifier)", "diagnostic": "Étude de vulnérabilité obligatoire sous 1 an pour les établissements sensibles (aléa faible à moyen : pas de délai de mise en œuvre chiffré).", "eligibiliteFprnm": "Éligible - habitation : FPRNM à 80% des travaux prescrits, sous réserve d'un bien existant avant le 18/04/2016.", "nbLogements": 1, "hauteurM": 3.6, "altitudeSolLidarHdM": 148.79, "coteReferencePheM": 148.0, "distanceIsocoteM": 119.0, "hauteurEauEstimeeM": 0.0, "hauteurEauNote": "Estimation : cote de référence PHE (148.00 m NGF, TIN isocotes (interpolation linéaire entre lignes de cote)) moins altitude sol LIDAR HD (148.79 m NGF). Terrain surélevé localement par rapport à la cote de référence PHE interpolée à cet endroit : pas de submersion attendue pour cette crue de référence.", "coteReferenceMethode": "TIN isocotes (interpolation linéaire entre lignes de cote)"}}, {"type": "Feature", "geometry": {"coordinates": [[[1.526603, 43.583176], [1.526573, 43.583159], [1.526543, 43.583186], [1.526572, 43.583204], [1.526603, 43.583176]]], "type": "Polygon"}, "properties": {"id": "BATIMENT0000000347710922", "zoneCode": "Bi", "zoneLabel": "Bleue inondation", "zoneColor": "#4FA8E0", "concerne": true, "regime": "Constructions nouvelles : Autorisées sous prescriptions (plancher au-dessus des PHEC, sens d'écoulement ou transparence hydraulique, matériaux peu vulnérables), hors établissements sensibles. Constructions existantes : Extensions autorisées selon usage (habitation, annexes, hébergement +plan de secours, ERP/activités, agricole), plancher au-dessus des PHEC.", "etudeGeotechniqueG2": false, "etagePresent": "Non", "etageSource": "estimé par la hauteur (4.2 m), fiabilité modérée", "typologie": "Typologie indéterminée (donnée absente)", "zoneRefuge": "Conditionnelle : si le plancher ne peut pas être calé au-dessus des PHEC (impossibilité fonctionnelle dûment justifiée), un niveau refuge adapté est exigé (20 m² minimum, hauteur 1,80 m minimum).", "refugeCategorie": "Conditionnelle (impossibilité fonctionnelle à justifier)", "diagnostic": "Étude de vulnérabilité obligatoire sous 1 an pour les établissements sensibles (aléa faible à moyen : pas de délai de mise en œuvre chiffré).", "eligibiliteFprnm": "Non déterminé - typologie non qualifiée en l'état.", "hauteurM": 4.2, "altitudeSolLidarHdM": 149.1, "coteReferencePheM": 148.56, "distanceIsocoteM": 154.0, "hauteurEauEstimeeM": 0.0, "hauteurEauNote": "Estimation : cote de référence PHE (148.56 m NGF, TIN isocotes (interpolation linéaire entre lignes de cote)) moins altitude sol LIDAR HD (149.10 m NGF). Terrain surélevé localement par rapport à la cote de référence PHE interpolée à cet endroit : pas de submersion attendue pour cette crue de référence.", "coteReferenceMethode": "TIN isocotes (interpolation linéaire entre lignes de cote)"}}, {"type": "Feature", "geometry": {"coordinates": [[[1.526572, 43.583204], [1.526603, 43.583176], [1.526573, 43.583159], [1.526611, 43.583124], [1.52665, 43.583148], [1.526666, 43.583134], [1.526706, 43.583157], [1.526734, 43.583132], [1.526801, 43.583172], [1.526715, 43.583247], [1.526646, 43.583205], [1.526616, 43.58323], [1.526572, 43.583204]]], "type": "Polygon"}, "properties": {"id": "BATIMENT0000000347710923", "zoneCode": "Bi", "zoneLabel": "Bleue inondation", "zoneColor": "#4FA8E0", "concerne": true, "regime": "Constructions nouvelles : Autorisées sous prescriptions (plancher au-dessus des PHEC, sens d'écoulement ou transparence hydraulique, matériaux peu vulnérables), hors établissements sensibles. Constructions existantes : Extensions autorisées selon usage (habitation, annexes, hébergement +plan de secours, ERP/activités, agricole), plancher au-dessus des PHEC.", "etudeGeotechniqueG2": false, "etagePresent": "Oui", "etageSource": "connu (BD TOPO nombre_d_etages)", "typologie": "Maison individuelle", "typologieSource": "BD TOPO", "zoneRefuge": "Conditionnelle : si le plancher ne peut pas être calé au-dessus des PHEC (impossibilité fonctionnelle dûment justifiée), un niveau refuge adapté est exigé (20 m² minimum, hauteur 1,80 m minimum).", "refugeCategorie": "Conditionnelle (impossibilité fonctionnelle à justifier)", "diagnostic": "Étude de vulnérabilité obligatoire sous 1 an pour les établissements sensibles (aléa faible à moyen : pas de délai de mise en œuvre chiffré).", "eligibiliteFprnm": "Éligible - habitation : FPRNM à 80% des travaux prescrits, sous réserve d'un bien existant avant le 18/04/2016.", "nbLogements": 1, "hauteurM": 5.3, "altitudeSolLidarHdM": 148.74, "coteReferencePheM": 148.46, "distanceIsocoteM": 158.0, "hauteurEauEstimeeM": 0.0, "hauteurEauNote": "Estimation : cote de référence PHE (148.46 m NGF, TIN isocotes (interpolation linéaire entre lignes de cote)) moins altitude sol LIDAR HD (148.74 m NGF). Terrain surélevé localement par rapport à la cote de référence PHE interpolée à cet endroit : pas de submersion attendue pour cette crue de référence.", "coteReferenceMethode": "TIN isocotes (interpolation linéaire entre lignes de cote)"}}, {"type": "Feature", "geometry": {"coordinates": [[[1.526666, 43.583134], [1.526706, 43.583157], [1.526722, 43.583142], [1.526682, 43.583119], [1.526666, 43.583134]]], "type": "Polygon"}, "properties": {"id": "BATIMENT0000000347710924", "zoneCode": "Bi", "zoneLabel": "Bleue inondation", "zoneColor": "#4FA8E0", "concerne": true, "regime": "Constructions nouvelles : Autorisées sous prescriptions (plancher au-dessus des PHEC, sens d'écoulement ou transparence hydraulique, matériaux peu vulnérables), hors établissements sensibles. Constructions existantes : Extensions autorisées selon usage (habitation, annexes, hébergement +plan de secours, ERP/activités, agricole), plancher au-dessus des PHEC.", "etudeGeotechniqueG2": false, "etagePresent": "Non", "etageSource": "estimé par la hauteur (2.7 m), fiabilité modérée", "typologie": "Typologie indéterminée (donnée absente)", "zoneRefuge": "Conditionnelle : si le plancher ne peut pas être calé au-dessus des PHEC (impossibilité fonctionnelle dûment justifiée), un niveau refuge adapté est exigé (20 m² minimum, hauteur 1,80 m minimum).", "refugeCategorie": "Conditionnelle (impossibilité fonctionnelle à justifier)", "diagnostic": "Étude de vulnérabilité obligatoire sous 1 an pour les établissements sensibles (aléa faible à moyen : pas de délai de mise en œuvre chiffré).", "eligibiliteFprnm": "Non déterminé - typologie non qualifiée en l'état.", "hauteurM": 2.7, "altitudeSolLidarHdM": 149.04, "coteReferencePheM": 148.35, "distanceIsocoteM": 154.0, "hauteurEauEstimeeM": 0.0, "hauteurEauNote": "Estimation : cote de référence PHE (148.35 m NGF, TIN isocotes (interpolation linéaire entre lignes de cote)) moins altitude sol LIDAR HD (149.04 m NGF). Terrain surélevé localement par rapport à la cote de référence PHE interpolée à cet endroit : pas de submersion attendue pour cette crue de référence.", "coteReferenceMethode": "TIN isocotes (interpolation linéaire entre lignes de cote)"}}, {"type": "Feature", "geometry": {"coordinates": [[[1.526202, 43.583499], [1.526245, 43.583461], [1.526274, 43.58348], [1.526232, 43.583515], [1.526202, 43.583499]]], "type": "Polygon"}, "properties": {"id": "BATIMENT0000000347710928", "zoneCode": "Bi", "zoneLabel": "Bleue inondation", "zoneColor": "#4FA8E0", "concerne": true, "regime": "Constructions nouvelles : Autorisées sous prescriptions (plancher au-dessus des PHEC, sens d'écoulement ou transparence hydraulique, matériaux peu vulnérables), hors établissements sensibles. Constructions existantes : Extensions autorisées selon usage (habitation, annexes, hébergement +plan de secours, ERP/activités, agricole), plancher au-dessus des PHEC.", "etudeGeotechniqueG2": false, "etagePresent": "Non", "etageSource": "connu (BDNB Fichiers Fonciers nb_niveau=1)", "typologie": "Maison individuelle", "typologieSource": "BDNB (Fichiers Fonciers, millésime 2026-02.a)", "zoneRefuge": "Conditionnelle : si le plancher ne peut pas être calé au-dessus des PHEC (impossibilité fonctionnelle dûment justifiée), un niveau refuge adapté est exigé (20 m² minimum, hauteur 1,80 m minimum).", "refugeCategorie": "Conditionnelle (impossibilité fonctionnelle à justifier)", "diagnostic": "Étude de vulnérabilité obligatoire sous 1 an pour les établissements sensibles (aléa faible à moyen : pas de délai de mise en œuvre chiffré).", "eligibiliteFprnm": "Éligible - habitation : FPRNM à 80% des travaux prescrits, sous réserve d'un bien existant avant le 18/04/2016.", "nbLogements": 1, "hauteurM": 3.5, "altitudeSolLidarHdM": 149.44, "coteReferencePheM": 148.63, "distanceIsocoteM": 180.0, "hauteurEauEstimeeM": 0.0, "hauteurEauNote": "Estimation : cote de référence PHE (148.63 m NGF, TIN isocotes (interpolation linéaire entre lignes de cote)) moins altitude sol LIDAR HD (149.44 m NGF). Terrain surélevé localement par rapport à la cote de référence PHE interpolée à cet endroit : pas de submersion attendue pour cette crue de référence.", "coteReferenceMethode": "TIN isocotes (interpolation linéaire entre lignes de cote)"}}, {"type": "Feature", "geometry": {"coordinates": [[[1.526245, 43.583461], [1.526202, 43.583499], [1.526175, 43.583481], [1.526185, 43.583474], [1.5261, 43.583421], [1.526223, 43.58332], [1.526307, 43.583373], [1.526221, 43.583445], [1.526245, 43.583461]]], "type": "Polygon"}, "properties": {"id": "BATIMENT0000000347710929", "zoneCode": "Bi", "zoneLabel": "Bleue inondation", "zoneColor": "#4FA8E0", "concerne": true, "regime": "Constructions nouvelles : Autorisées sous prescriptions (plancher au-dessus des PHEC, sens d'écoulement ou transparence hydraulique, matériaux peu vulnérables), hors établissements sensibles. Constructions existantes : Extensions autorisées selon usage (habitation, annexes, hébergement +plan de secours, ERP/activités, agricole), plancher au-dessus des PHEC.", "etudeGeotechniqueG2": false, "etagePresent": "Non", "etageSource": "connu (BD TOPO nombre_d_etages)", "typologie": "Maison individuelle", "typologieSource": "BD TOPO", "zoneRefuge": "Conditionnelle : si le plancher ne peut pas être calé au-dessus des PHEC (impossibilité fonctionnelle dûment justifiée), un niveau refuge adapté est exigé (20 m² minimum, hauteur 1,80 m minimum).", "refugeCategorie": "Conditionnelle (impossibilité fonctionnelle à justifier)", "diagnostic": "Étude de vulnérabilité obligatoire sous 1 an pour les établissements sensibles (aléa faible à moyen : pas de délai de mise en œuvre chiffré).", "eligibiliteFprnm": "Éligible - habitation : FPRNM à 80% des travaux prescrits, sous réserve d'un bien existant avant le 18/04/2016.", "nbLogements": 1, "hauteurM": 3.5, "altitudeSolLidarHdM": 149.46, "coteReferencePheM": 148.5, "distanceIsocoteM": 170.0, "hauteurEauEstimeeM": 0.0, "hauteurEauNote": "Estimation : cote de référence PHE (148.50 m NGF, TIN isocotes (interpolation linéaire entre lignes de cote)) moins altitude sol LIDAR HD (149.46 m NGF). Terrain surélevé localement par rapport à la cote de référence PHE interpolée à cet endroit : pas de submersion attendue pour cette crue de référence.", "coteReferenceMethode": "TIN isocotes (interpolation linéaire entre lignes de cote)"}}, {"type": "Feature", "geometry": {"coordinates": [[[1.526405, 43.583622], [1.526527, 43.583519], [1.526611, 43.583573], [1.52649, 43.583673], [1.526405, 43.583622]]], "type": "Polygon"}, "properties": {"id": "BATIMENT0000000347710931", "zoneCode": "Bi", "zoneLabel": "Bleue inondation", "zoneColor": "#4FA8E0", "concerne": true, "regime": "Constructions nouvelles : Autorisées sous prescriptions (plancher au-dessus des PHEC, sens d'écoulement ou transparence hydraulique, matériaux peu vulnérables), hors établissements sensibles. Constructions existantes : Extensions autorisées selon usage (habitation, annexes, hébergement +plan de secours, ERP/activités, agricole), plancher au-dessus des PHEC.", "etudeGeotechniqueG2": false, "etagePresent": "Non", "etageSource": "connu (BD TOPO nombre_d_etages)", "typologie": "Maison individuelle", "typologieSource": "BD TOPO", "zoneRefuge": "Conditionnelle : si le plancher ne peut pas être calé au-dessus des PHEC (impossibilité fonctionnelle dûment justifiée), un niveau refuge adapté est exigé (20 m² minimum, hauteur 1,80 m minimum).", "refugeCategorie": "Conditionnelle (impossibilité fonctionnelle à justifier)", "diagnostic": "Étude de vulnérabilité obligatoire sous 1 an pour les établissements sensibles (aléa faible à moyen : pas de délai de mise en œuvre chiffré).", "eligibiliteFprnm": "Éligible - habitation : FPRNM à 80% des travaux prescrits, sous réserve d'un bien existant avant le 18/04/2016.", "nbLogements": 1, "hauteurM": 3.8, "altitudeSolLidarHdM": 150.78, "coteReferencePheM": 148.99, "distanceIsocoteM": 196.0, "hauteurEauEstimeeM": 0.0, "hauteurEauNote": "Estimation : cote de référence PHE (148.99 m NGF, TIN isocotes (interpolation linéaire entre lignes de cote)) moins altitude sol LIDAR HD (150.78 m NGF). Terrain surélevé localement par rapport à la cote de référence PHE interpolée à cet endroit : pas de submersion attendue pour cette crue de référence.", "coteReferenceMethode": "TIN isocotes (interpolation linéaire entre lignes de cote)"}}, {"type": "Feature", "geometry": {"coordinates": [[[1.525614, 43.582436], [1.525594, 43.582451], [1.525667, 43.582495], [1.525687, 43.58248], [1.525614, 43.582436]]], "type": "Polygon"}, "properties": {"id": "BATIMENT0000000347710933", "zoneCode": "Bi", "zoneLabel": "Bleue inondation", "zoneColor": "#4FA8E0", "concerne": true, "regime": "Constructions nouvelles : Autorisées sous prescriptions (plancher au-dessus des PHEC, sens d'écoulement ou transparence hydraulique, matériaux peu vulnérables), hors établissements sensibles. Constructions existantes : Extensions autorisées selon usage (habitation, annexes, hébergement +plan de secours, ERP/activités, agricole), plancher au-dessus des PHEC.", "etudeGeotechniqueG2": false, "etagePresent": "Non", "etageSource": "estimé par la hauteur (2.0 m), fiabilité modérée", "typologie": "Typologie indéterminée (donnée absente)", "zoneRefuge": "Conditionnelle : si le plancher ne peut pas être calé au-dessus des PHEC (impossibilité fonctionnelle dûment justifiée), un niveau refuge adapté est exigé (20 m² minimum, hauteur 1,80 m minimum).", "refugeCategorie": "Conditionnelle (impossibilité fonctionnelle à justifier)", "diagnostic": "Étude de vulnérabilité obligatoire sous 1 an pour les établissements sensibles (aléa faible à moyen : pas de délai de mise en œuvre chiffré).", "eligibiliteFprnm": "Non déterminé - typologie non qualifiée en l'état.", "hauteurM": 2.0, "altitudeSolLidarHdM": 148.96, "coteReferencePheM": 146.95, "distanceIsocoteM": 65.0, "hauteurEauEstimeeM": 0.0, "hauteurEauNote": "Estimation : cote de référence PHE (146.95 m NGF, TIN isocotes (interpolation linéaire entre lignes de cote)) moins altitude sol LIDAR HD (148.96 m NGF). Terrain surélevé localement par rapport à la cote de référence PHE interpolée à cet endroit : pas de submersion attendue pour cette crue de référence.", "coteReferenceMethode": "TIN isocotes (interpolation linéaire entre lignes de cote)"}}, {"type": "Feature", "geometry": {"coordinates": [[[1.525614, 43.582436], [1.525594, 43.582451], [1.525667, 43.582495], [1.525597, 43.582554], [1.525527, 43.58251], [1.525547, 43.582494], [1.525448, 43.582435], [1.525518, 43.582376], [1.525614, 43.582436]]], "type": "Polygon"}, "properties": {"id": "BATIMENT0000000347710934", "zoneCode": "Bi", "zoneLabel": "Bleue inondation", "zoneColor": "#4FA8E0", "concerne": true, "regime": "Constructions nouvelles : Autorisées sous prescriptions (plancher au-dessus des PHEC, sens d'écoulement ou transparence hydraulique, matériaux peu vulnérables), hors établissements sensibles. Constructions existantes : Extensions autorisées selon usage (habitation, annexes, hébergement +plan de secours, ERP/activités, agricole), plancher au-dessus des PHEC.", "etudeGeotechniqueG2": false, "etagePresent": "Oui", "etageSource": "connu (BD TOPO nombre_d_etages)", "typologie": "Maison individuelle", "typologieSource": "BD TOPO", "zoneRefuge": "Conditionnelle : si le plancher ne peut pas être calé au-dessus des PHEC (impossibilité fonctionnelle dûment justifiée), un niveau refuge adapté est exigé (20 m² minimum, hauteur 1,80 m minimum).", "refugeCategorie": "Conditionnelle (impossibilité fonctionnelle à justifier)", "diagnostic": "Étude de vulnérabilité obligatoire sous 1 an pour les établissements sensibles (aléa faible à moyen : pas de délai de mise en œuvre chiffré).", "eligibiliteFprnm": "Éligible - habitation : FPRNM à 80% des travaux prescrits, sous réserve d'un bien existant avant le 18/04/2016.", "nbLogements": 1, "hauteurM": 5.3, "altitudeSolLidarHdM": 148.76, "coteReferencePheM": 146.87, "distanceIsocoteM": 67.0, "hauteurEauEstimeeM": 0.0, "hauteurEauNote": "Estimation : cote de référence PHE (146.87 m NGF, TIN isocotes (interpolation linéaire entre lignes de cote)) moins altitude sol LIDAR HD (148.76 m NGF). Terrain surélevé localement par rapport à la cote de référence PHE interpolée à cet endroit : pas de submersion attendue pour cette crue de référence.", "coteReferenceMethode": "TIN isocotes (interpolation linéaire entre lignes de cote)"}}, {"type": "Feature", "geometry": {"coordinates": [[[1.525397, 43.582887], [1.525437, 43.582852], [1.525479, 43.58288], [1.525457, 43.582898], [1.525527, 43.582941], [1.525515, 43.58295], [1.525544, 43.58297], [1.525482, 43.583023], [1.525369, 43.582952], [1.525424, 43.582904], [1.525397, 43.582887]]], "type": "Polygon"}, "properties": {"id": "BATIMENT0000000347710935", "zoneCode": "Bi", "zoneLabel": "Bleue inondation", "zoneColor": "#4FA8E0", "concerne": true, "regime": "Constructions nouvelles : Autorisées sous prescriptions (plancher au-dessus des PHEC, sens d'écoulement ou transparence hydraulique, matériaux peu vulnérables), hors établissements sensibles. Constructions existantes : Extensions autorisées selon usage (habitation, annexes, hébergement +plan de secours, ERP/activités, agricole), plancher au-dessus des PHEC.", "etudeGeotechniqueG2": false, "etagePresent": "Oui", "etageSource": "connu (BD TOPO nombre_d_etages)", "typologie": "Maison individuelle", "typologieSource": "BD TOPO", "zoneRefuge": "Conditionnelle : si le plancher ne peut pas être calé au-dessus des PHEC (impossibilité fonctionnelle dûment justifiée), un niveau refuge adapté est exigé (20 m² minimum, hauteur 1,80 m minimum).", "refugeCategorie": "Conditionnelle (impossibilité fonctionnelle à justifier)", "diagnostic": "Étude de vulnérabilité obligatoire sous 1 an pour les établissements sensibles (aléa faible à moyen : pas de délai de mise en œuvre chiffré).", "eligibiliteFprnm": "Éligible - habitation : FPRNM à 80% des travaux prescrits, sous réserve d'un bien existant avant le 18/04/2016.", "nbLogements": 1, "hauteurM": 4.8, "altitudeSolLidarHdM": 148.54, "coteReferencePheM": 147.31, "distanceIsocoteM": 120.0, "hauteurEauEstimeeM": 0.0, "hauteurEauNote": "Estimation : cote de référence PHE (147.31 m NGF, TIN isocotes (interpolation linéaire entre lignes de cote)) moins altitude sol LIDAR HD (148.54 m NGF). Terrain surélevé localement par rapport à la cote de référence PHE interpolée à cet endroit : pas de submersion attendue pour cette crue de référence.", "coteReferenceMethode": "TIN isocotes (interpolation linéaire entre lignes de cote)"}}, {"type": "Feature", "geometry": {"coordinates": [[[1.525544, 43.58297], [1.525582, 43.582993], [1.525625, 43.582955], [1.525663, 43.582978], [1.525636, 43.583002], [1.525671, 43.583023], [1.525592, 43.58309], [1.525557, 43.583068], [1.525571, 43.583054], [1.525538, 43.583033], [1.525523, 43.583047], [1.525482, 43.583023], [1.525544, 43.58297]]], "type": "Polygon"}, "properties": {"id": "BATIMENT0000000347710936", "zoneCode": "Bi", "zoneLabel": "Bleue inondation", "zoneColor": "#4FA8E0", "concerne": true, "regime": "Constructions nouvelles : Autorisées sous prescriptions (plancher au-dessus des PHEC, sens d'écoulement ou transparence hydraulique, matériaux peu vulnérables), hors établissements sensibles. Constructions existantes : Extensions autorisées selon usage (habitation, annexes, hébergement +plan de secours, ERP/activités, agricole), plancher au-dessus des PHEC.", "etudeGeotechniqueG2": false, "etagePresent": "Oui", "etageSource": "connu (BD TOPO nombre_d_etages)", "typologie": "Maison individuelle", "typologieSource": "BD TOPO", "zoneRefuge": "Conditionnelle : si le plancher ne peut pas être calé au-dessus des PHEC (impossibilité fonctionnelle dûment justifiée), un niveau refuge adapté est exigé (20 m² minimum, hauteur 1,80 m minimum).", "refugeCategorie": "Conditionnelle (impossibilité fonctionnelle à justifier)", "diagnostic": "Étude de vulnérabilité obligatoire sous 1 an pour les établissements sensibles (aléa faible à moyen : pas de délai de mise en œuvre chiffré).", "eligibiliteFprnm": "Éligible - habitation : FPRNM à 80% des travaux prescrits, sous réserve d'un bien existant avant le 18/04/2016.", "nbLogements": 1, "hauteurM": 4.8, "altitudeSolLidarHdM": 148.63, "coteReferencePheM": 147.51, "distanceIsocoteM": 126.0, "hauteurEauEstimeeM": 0.0, "hauteurEauNote": "Estimation : cote de référence PHE (147.51 m NGF, TIN isocotes (interpolation linéaire entre lignes de cote)) moins altitude sol LIDAR HD (148.63 m NGF). Terrain surélevé localement par rapport à la cote de référence PHE interpolée à cet endroit : pas de submersion attendue pour cette crue de référence.", "coteReferenceMethode": "TIN isocotes (interpolation linéaire entre lignes de cote)"}}, {"type": "Feature", "geometry": {"coordinates": [[[1.525523, 43.583047], [1.525538, 43.583033], [1.525571, 43.583054], [1.525557, 43.583068], [1.525523, 43.583047]]], "type": "Polygon"}, "properties": {"id": "BATIMENT0000000347710937", "zoneCode": "Bi", "zoneLabel": "Bleue inondation", "zoneColor": "#4FA8E0", "concerne": true, "regime": "Constructions nouvelles : Autorisées sous prescriptions (plancher au-dessus des PHEC, sens d'écoulement ou transparence hydraulique, matériaux peu vulnérables), hors établissements sensibles. Constructions existantes : Extensions autorisées selon usage (habitation, annexes, hébergement +plan de secours, ERP/activités, agricole), plancher au-dessus des PHEC.", "etudeGeotechniqueG2": false, "etagePresent": "Oui", "etageSource": "connu (BDNB Fichiers Fonciers nb_niveau=2)", "typologie": "Maison individuelle", "typologieSource": "BDNB (Fichiers Fonciers, millésime 2026-02.a)", "zoneRefuge": "Conditionnelle : si le plancher ne peut pas être calé au-dessus des PHEC (impossibilité fonctionnelle dûment justifiée), un niveau refuge adapté est exigé (20 m² minimum, hauteur 1,80 m minimum).", "refugeCategorie": "Conditionnelle (impossibilité fonctionnelle à justifier)", "diagnostic": "Étude de vulnérabilité obligatoire sous 1 an pour les établissements sensibles (aléa faible à moyen : pas de délai de mise en œuvre chiffré).", "eligibiliteFprnm": "Éligible - habitation : FPRNM à 80% des travaux prescrits, sous réserve d'un bien existant avant le 18/04/2016.", "nbLogements": 1, "hauteurM": 4.9, "altitudeSolLidarHdM": 148.65, "coteReferencePheM": 147.51, "distanceIsocoteM": 130.0, "hauteurEauEstimeeM": 0.0, "hauteurEauNote": "Estimation : cote de référence PHE (147.51 m NGF, TIN isocotes (interpolation linéaire entre lignes de cote)) moins altitude sol LIDAR HD (148.65 m NGF). Terrain surélevé localement par rapport à la cote de référence PHE interpolée à cet endroit : pas de submersion attendue pour cette crue de référence.", "coteReferenceMethode": "TIN isocotes (interpolation linéaire entre lignes de cote)"}}, {"type": "Feature", "geometry": {"coordinates": [[[1.525663, 43.582978], [1.525697, 43.583], [1.525671, 43.583023], [1.525636, 43.583002], [1.525663, 43.582978]]], "type": "Polygon"}, "properties": {"id": "BATIMENT0000000347710938", "zoneCode": "Bi", "zoneLabel": "Bleue inondation", "zoneColor": "#4FA8E0", "concerne": true, "regime": "Constructions nouvelles : Autorisées sous prescriptions (plancher au-dessus des PHEC, sens d'écoulement ou transparence hydraulique, matériaux peu vulnérables), hors établissements sensibles. Constructions existantes : Extensions autorisées selon usage (habitation, annexes, hébergement +plan de secours, ERP/activités, agricole), plancher au-dessus des PHEC.", "etudeGeotechniqueG2": false, "etagePresent": "Non", "etageSource": "estimé par la hauteur (4.0 m), fiabilité modérée", "typologie": "Typologie indéterminée (donnée absente)", "zoneRefuge": "Conditionnelle : si le plancher ne peut pas être calé au-dessus des PHEC (impossibilité fonctionnelle dûment justifiée), un niveau refuge adapté est exigé (20 m² minimum, hauteur 1,80 m minimum).", "refugeCategorie": "Conditionnelle (impossibilité fonctionnelle à justifier)", "diagnostic": "Étude de vulnérabilité obligatoire sous 1 an pour les établissements sensibles (aléa faible à moyen : pas de délai de mise en œuvre chiffré).", "eligibiliteFprnm": "Non déterminé - typologie non qualifiée en l'état.", "hauteurM": 4.0, "altitudeSolLidarHdM": 148.88, "coteReferencePheM": 147.56, "distanceIsocoteM": 123.0, "hauteurEauEstimeeM": 0.0, "hauteurEauNote": "Estimation : cote de référence PHE (147.56 m NGF, TIN isocotes (interpolation linéaire entre lignes de cote)) moins altitude sol LIDAR HD (148.88 m NGF). Terrain surélevé localement par rapport à la cote de référence PHE interpolée à cet endroit : pas de submersion attendue pour cette crue de référence.", "coteReferenceMethode": "TIN isocotes (interpolation linéaire entre lignes de cote)"}}, {"type": "Feature", "geometry": {"coordinates": [[[1.526376, 43.583034], [1.526348, 43.583017], [1.526388, 43.582983], [1.526416, 43.583], [1.526376, 43.583034]]], "type": "Polygon"}, "properties": {"id": "BATIMENT0000000347710944", "zoneCode": "Bi", "zoneLabel": "Bleue inondation", "zoneColor": "#4FA8E0", "concerne": true, "regime": "Constructions nouvelles : Autorisées sous prescriptions (plancher au-dessus des PHEC, sens d'écoulement ou transparence hydraulique, matériaux peu vulnérables), hors établissements sensibles. Constructions existantes : Extensions autorisées selon usage (habitation, annexes, hébergement +plan de secours, ERP/activités, agricole), plancher au-dessus des PHEC.", "etudeGeotechniqueG2": false, "etagePresent": "Non", "etageSource": "estimé par la hauteur (4.5 m), fiabilité modérée", "typologie": "Typologie indéterminée (donnée absente)", "zoneRefuge": "Conditionnelle : si le plancher ne peut pas être calé au-dessus des PHEC (impossibilité fonctionnelle dûment justifiée), un niveau refuge adapté est exigé (20 m² minimum, hauteur 1,80 m minimum).", "refugeCategorie": "Conditionnelle (impossibilité fonctionnelle à justifier)", "diagnostic": "Étude de vulnérabilité obligatoire sous 1 an pour les établissements sensibles (aléa faible à moyen : pas de délai de mise en œuvre chiffré).", "eligibiliteFprnm": "Non déterminé - typologie non qualifiée en l'état.", "hauteurM": 4.5, "altitudeSolLidarHdM": 148.54, "coteReferencePheM": 148.23, "distanceIsocoteM": 131.0, "hauteurEauEstimeeM": 0.0, "hauteurEauNote": "Estimation : cote de référence PHE (148.23 m NGF, TIN isocotes (interpolation linéaire entre lignes de cote)) moins altitude sol LIDAR HD (148.54 m NGF). Terrain surélevé localement par rapport à la cote de référence PHE interpolée à cet endroit : pas de submersion attendue pour cette crue de référence.", "coteReferenceMethode": "TIN isocotes (interpolation linéaire entre lignes de cote)"}}, {"type": "Feature", "geometry": {"coordinates": [[[1.526388, 43.582983], [1.526415, 43.582961], [1.526497, 43.583011], [1.526522, 43.582992], [1.526619, 43.583054], [1.526561, 43.583104], [1.526536, 43.583087], [1.526504, 43.583114], [1.526376, 43.583034], [1.526416, 43.583], [1.526388, 43.582983]]], "type": "Polygon"}, "properties": {"id": "BATIMENT0000000347710945", "zoneCode": "Bi", "zoneLabel": "Bleue inondation", "zoneColor": "#4FA8E0", "concerne": true, "regime": "Constructions nouvelles : Autorisées sous prescriptions (plancher au-dessus des PHEC, sens d'écoulement ou transparence hydraulique, matériaux peu vulnérables), hors établissements sensibles. Constructions existantes : Extensions autorisées selon usage (habitation, annexes, hébergement +plan de secours, ERP/activités, agricole), plancher au-dessus des PHEC.", "etudeGeotechniqueG2": false, "etagePresent": "Non", "etageSource": "connu (BD TOPO nombre_d_etages)", "typologie": "Maison individuelle", "typologieSource": "BD TOPO", "zoneRefuge": "Conditionnelle : si le plancher ne peut pas être calé au-dessus des PHEC (impossibilité fonctionnelle dûment justifiée), un niveau refuge adapté est exigé (20 m² minimum, hauteur 1,80 m minimum).", "refugeCategorie": "Conditionnelle (impossibilité fonctionnelle à justifier)", "diagnostic": "Étude de vulnérabilité obligatoire sous 1 an pour les établissements sensibles (aléa faible à moyen : pas de délai de mise en œuvre chiffré).", "eligibiliteFprnm": "Éligible - habitation : FPRNM à 80% des travaux prescrits, sous réserve d'un bien existant avant le 18/04/2016.", "nbLogements": 1, "hauteurM": 3.6, "altitudeSolLidarHdM": 148.49, "coteReferencePheM": 148.34, "distanceIsocoteM": 138.0, "hauteurEauEstimeeM": 0.0, "hauteurEauNote": "Estimation : cote de référence PHE (148.34 m NGF, TIN isocotes (interpolation linéaire entre lignes de cote)) moins altitude sol LIDAR HD (148.49 m NGF). Terrain surélevé localement par rapport à la cote de référence PHE interpolée à cet endroit : pas de submersion attendue pour cette crue de référence.", "coteReferenceMethode": "TIN isocotes (interpolation linéaire entre lignes de cote)"}}, {"type": "Feature", "geometry": {"coordinates": [[[1.526415, 43.582961], [1.526439, 43.582941], [1.526522, 43.582992], [1.526497, 43.583011], [1.526415, 43.582961]]], "type": "Polygon"}, "properties": {"id": "BATIMENT0000000347710946", "zoneCode": "Bi", "zoneLabel": "Bleue inondation", "zoneColor": "#4FA8E0", "concerne": true, "regime": "Constructions nouvelles : Autorisées sous prescriptions (plancher au-dessus des PHEC, sens d'écoulement ou transparence hydraulique, matériaux peu vulnérables), hors établissements sensibles. Constructions existantes : Extensions autorisées selon usage (habitation, annexes, hébergement +plan de secours, ERP/activités, agricole), plancher au-dessus des PHEC.", "etudeGeotechniqueG2": false, "etagePresent": "Non", "etageSource": "estimé par la hauteur (3.7 m), fiabilité modérée", "typologie": "Typologie indéterminée (donnée absente)", "zoneRefuge": "Conditionnelle : si le plancher ne peut pas être calé au-dessus des PHEC (impossibilité fonctionnelle dûment justifiée), un niveau refuge adapté est exigé (20 m² minimum, hauteur 1,80 m minimum).", "refugeCategorie": "Conditionnelle (impossibilité fonctionnelle à justifier)", "diagnostic": "Étude de vulnérabilité obligatoire sous 1 an pour les établissements sensibles (aléa faible à moyen : pas de délai de mise en œuvre chiffré).", "eligibiliteFprnm": "Non déterminé - typologie non qualifiée en l'état.", "hauteurM": 3.7, "altitudeSolLidarHdM": 148.51, "coteReferencePheM": 148.22, "distanceIsocoteM": 130.0, "hauteurEauEstimeeM": 0.0, "hauteurEauNote": "Estimation : cote de référence PHE (148.22 m NGF, TIN isocotes (interpolation linéaire entre lignes de cote)) moins altitude sol LIDAR HD (148.51 m NGF). Terrain surélevé localement par rapport à la cote de référence PHE interpolée à cet endroit : pas de submersion attendue pour cette crue de référence.", "coteReferenceMethode": "TIN isocotes (interpolation linéaire entre lignes de cote)"}}, {"type": "Feature", "geometry": {"coordinates": [[[1.525289, 43.58221], [1.525222, 43.582266], [1.525189, 43.582245], [1.525174, 43.582256], [1.525043, 43.582174], [1.52512, 43.582106], [1.525289, 43.58221]]], "type": "Polygon"}, "properties": {"id": "BATIMENT0000000347710949", "zoneCode": "Bi", "zoneLabel": "Bleue inondation", "zoneColor": "#4FA8E0", "concerne": true, "regime": "Constructions nouvelles : Autorisées sous prescriptions (plancher au-dessus des PHEC, sens d'écoulement ou transparence hydraulique, matériaux peu vulnérables), hors établissements sensibles. Constructions existantes : Extensions autorisées selon usage (habitation, annexes, hébergement +plan de secours, ERP/activités, agricole), plancher au-dessus des PHEC.", "etudeGeotechniqueG2": false, "etagePresent": "Oui", "etageSource": "connu (BD TOPO nombre_d_etages)", "typologie": "Maison individuelle", "typologieSource": "BD TOPO", "zoneRefuge": "Conditionnelle : si le plancher ne peut pas être calé au-dessus des PHEC (impossibilité fonctionnelle dûment justifiée), un niveau refuge adapté est exigé (20 m² minimum, hauteur 1,80 m minimum).", "refugeCategorie": "Conditionnelle (impossibilité fonctionnelle à justifier)", "diagnostic": "Étude de vulnérabilité obligatoire sous 1 an pour les établissements sensibles (aléa faible à moyen : pas de délai de mise en œuvre chiffré).", "eligibiliteFprnm": "Éligible - habitation : FPRNM à 80% des travaux prescrits, sous réserve d'un bien existant avant le 18/04/2016.", "nbLogements": 1, "hauteurM": 3.7, "altitudeSolLidarHdM": 147.8, "coteReferencePheM": 146.36, "distanceIsocoteM": 57.0, "hauteurEauEstimeeM": 0.0, "hauteurEauNote": "Estimation : cote de référence PHE (146.36 m NGF, TIN isocotes (interpolation linéaire entre lignes de cote)) moins altitude sol LIDAR HD (147.80 m NGF). Terrain surélevé localement par rapport à la cote de référence PHE interpolée à cet endroit : pas de submersion attendue pour cette crue de référence.", "coteReferenceMethode": "TIN isocotes (interpolation linéaire entre lignes de cote)"}}, {"type": "Feature", "geometry": {"coordinates": [[[1.524578, 43.582475], [1.524591, 43.582464], [1.524603, 43.582473], [1.52459, 43.582482], [1.524578, 43.582475]]], "type": "Polygon"}, "properties": {"id": "BATIMENT0000000347710950", "zoneCode": "Bi", "zoneLabel": "Bleue inondation", "zoneColor": "#4FA8E0", "concerne": true, "regime": "Constructions nouvelles : Autorisées sous prescriptions (plancher au-dessus des PHEC, sens d'écoulement ou transparence hydraulique, matériaux peu vulnérables), hors établissements sensibles. Constructions existantes : Extensions autorisées selon usage (habitation, annexes, hébergement +plan de secours, ERP/activités, agricole), plancher au-dessus des PHEC.", "etudeGeotechniqueG2": false, "etagePresent": "Oui", "etageSource": "connu (BDNB Fichiers Fonciers nb_niveau=2)", "typologie": "Maison individuelle", "typologieSource": "BDNB (Fichiers Fonciers, millésime 2026-02.a)", "zoneRefuge": "Conditionnelle : si le plancher ne peut pas être calé au-dessus des PHEC (impossibilité fonctionnelle dûment justifiée), un niveau refuge adapté est exigé (20 m² minimum, hauteur 1,80 m minimum).", "refugeCategorie": "Conditionnelle (impossibilité fonctionnelle à justifier)", "diagnostic": "Étude de vulnérabilité obligatoire sous 1 an pour les établissements sensibles (aléa faible à moyen : pas de délai de mise en œuvre chiffré).", "eligibiliteFprnm": "Éligible - habitation : FPRNM à 80% des travaux prescrits, sous réserve d'un bien existant avant le 18/04/2016.", "nbLogements": 1, "hauteurM": 4.6, "altitudeSolLidarHdM": 147.57, "coteReferencePheM": 146.22, "distanceIsocoteM": 61.0, "hauteurEauEstimeeM": 0.0, "hauteurEauNote": "Estimation : cote de référence PHE (146.22 m NGF, TIN isocotes (interpolation linéaire entre lignes de cote)) moins altitude sol LIDAR HD (147.57 m NGF). Terrain surélevé localement par rapport à la cote de référence PHE interpolée à cet endroit : pas de submersion attendue pour cette crue de référence.", "coteReferenceMethode": "TIN isocotes (interpolation linéaire entre lignes de cote)"}}, {"type": "Feature", "geometry": {"coordinates": [[[1.524603, 43.582473], [1.524591, 43.582464], [1.524578, 43.582475], [1.524522, 43.582442], [1.524554, 43.582415], [1.52454, 43.582408], [1.52461, 43.58235], [1.524691, 43.582401], [1.524603, 43.582473]]], "type": "Polygon"}, "properties": {"id": "BATIMENT0000000347710951", "zoneCode": "Bi", "zoneLabel": "Bleue inondation", "zoneColor": "#4FA8E0", "concerne": true, "regime": "Constructions nouvelles : Autorisées sous prescriptions (plancher au-dessus des PHEC, sens d'écoulement ou transparence hydraulique, matériaux peu vulnérables), hors établissements sensibles. Constructions existantes : Extensions autorisées selon usage (habitation, annexes, hébergement +plan de secours, ERP/activités, agricole), plancher au-dessus des PHEC.", "etudeGeotechniqueG2": false, "etagePresent": "Oui", "etageSource": "connu (BD TOPO nombre_d_etages)", "typologie": "Maison individuelle", "typologieSource": "BD TOPO", "zoneRefuge": "Conditionnelle : si le plancher ne peut pas être calé au-dessus des PHEC (impossibilité fonctionnelle dûment justifiée), un niveau refuge adapté est exigé (20 m² minimum, hauteur 1,80 m minimum).", "refugeCategorie": "Conditionnelle (impossibilité fonctionnelle à justifier)", "diagnostic": "Étude de vulnérabilité obligatoire sous 1 an pour les établissements sensibles (aléa faible à moyen : pas de délai de mise en œuvre chiffré).", "eligibiliteFprnm": "Éligible - habitation : FPRNM à 80% des travaux prescrits, sous réserve d'un bien existant avant le 18/04/2016.", "nbLogements": 1, "hauteurM": 4.9, "altitudeSolLidarHdM": 147.58, "coteReferencePheM": 146.23, "distanceIsocoteM": 62.0, "hauteurEauEstimeeM": 0.0, "hauteurEauNote": "Estimation : cote de référence PHE (146.23 m NGF, TIN isocotes (interpolation linéaire entre lignes de cote)) moins altitude sol LIDAR HD (147.58 m NGF). Terrain surélevé localement par rapport à la cote de référence PHE interpolée à cet endroit : pas de submersion attendue pour cette crue de référence.", "coteReferenceMethode": "TIN isocotes (interpolation linéaire entre lignes de cote)"}}, {"type": "Feature", "geometry": {"coordinates": [[[1.524466, 43.582407], [1.524522, 43.582442], [1.524554, 43.582415], [1.524496, 43.58238], [1.524466, 43.582407]]], "type": "Polygon"}, "properties": {"id": "BATIMENT0000000347710952", "zoneCode": "Bi", "zoneLabel": "Bleue inondation", "zoneColor": "#4FA8E0", "concerne": true, "regime": "Constructions nouvelles : Autorisées sous prescriptions (plancher au-dessus des PHEC, sens d'écoulement ou transparence hydraulique, matériaux peu vulnérables), hors établissements sensibles. Constructions existantes : Extensions autorisées selon usage (habitation, annexes, hébergement +plan de secours, ERP/activités, agricole), plancher au-dessus des PHEC.", "etudeGeotechniqueG2": false, "etagePresent": "Oui", "etageSource": "connu (BDNB Fichiers Fonciers nb_niveau=2)", "typologie": "Maison individuelle", "typologieSource": "BDNB (Fichiers Fonciers, millésime 2026-02.a)", "zoneRefuge": "Conditionnelle : si le plancher ne peut pas être calé au-dessus des PHEC (impossibilité fonctionnelle dûment justifiée), un niveau refuge adapté est exigé (20 m² minimum, hauteur 1,80 m minimum).", "refugeCategorie": "Conditionnelle (impossibilité fonctionnelle à justifier)", "diagnostic": "Étude de vulnérabilité obligatoire sous 1 an pour les établissements sensibles (aléa faible à moyen : pas de délai de mise en œuvre chiffré).", "eligibiliteFprnm": "Éligible - habitation : FPRNM à 80% des travaux prescrits, sous réserve d'un bien existant avant le 18/04/2016.", "nbLogements": 1, "hauteurM": 2.8, "altitudeSolLidarHdM": 147.6, "coteReferencePheM": 146.2, "distanceIsocoteM": 54.0, "hauteurEauEstimeeM": 0.0, "hauteurEauNote": "Estimation : cote de référence PHE (146.20 m NGF, TIN isocotes (interpolation linéaire entre lignes de cote)) moins altitude sol LIDAR HD (147.60 m NGF). Terrain surélevé localement par rapport à la cote de référence PHE interpolée à cet endroit : pas de submersion attendue pour cette crue de référence.", "coteReferenceMethode": "TIN isocotes (interpolation linéaire entre lignes de cote)"}}, {"type": "Feature", "geometry": {"coordinates": [[[1.524801, 43.582615], [1.52482, 43.582629], [1.524833, 43.582618], [1.524811, 43.582605], [1.524801, 43.582615]]], "type": "Polygon"}, "properties": {"id": "BATIMENT0000000347710956", "zoneCode": "Bi", "zoneLabel": "Bleue inondation", "zoneColor": "#4FA8E0", "concerne": true, "regime": "Constructions nouvelles : Autorisées sous prescriptions (plancher au-dessus des PHEC, sens d'écoulement ou transparence hydraulique, matériaux peu vulnérables), hors établissements sensibles. Constructions existantes : Extensions autorisées selon usage (habitation, annexes, hébergement +plan de secours, ERP/activités, agricole), plancher au-dessus des PHEC.", "etudeGeotechniqueG2": false, "etagePresent": "Oui", "etageSource": "étage retenu par prudence (hauteur 6.3 m > seuil 5.30 m)", "typologie": "Maison individuelle", "typologieSource": "BDNB (Fichiers Fonciers, millésime 2026-02.a)", "zoneRefuge": "Conditionnelle : si le plancher ne peut pas être calé au-dessus des PHEC (impossibilité fonctionnelle dûment justifiée), un niveau refuge adapté est exigé (20 m² minimum, hauteur 1,80 m minimum).", "refugeCategorie": "Conditionnelle (impossibilité fonctionnelle à justifier)", "diagnostic": "Étude de vulnérabilité obligatoire sous 1 an pour les établissements sensibles (aléa faible à moyen : pas de délai de mise en œuvre chiffré).", "eligibiliteFprnm": "Éligible - habitation : FPRNM à 80% des travaux prescrits, sous réserve d'un bien existant avant le 18/04/2016.", "nbLogements": 1, "hauteurM": 6.3, "altitudeSolLidarHdM": 147.65, "coteReferencePheM": 146.36, "distanceIsocoteM": 78.0, "hauteurEauEstimeeM": 0.0, "hauteurEauNote": "Estimation : cote de référence PHE (146.36 m NGF, TIN isocotes (interpolation linéaire entre lignes de cote)) moins altitude sol LIDAR HD (147.65 m NGF). Terrain surélevé localement par rapport à la cote de référence PHE interpolée à cet endroit : pas de submersion attendue pour cette crue de référence.", "coteReferenceMethode": "TIN isocotes (interpolation linéaire entre lignes de cote)"}}, {"type": "Feature", "geometry": {"coordinates": [[[1.52482, 43.582629], [1.524884, 43.582667], [1.524979, 43.582592], [1.524893, 43.582539], [1.524811, 43.582605], [1.524833, 43.582618], [1.52482, 43.582629]]], "type": "Polygon"}, "properties": {"id": "BATIMENT0000000347710957", "zoneCode": "Bi", "zoneLabel": "Bleue inondation", "zoneColor": "#4FA8E0", "concerne": true, "regime": "Constructions nouvelles : Autorisées sous prescriptions (plancher au-dessus des PHEC, sens d'écoulement ou transparence hydraulique, matériaux peu vulnérables), hors établissements sensibles. Constructions existantes : Extensions autorisées selon usage (habitation, annexes, hébergement +plan de secours, ERP/activités, agricole), plancher au-dessus des PHEC.", "etudeGeotechniqueG2": false, "etagePresent": "Oui", "etageSource": "étage retenu par prudence (hauteur 6.7 m > seuil 5.30 m)", "typologie": "Maison individuelle", "typologieSource": "BD TOPO", "zoneRefuge": "Conditionnelle : si le plancher ne peut pas être calé au-dessus des PHEC (impossibilité fonctionnelle dûment justifiée), un niveau refuge adapté est exigé (20 m² minimum, hauteur 1,80 m minimum).", "refugeCategorie": "Conditionnelle (impossibilité fonctionnelle à justifier)", "diagnostic": "Étude de vulnérabilité obligatoire sous 1 an pour les établissements sensibles (aléa faible à moyen : pas de délai de mise en œuvre chiffré).", "eligibiliteFprnm": "Éligible - habitation : FPRNM à 80% des travaux prescrits, sous réserve d'un bien existant avant le 18/04/2016.", "nbLogements": 1, "hauteurM": 6.7, "altitudeSolLidarHdM": 147.65, "coteReferencePheM": 146.41, "distanceIsocoteM": 84.0, "hauteurEauEstimeeM": 0.0, "hauteurEauNote": "Estimation : cote de référence PHE (146.41 m NGF, TIN isocotes (interpolation linéaire entre lignes de cote)) moins altitude sol LIDAR HD (147.65 m NGF). Terrain surélevé localement par rapport à la cote de référence PHE interpolée à cet endroit : pas de submersion attendue pour cette crue de référence.", "coteReferenceMethode": "TIN isocotes (interpolation linéaire entre lignes de cote)"}}, {"type": "Feature", "geometry": {"coordinates": [[[1.525261, 43.582293], [1.525333, 43.582231], [1.525442, 43.5823], [1.525459, 43.582285], [1.52549, 43.582305], [1.525401, 43.582383], [1.525261, 43.582293]]], "type": "Polygon"}, "properties": {"id": "BATIMENT0000000347710958", "zoneCode": "Bi", "zoneLabel": "Bleue inondation", "zoneColor": "#4FA8E0", "concerne": true, "regime": "Constructions nouvelles : Autorisées sous prescriptions (plancher au-dessus des PHEC, sens d'écoulement ou transparence hydraulique, matériaux peu vulnérables), hors établissements sensibles. Constructions existantes : Extensions autorisées selon usage (habitation, annexes, hébergement +plan de secours, ERP/activités, agricole), plancher au-dessus des PHEC.", "etudeGeotechniqueG2": false, "etagePresent": "Non", "etageSource": "connu (BD TOPO nombre_d_etages)", "typologie": "Maison individuelle", "typologieSource": "BD TOPO", "zoneRefuge": "Conditionnelle : si le plancher ne peut pas être calé au-dessus des PHEC (impossibilité fonctionnelle dûment justifiée), un niveau refuge adapté est exigé (20 m² minimum, hauteur 1,80 m minimum).", "refugeCategorie": "Conditionnelle (impossibilité fonctionnelle à justifier)", "diagnostic": "Étude de vulnérabilité obligatoire sous 1 an pour les établissements sensibles (aléa faible à moyen : pas de délai de mise en œuvre chiffré).", "eligibiliteFprnm": "Éligible - habitation : FPRNM à 80% des travaux prescrits, sous réserve d'un bien existant avant le 18/04/2016.", "nbLogements": 1, "hauteurM": 4.1, "altitudeSolLidarHdM": 148.04, "coteReferencePheM": 146.52, "distanceIsocoteM": 59.0, "hauteurEauEstimeeM": 0.0, "hauteurEauNote": "Estimation : cote de référence PHE (146.52 m NGF, TIN isocotes (interpolation linéaire entre lignes de cote)) moins altitude sol LIDAR HD (148.04 m NGF). Terrain surélevé localement par rapport à la cote de référence PHE interpolée à cet endroit : pas de submersion attendue pour cette crue de référence.", "coteReferenceMethode": "TIN isocotes (interpolation linéaire entre lignes de cote)"}}, {"type": "Feature", "geometry": {"coordinates": [[[1.525883, 43.583173], [1.525918, 43.583145], [1.525943, 43.583159], [1.525908, 43.583187], [1.525883, 43.583173]]], "type": "Polygon"}, "properties": {"id": "BATIMENT0000000347710959", "zoneCode": "Bi", "zoneLabel": "Bleue inondation", "zoneColor": "#4FA8E0", "concerne": true, "regime": "Constructions nouvelles : Autorisées sous prescriptions (plancher au-dessus des PHEC, sens d'écoulement ou transparence hydraulique, matériaux peu vulnérables), hors établissements sensibles. Constructions existantes : Extensions autorisées selon usage (habitation, annexes, hébergement +plan de secours, ERP/activités, agricole), plancher au-dessus des PHEC.", "etudeGeotechniqueG2": false, "etagePresent": "Non", "etageSource": "estimé par la hauteur (4.3 m), fiabilité modérée", "typologie": "Typologie indéterminée (donnée absente)", "zoneRefuge": "Conditionnelle : si le plancher ne peut pas être calé au-dessus des PHEC (impossibilité fonctionnelle dûment justifiée), un niveau refuge adapté est exigé (20 m² minimum, hauteur 1,80 m minimum).", "refugeCategorie": "Conditionnelle (impossibilité fonctionnelle à justifier)", "diagnostic": "Étude de vulnérabilité obligatoire sous 1 an pour les établissements sensibles (aléa faible à moyen : pas de délai de mise en œuvre chiffré).", "eligibiliteFprnm": "Non déterminé - typologie non qualifiée en l'état.", "hauteurM": 4.3, "altitudeSolLidarHdM": 148.82, "coteReferencePheM": 147.97, "distanceIsocoteM": 141.0, "hauteurEauEstimeeM": 0.0, "hauteurEauNote": "Estimation : cote de référence PHE (147.97 m NGF, TIN isocotes (interpolation linéaire entre lignes de cote)) moins altitude sol LIDAR HD (148.82 m NGF). Terrain surélevé localement par rapport à la cote de référence PHE interpolée à cet endroit : pas de submersion attendue pour cette crue de référence.", "coteReferenceMethode": "TIN isocotes (interpolation linéaire entre lignes de cote)"}}, {"type": "Feature", "geometry": {"coordinates": [[[1.525938, 43.583305], [1.525909, 43.583286], [1.525943, 43.583257], [1.525919, 43.583241], [1.525862, 43.583289], [1.525757, 43.583223], [1.525805, 43.583182], [1.525843, 43.583206], [1.525883, 43.583173], [1.525908, 43.583187], [1.525943, 43.583159], [1.52601, 43.583203], [1.525982, 43.583227], [1.526013, 43.583243], [1.525938, 43.583305]]], "type": "Polygon"}, "properties": {"id": "BATIMENT0000000347710960", "zoneCode": "Bi", "zoneLabel": "Bleue inondation", "zoneColor": "#4FA8E0", "concerne": true, "regime": "Constructions nouvelles : Autorisées sous prescriptions (plancher au-dessus des PHEC, sens d'écoulement ou transparence hydraulique, matériaux peu vulnérables), hors établissements sensibles. Constructions existantes : Extensions autorisées selon usage (habitation, annexes, hébergement +plan de secours, ERP/activités, agricole), plancher au-dessus des PHEC.", "etudeGeotechniqueG2": false, "etagePresent": "Oui", "etageSource": "connu (BD TOPO nombre_d_etages)", "typologie": "Maison individuelle", "typologieSource": "BD TOPO", "zoneRefuge": "Conditionnelle : si le plancher ne peut pas être calé au-dessus des PHEC (impossibilité fonctionnelle dûment justifiée), un niveau refuge adapté est exigé (20 m² minimum, hauteur 1,80 m minimum).", "refugeCategorie": "Conditionnelle (impossibilité fonctionnelle à justifier)", "diagnostic": "Étude de vulnérabilité obligatoire sous 1 an pour les établissements sensibles (aléa faible à moyen : pas de délai de mise en œuvre chiffré).", "eligibiliteFprnm": "Éligible - habitation : FPRNM à 80% des travaux prescrits, sous réserve d'un bien existant avant le 18/04/2016.", "nbLogements": 1, "hauteurM": 4.4, "altitudeSolLidarHdM": 148.79, "coteReferencePheM": 148.03, "distanceIsocoteM": 148.0, "hauteurEauEstimeeM": 0.0, "hauteurEauNote": "Estimation : cote de référence PHE (148.03 m NGF, TIN isocotes (interpolation linéaire entre lignes de cote)) moins altitude sol LIDAR HD (148.79 m NGF). Terrain surélevé localement par rapport à la cote de référence PHE interpolée à cet endroit : pas de submersion attendue pour cette crue de référence.", "coteReferenceMethode": "TIN isocotes (interpolation linéaire entre lignes de cote)"}}, {"type": "Feature", "geometry": {"coordinates": [[[1.525895, 43.583261], [1.525919, 43.583241], [1.525943, 43.583257], [1.52592, 43.583277], [1.525895, 43.583261]]], "type": "Polygon"}, "properties": {"id": "BATIMENT0000000347710961", "zoneCode": "Bi", "zoneLabel": "Bleue inondation", "zoneColor": "#4FA8E0", "concerne": true, "regime": "Constructions nouvelles : Autorisées sous prescriptions (plancher au-dessus des PHEC, sens d'écoulement ou transparence hydraulique, matériaux peu vulnérables), hors établissements sensibles. Constructions existantes : Extensions autorisées selon usage (habitation, annexes, hébergement +plan de secours, ERP/activités, agricole), plancher au-dessus des PHEC.", "etudeGeotechniqueG2": false, "etagePresent": "Non", "etageSource": "estimé par la hauteur (4.8 m), fiabilité modérée", "typologie": "Typologie indéterminée (donnée absente)", "zoneRefuge": "Conditionnelle : si le plancher ne peut pas être calé au-dessus des PHEC (impossibilité fonctionnelle dûment justifiée), un niveau refuge adapté est exigé (20 m² minimum, hauteur 1,80 m minimum).", "refugeCategorie": "Conditionnelle (impossibilité fonctionnelle à justifier)", "diagnostic": "Étude de vulnérabilité obligatoire sous 1 an pour les établissements sensibles (aléa faible à moyen : pas de délai de mise en œuvre chiffré).", "eligibiliteFprnm": "Non déterminé - typologie non qualifiée en l'état.", "hauteurM": 4.8, "altitudeSolLidarHdM": 148.76, "coteReferencePheM": 148.08, "distanceIsocoteM": 151.0, "hauteurEauEstimeeM": 0.0, "hauteurEauNote": "Estimation : cote de référence PHE (148.08 m NGF, TIN isocotes (interpolation linéaire entre lignes de cote)) moins altitude sol LIDAR HD (148.76 m NGF). Terrain surélevé localement par rapport à la cote de référence PHE interpolée à cet endroit : pas de submersion attendue pour cette crue de référence.", "coteReferenceMethode": "TIN isocotes (interpolation linéaire entre lignes de cote)"}}, {"type": "Feature", "geometry": {"coordinates": [[[1.526983, 43.58337], [1.526922, 43.583422], [1.526793, 43.583343], [1.526852, 43.583293], [1.52687, 43.583304], [1.526891, 43.583287], [1.52688, 43.583279], [1.526921, 43.583244], [1.527003, 43.583294], [1.526945, 43.583345], [1.526983, 43.58337]]], "type": "Polygon"}, "properties": {"id": "BATIMENT0000000347710963", "zoneCode": "Bi", "zoneLabel": "Bleue inondation", "zoneColor": "#4FA8E0", "concerne": true, "regime": "Constructions nouvelles : Autorisées sous prescriptions (plancher au-dessus des PHEC, sens d'écoulement ou transparence hydraulique, matériaux peu vulnérables), hors établissements sensibles. Constructions existantes : Extensions autorisées selon usage (habitation, annexes, hébergement +plan de secours, ERP/activités, agricole), plancher au-dessus des PHEC.", "etudeGeotechniqueG2": false, "etagePresent": "Oui", "etageSource": "connu (BD TOPO nombre_d_etages)", "typologie": "Maison individuelle", "typologieSource": "BD TOPO", "zoneRefuge": "Conditionnelle : si le plancher ne peut pas être calé au-dessus des PHEC (impossibilité fonctionnelle dûment justifiée), un niveau refuge adapté est exigé (20 m² minimum, hauteur 1,80 m minimum).", "refugeCategorie": "Conditionnelle (impossibilité fonctionnelle à justifier)", "diagnostic": "Étude de vulnérabilité obligatoire sous 1 an pour les établissements sensibles (aléa faible à moyen : pas de délai de mise en œuvre chiffré).", "eligibiliteFprnm": "Éligible - habitation : FPRNM à 80% des travaux prescrits, sous réserve d'un bien existant avant le 18/04/2016.", "nbLogements": 1, "hauteurM": 3.2, "altitudeSolLidarHdM": 148.68, "coteReferencePheM": 148.57, "distanceIsocoteM": 181.0, "hauteurEauEstimeeM": 0.0, "hauteurEauNote": "Estimation : cote de référence PHE (148.57 m NGF, TIN isocotes (interpolation linéaire entre lignes de cote)) moins altitude sol LIDAR HD (148.68 m NGF). Terrain surélevé localement par rapport à la cote de référence PHE interpolée à cet endroit : pas de submersion attendue pour cette crue de référence.", "coteReferenceMethode": "TIN isocotes (interpolation linéaire entre lignes de cote)"}}, {"type": "Feature", "geometry": {"coordinates": [[[1.526802, 43.583307], [1.526883, 43.583238], [1.526909, 43.583254], [1.52688, 43.583279], [1.526891, 43.583287], [1.52687, 43.583304], [1.526852, 43.583293], [1.526821, 43.583319], [1.526802, 43.583307]]], "type": "Polygon"}, "properties": {"id": "BATIMENT0000000347710964", "zoneCode": "Bi", "zoneLabel": "Bleue inondation", "zoneColor": "#4FA8E0", "concerne": true, "regime": "Constructions nouvelles : Autorisées sous prescriptions (plancher au-dessus des PHEC, sens d'écoulement ou transparence hydraulique, matériaux peu vulnérables), hors établissements sensibles. Constructions existantes : Extensions autorisées selon usage (habitation, annexes, hébergement +plan de secours, ERP/activités, agricole), plancher au-dessus des PHEC.", "etudeGeotechniqueG2": false, "etagePresent": "Non", "etageSource": "estimé par la hauteur (3.3 m), fiabilité modérée", "typologie": "Typologie indéterminée (donnée absente)", "zoneRefuge": "Conditionnelle : si le plancher ne peut pas être calé au-dessus des PHEC (impossibilité fonctionnelle dûment justifiée), un niveau refuge adapté est exigé (20 m² minimum, hauteur 1,80 m minimum).", "refugeCategorie": "Conditionnelle (impossibilité fonctionnelle à justifier)", "diagnostic": "Étude de vulnérabilité obligatoire sous 1 an pour les établissements sensibles (aléa faible à moyen : pas de délai de mise en œuvre chiffré).", "eligibiliteFprnm": "Non déterminé - typologie non qualifiée en l'état.", "hauteurM": 3.3, "altitudeSolLidarHdM": 148.8, "coteReferencePheM": 148.5, "distanceIsocoteM": 174.0, "hauteurEauEstimeeM": 0.0, "hauteurEauNote": "Estimation : cote de référence PHE (148.50 m NGF, TIN isocotes (interpolation linéaire entre lignes de cote)) moins altitude sol LIDAR HD (148.80 m NGF). Terrain surélevé localement par rapport à la cote de référence PHE interpolée à cet endroit : pas de submersion attendue pour cette crue de référence.", "coteReferenceMethode": "TIN isocotes (interpolation linéaire entre lignes de cote)"}}, {"type": "Feature", "geometry": {"coordinates": [[[1.524388, 43.582275], [1.524403, 43.582262], [1.524465, 43.582301], [1.52445, 43.582314], [1.524388, 43.582275]]], "type": "Polygon"}, "properties": {"id": "BATIMENT0000000347710967", "zoneCode": "Bi", "zoneLabel": "Bleue inondation", "zoneColor": "#4FA8E0", "concerne": true, "regime": "Constructions nouvelles : Autorisées sous prescriptions (plancher au-dessus des PHEC, sens d'écoulement ou transparence hydraulique, matériaux peu vulnérables), hors établissements sensibles. Constructions existantes : Extensions autorisées selon usage (habitation, annexes, hébergement +plan de secours, ERP/activités, agricole), plancher au-dessus des PHEC.", "etudeGeotechniqueG2": false, "etagePresent": "Oui", "etageSource": "connu (BDNB Fichiers Fonciers nb_niveau=2)", "typologie": "Maison individuelle", "typologieSource": "BDNB (Fichiers Fonciers, millésime 2026-02.a)", "zoneRefuge": "Conditionnelle : si le plancher ne peut pas être calé au-dessus des PHEC (impossibilité fonctionnelle dûment justifiée), un niveau refuge adapté est exigé (20 m² minimum, hauteur 1,80 m minimum).", "refugeCategorie": "Conditionnelle (impossibilité fonctionnelle à justifier)", "diagnostic": "Étude de vulnérabilité obligatoire sous 1 an pour les établissements sensibles (aléa faible à moyen : pas de délai de mise en œuvre chiffré).", "eligibiliteFprnm": "Éligible - habitation : FPRNM à 80% des travaux prescrits, sous réserve d'un bien existant avant le 18/04/2016.", "nbLogements": 1, "hauteurM": 4.4, "altitudeSolLidarHdM": 147.33, "coteReferencePheM": 146.18, "distanceIsocoteM": 48.0, "hauteurEauEstimeeM": 0.0, "hauteurEauNote": "Estimation : cote de référence PHE (146.18 m NGF, TIN isocotes (interpolation linéaire entre lignes de cote)) moins altitude sol LIDAR HD (147.33 m NGF). Terrain surélevé localement par rapport à la cote de référence PHE interpolée à cet endroit : pas de submersion attendue pour cette crue de référence.", "coteReferenceMethode": "TIN isocotes (interpolation linéaire entre lignes de cote)"}}, {"type": "Feature", "geometry": {"coordinates": [[[1.525705, 43.582563], [1.525786, 43.58261], [1.525807, 43.582592], [1.525725, 43.582545], [1.525705, 43.582563]]], "type": "Polygon"}, "properties": {"id": "BATIMENT0000000347710975", "zoneCode": "Bi", "zoneLabel": "Bleue inondation", "zoneColor": "#4FA8E0", "concerne": true, "regime": "Constructions nouvelles : Autorisées sous prescriptions (plancher au-dessus des PHEC, sens d'écoulement ou transparence hydraulique, matériaux peu vulnérables), hors établissements sensibles. Constructions existantes : Extensions autorisées selon usage (habitation, annexes, hébergement +plan de secours, ERP/activités, agricole), plancher au-dessus des PHEC.", "etudeGeotechniqueG2": false, "etagePresent": "Non", "etageSource": "estimé par la hauteur (2.0 m), fiabilité modérée", "typologie": "Typologie indéterminée (donnée absente)", "zoneRefuge": "Conditionnelle : si le plancher ne peut pas être calé au-dessus des PHEC (impossibilité fonctionnelle dûment justifiée), un niveau refuge adapté est exigé (20 m² minimum, hauteur 1,80 m minimum).", "refugeCategorie": "Conditionnelle (impossibilité fonctionnelle à justifier)", "diagnostic": "Étude de vulnérabilité obligatoire sous 1 an pour les établissements sensibles (aléa faible à moyen : pas de délai de mise en œuvre chiffré).", "eligibiliteFprnm": "Non déterminé - typologie non qualifiée en l'état.", "hauteurM": 2.0, "altitudeSolLidarHdM": 149.17, "coteReferencePheM": 147.18, "distanceIsocoteM": 76.0, "hauteurEauEstimeeM": 0.0, "hauteurEauNote": "Estimation : cote de référence PHE (147.18 m NGF, TIN isocotes (interpolation linéaire entre lignes de cote)) moins altitude sol LIDAR HD (149.17 m NGF). Terrain surélevé localement par rapport à la cote de référence PHE interpolée à cet endroit : pas de submersion attendue pour cette crue de référence.", "coteReferenceMethode": "TIN isocotes (interpolation linéaire entre lignes de cote)"}}, {"type": "Feature", "geometry": {"coordinates": [[[1.525705, 43.582563], [1.525786, 43.58261], [1.525807, 43.582592], [1.525898, 43.582648], [1.525817, 43.582716], [1.525764, 43.582682], [1.525742, 43.5827], [1.525626, 43.58263], [1.525705, 43.582563]]], "type": "Polygon"}, "properties": {"id": "BATIMENT0000000347710976", "zoneCode": "Bi", "zoneLabel": "Bleue inondation", "zoneColor": "#4FA8E0", "concerne": true, "regime": "Constructions nouvelles : Autorisées sous prescriptions (plancher au-dessus des PHEC, sens d'écoulement ou transparence hydraulique, matériaux peu vulnérables), hors établissements sensibles. Constructions existantes : Extensions autorisées selon usage (habitation, annexes, hébergement +plan de secours, ERP/activités, agricole), plancher au-dessus des PHEC.", "etudeGeotechniqueG2": false, "etagePresent": "Oui", "etageSource": "connu (BD TOPO nombre_d_etages)", "typologie": "Maison individuelle", "typologieSource": "BD TOPO", "zoneRefuge": "Conditionnelle : si le plancher ne peut pas être calé au-dessus des PHEC (impossibilité fonctionnelle dûment justifiée), un niveau refuge adapté est exigé (20 m² minimum, hauteur 1,80 m minimum).", "refugeCategorie": "Conditionnelle (impossibilité fonctionnelle à justifier)", "diagnostic": "Étude de vulnérabilité obligatoire sous 1 an pour les établissements sensibles (aléa faible à moyen : pas de délai de mise en œuvre chiffré).", "eligibiliteFprnm": "Éligible - habitation : FPRNM à 80% des travaux prescrits, sous réserve d'un bien existant avant le 18/04/2016.", "nbLogements": 1, "hauteurM": 5.1, "altitudeSolLidarHdM": 148.98, "coteReferencePheM": 147.25, "distanceIsocoteM": 83.0, "hauteurEauEstimeeM": 0.0, "hauteurEauNote": "Estimation : cote de référence PHE (147.25 m NGF, TIN isocotes (interpolation linéaire entre lignes de cote)) moins altitude sol LIDAR HD (148.98 m NGF). Terrain surélevé localement par rapport à la cote de référence PHE interpolée à cet endroit : pas de submersion attendue pour cette crue de référence.", "coteReferenceMethode": "TIN isocotes (interpolation linéaire entre lignes de cote)"}}, {"type": "Feature", "geometry": {"coordinates": [[[1.524634, 43.582511], [1.524714, 43.582444], [1.524804, 43.5825], [1.524724, 43.582567], [1.524634, 43.582511]]], "type": "Polygon"}, "properties": {"id": "BATIMENT0000000347710980", "zoneCode": "Bi", "zoneLabel": "Bleue inondation", "zoneColor": "#4FA8E0", "concerne": true, "regime": "Constructions nouvelles : Autorisées sous prescriptions (plancher au-dessus des PHEC, sens d'écoulement ou transparence hydraulique, matériaux peu vulnérables), hors établissements sensibles. Constructions existantes : Extensions autorisées selon usage (habitation, annexes, hébergement +plan de secours, ERP/activités, agricole), plancher au-dessus des PHEC.", "etudeGeotechniqueG2": false, "etagePresent": "Non", "etageSource": "connu (BD TOPO nombre_d_etages)", "typologie": "Maison individuelle", "typologieSource": "BD TOPO", "zoneRefuge": "Conditionnelle : si le plancher ne peut pas être calé au-dessus des PHEC (impossibilité fonctionnelle dûment justifiée), un niveau refuge adapté est exigé (20 m² minimum, hauteur 1,80 m minimum).", "refugeCategorie": "Conditionnelle (impossibilité fonctionnelle à justifier)", "diagnostic": "Étude de vulnérabilité obligatoire sous 1 an pour les établissements sensibles (aléa faible à moyen : pas de délai de mise en œuvre chiffré).", "eligibiliteFprnm": "Éligible - habitation : FPRNM à 80% des travaux prescrits, sous réserve d'un bien existant avant le 18/04/2016.", "nbLogements": 1, "hauteurM": 4.4, "altitudeSolLidarHdM": 147.7, "coteReferencePheM": 146.23, "distanceIsocoteM": 71.0, "hauteurEauEstimeeM": 0.0, "hauteurEauNote": "Estimation : cote de référence PHE (146.23 m NGF, TIN isocotes (interpolation linéaire entre lignes de cote)) moins altitude sol LIDAR HD (147.70 m NGF). Terrain surélevé localement par rapport à la cote de référence PHE interpolée à cet endroit : pas de submersion attendue pour cette crue de référence.", "coteReferenceMethode": "TIN isocotes (interpolation linéaire entre lignes de cote)"}}, {"type": "Feature", "geometry": {"coordinates": [[[1.524937, 43.582682], [1.524965, 43.5827], [1.52501, 43.582661], [1.524982, 43.582642], [1.524937, 43.582682]]], "type": "Polygon"}, "properties": {"id": "BATIMENT0000000347710981", "zoneCode": "Bi", "zoneLabel": "Bleue inondation", "zoneColor": "#4FA8E0", "concerne": true, "regime": "Constructions nouvelles : Autorisées sous prescriptions (plancher au-dessus des PHEC, sens d'écoulement ou transparence hydraulique, matériaux peu vulnérables), hors établissements sensibles. Constructions existantes : Extensions autorisées selon usage (habitation, annexes, hébergement +plan de secours, ERP/activités, agricole), plancher au-dessus des PHEC.", "etudeGeotechniqueG2": false, "etagePresent": "Non", "etageSource": "estimé par la hauteur (3.4 m), fiabilité modérée", "typologie": "Typologie indéterminée (donnée absente)", "zoneRefuge": "Conditionnelle : si le plancher ne peut pas être calé au-dessus des PHEC (impossibilité fonctionnelle dûment justifiée), un niveau refuge adapté est exigé (20 m² minimum, hauteur 1,80 m minimum).", "refugeCategorie": "Conditionnelle (impossibilité fonctionnelle à justifier)", "diagnostic": "Étude de vulnérabilité obligatoire sous 1 an pour les établissements sensibles (aléa faible à moyen : pas de délai de mise en œuvre chiffré).", "eligibiliteFprnm": "Non déterminé - typologie non qualifiée en l'état.", "hauteurM": 3.4, "altitudeSolLidarHdM": 147.98, "coteReferencePheM": 146.56, "distanceIsocoteM": 91.0, "hauteurEauEstimeeM": 0.0, "hauteurEauNote": "Estimation : cote de référence PHE (146.56 m NGF, TIN isocotes (interpolation linéaire entre lignes de cote)) moins altitude sol LIDAR HD (147.98 m NGF). Terrain surélevé localement par rapport à la cote de référence PHE interpolée à cet endroit : pas de submersion attendue pour cette crue de référence.", "coteReferenceMethode": "TIN isocotes (interpolation linéaire entre lignes de cote)"}}, {"type": "Feature", "geometry": {"coordinates": [[[1.525103, 43.582668], [1.525044, 43.582632], [1.524952, 43.58271], [1.525056, 43.582774], [1.525135, 43.582706], [1.52509, 43.582678], [1.525103, 43.582668]]], "type": "Polygon"}, "properties": {"id": "BATIMENT0000000347710982", "zoneCode": "Bi", "zoneLabel": "Bleue inondation", "zoneColor": "#4FA8E0", "concerne": true, "regime": "Constructions nouvelles : Autorisées sous prescriptions (plancher au-dessus des PHEC, sens d'écoulement ou transparence hydraulique, matériaux peu vulnérables), hors établissements sensibles. Constructions existantes : Extensions autorisées selon usage (habitation, annexes, hébergement +plan de secours, ERP/activités, agricole), plancher au-dessus des PHEC.", "etudeGeotechniqueG2": false, "etagePresent": "Oui", "etageSource": "connu (BD TOPO nombre_d_etages)", "typologie": "Maison individuelle", "typologieSource": "BD TOPO", "zoneRefuge": "Conditionnelle : si le plancher ne peut pas être calé au-dessus des PHEC (impossibilité fonctionnelle dûment justifiée), un niveau refuge adapté est exigé (20 m² minimum, hauteur 1,80 m minimum).", "refugeCategorie": "Conditionnelle (impossibilité fonctionnelle à justifier)", "diagnostic": "Étude de vulnérabilité obligatoire sous 1 an pour les établissements sensibles (aléa faible à moyen : pas de délai de mise en œuvre chiffré).", "eligibiliteFprnm": "Éligible - habitation : FPRNM à 80% des travaux prescrits, sous réserve d'un bien existant avant le 18/04/2016.", "nbLogements": 1, "hauteurM": 6.1, "altitudeSolLidarHdM": 148.33, "coteReferencePheM": 146.67, "distanceIsocoteM": 97.0, "hauteurEauEstimeeM": 0.0, "hauteurEauNote": "Estimation : cote de référence PHE (146.67 m NGF, TIN isocotes (interpolation linéaire entre lignes de cote)) moins altitude sol LIDAR HD (148.33 m NGF). Terrain surélevé localement par rapport à la cote de référence PHE interpolée à cet endroit : pas de submersion attendue pour cette crue de référence.", "coteReferenceMethode": "TIN isocotes (interpolation linéaire entre lignes de cote)"}}, {"type": "Feature", "geometry": {"coordinates": [[[1.525103, 43.582668], [1.52509, 43.582678], [1.525135, 43.582706], [1.525148, 43.582696], [1.525103, 43.582668]]], "type": "Polygon"}, "properties": {"id": "BATIMENT0000000347710983", "zoneCode": "Bi", "zoneLabel": "Bleue inondation", "zoneColor": "#4FA8E0", "concerne": true, "regime": "Constructions nouvelles : Autorisées sous prescriptions (plancher au-dessus des PHEC, sens d'écoulement ou transparence hydraulique, matériaux peu vulnérables), hors établissements sensibles. Constructions existantes : Extensions autorisées selon usage (habitation, annexes, hébergement +plan de secours, ERP/activités, agricole), plancher au-dessus des PHEC.", "etudeGeotechniqueG2": false, "etagePresent": "Oui", "etageSource": "connu (BDNB Fichiers Fonciers nb_niveau=2)", "typologie": "Maison individuelle", "typologieSource": "BDNB (Fichiers Fonciers, millésime 2026-02.a)", "zoneRefuge": "Conditionnelle : si le plancher ne peut pas être calé au-dessus des PHEC (impossibilité fonctionnelle dûment justifiée), un niveau refuge adapté est exigé (20 m² minimum, hauteur 1,80 m minimum).", "refugeCategorie": "Conditionnelle (impossibilité fonctionnelle à justifier)", "diagnostic": "Étude de vulnérabilité obligatoire sous 1 an pour les établissements sensibles (aléa faible à moyen : pas de délai de mise en œuvre chiffré).", "eligibiliteFprnm": "Éligible - habitation : FPRNM à 80% des travaux prescrits, sous réserve d'un bien existant avant le 18/04/2016.", "nbLogements": 1, "hauteurM": 1.9, "altitudeSolLidarHdM": 148.44, "coteReferencePheM": 146.72, "distanceIsocoteM": 103.0, "hauteurEauEstimeeM": 0.0, "hauteurEauNote": "Estimation : cote de référence PHE (146.72 m NGF, TIN isocotes (interpolation linéaire entre lignes de cote)) moins altitude sol LIDAR HD (148.44 m NGF). Terrain surélevé localement par rapport à la cote de référence PHE interpolée à cet endroit : pas de submersion attendue pour cette crue de référence.", "coteReferenceMethode": "TIN isocotes (interpolation linéaire entre lignes de cote)"}}, {"type": "Feature", "geometry": {"coordinates": [[[1.525649, 43.583146], [1.525681, 43.583165], [1.525707, 43.583143], [1.525675, 43.583123], [1.525649, 43.583146]]], "type": "Polygon"}, "properties": {"id": "BATIMENT0000000347710985", "zoneCode": "Bi", "zoneLabel": "Bleue inondation", "zoneColor": "#4FA8E0", "concerne": true, "regime": "Constructions nouvelles : Autorisées sous prescriptions (plancher au-dessus des PHEC, sens d'écoulement ou transparence hydraulique, matériaux peu vulnérables), hors établissements sensibles. Constructions existantes : Extensions autorisées selon usage (habitation, annexes, hébergement +plan de secours, ERP/activités, agricole), plancher au-dessus des PHEC.", "etudeGeotechniqueG2": false, "etagePresent": "Non", "etageSource": "estimé par la hauteur (4.0 m), fiabilité modérée", "typologie": "Typologie indéterminée (donnée absente)", "zoneRefuge": "Conditionnelle : si le plancher ne peut pas être calé au-dessus des PHEC (impossibilité fonctionnelle dûment justifiée), un niveau refuge adapté est exigé (20 m² minimum, hauteur 1,80 m minimum).", "refugeCategorie": "Conditionnelle (impossibilité fonctionnelle à justifier)", "diagnostic": "Étude de vulnérabilité obligatoire sous 1 an pour les établissements sensibles (aléa faible à moyen : pas de délai de mise en œuvre chiffré).", "eligibiliteFprnm": "Non déterminé - typologie non qualifiée en l'état.", "hauteurM": 4.0, "altitudeSolLidarHdM": 148.77, "coteReferencePheM": 147.73, "distanceIsocoteM": 139.0, "hauteurEauEstimeeM": 0.0, "hauteurEauNote": "Estimation : cote de référence PHE (147.73 m NGF, TIN isocotes (interpolation linéaire entre lignes de cote)) moins altitude sol LIDAR HD (148.77 m NGF). Terrain surélevé localement par rapport à la cote de référence PHE interpolée à cet endroit : pas de submersion attendue pour cette crue de référence.", "coteReferenceMethode": "TIN isocotes (interpolation linéaire entre lignes de cote)"}}, {"type": "Feature", "geometry": {"coordinates": [[[1.520573, 43.580196], [1.520555, 43.580266], [1.520708, 43.580285], [1.520697, 43.580329], [1.520637, 43.580322], [1.520621, 43.580391], [1.520775, 43.580409], [1.52079, 43.580341], [1.520852, 43.580348], [1.52087, 43.580276], [1.520716, 43.580255], [1.520724, 43.580213], [1.520573, 43.580196]]], "type": "Polygon"}, "properties": {"id": "BATIMENT0000002001981645", "zoneCode": "Bi", "zoneLabel": "Bleue inondation", "zoneColor": "#4FA8E0", "concerne": true, "regime": "Constructions nouvelles : Autorisées sous prescriptions (plancher au-dessus des PHEC, sens d'écoulement ou transparence hydraulique, matériaux peu vulnérables), hors établissements sensibles. Constructions existantes : Extensions autorisées selon usage (habitation, annexes, hébergement +plan de secours, ERP/activités, agricole), plancher au-dessus des PHEC.", "etudeGeotechniqueG2": false, "etagePresent": "Non", "etageSource": "connu (BD TOPO nombre_d_etages)", "typologie": "Activité économique", "typologieSource": "BD TOPO", "zoneRefuge": "Conditionnelle : si le plancher ne peut pas être calé au-dessus des PHEC (impossibilité fonctionnelle dûment justifiée), un niveau refuge adapté est exigé (20 m² minimum, hauteur 1,80 m minimum).", "refugeCategorie": "Conditionnelle (impossibilité fonctionnelle à justifier)", "diagnostic": "Étude de vulnérabilité obligatoire sous 1 an pour les établissements sensibles (aléa faible à moyen : pas de délai de mise en œuvre chiffré).", "eligibiliteFprnm": "Potentiellement éligible - activité : FPRNM à 20% des travaux prescrits si moins de 20 salariés, sous réserve d'un bien existant avant le 18/04/2016.", "nbLogements": 0, "hauteurM": 3.4, "altitudeSolLidarHdM": 144.1, "coteReferencePheM": 144.86, "distanceIsocoteM": 64.0, "hauteurEauEstimeeM": 0.76, "hauteurEauNote": "Estimation : cote de référence PHE (144.86 m NGF, TIN isocotes (interpolation linéaire entre lignes de cote)) moins altitude sol LIDAR HD (144.10 m NGF).", "coteReferenceMethode": "TIN isocotes (interpolation linéaire entre lignes de cote)"}}, {"type": "Feature", "geometry": {"coordinates": [[[1.519938, 43.579994], [1.52023, 43.580025], [1.520243, 43.579949], [1.520442, 43.579973], [1.520451, 43.579917], [1.520488, 43.579921], [1.520492, 43.579893], [1.52046, 43.579889], [1.520469, 43.579837], [1.520274, 43.579817], [1.520287, 43.579741], [1.519995, 43.579709], [1.519938, 43.579994]]], "type": "Polygon"}, "properties": {"id": "BATIMENT0000002001981652", "zoneCode": "Ri", "zoneLabel": "Rouge inondation", "zoneColor": "#E2001A", "concerne": true, "regime": "Constructions nouvelles : Interdites, sauf exceptions très limitées (accès de sécurité, abris légers ≤20 m² une fois, locaux techniques ≤20 m², locaux jardinage, serres tunnel démontables, piscines). Constructions existantes : Extension habitations/annexes limitée à 20 m² une fois, plancher au-dessus des PHEC (refuge si impossibilité fonctionnelle) ; extension ERP/activités/agricole limitée à 20% de l'emprise, une fois.", "etudeGeotechniqueG2": false, "etagePresent": "Oui", "etageSource": "étage retenu par prudence (hauteur 7.6 m > seuil 5.30 m)", "typologie": "Activité économique", "typologieSource": "BD TOPO", "zoneRefuge": "Conditionnelle : si le plancher ne peut pas être calé au-dessus des PHEC (impossibilité fonctionnelle dûment justifiée), un niveau refuge adapté est exigé (20 m² minimum, hauteur 1,80 m minimum).", "refugeCategorie": "Conditionnelle (impossibilité fonctionnelle à justifier)", "diagnostic": "Étude de vulnérabilité obligatoire sous 1 an pour les établissements sensibles ; mesures mises en œuvre sous 5 ans (aléa fort), limite 10% valeur vénale.", "eligibiliteFprnm": "Potentiellement éligible - activité : FPRNM à 20% des travaux prescrits si moins de 20 salariés, sous réserve d'un bien existant avant le 18/04/2016.", "nbLogements": 0, "hauteurM": 7.6, "altitudeSolLidarHdM": 144.1, "coteReferencePheM": 144.77, "distanceIsocoteM": 106.0, "hauteurEauEstimeeM": 0.67, "hauteurEauNote": "Estimation : cote de référence PHE (144.77 m NGF, TIN isocotes (interpolation linéaire entre lignes de cote)) moins altitude sol LIDAR HD (144.10 m NGF).", "coteReferenceMethode": "TIN isocotes (interpolation linéaire entre lignes de cote)"}}, {"type": "Feature", "geometry": {"coordinates": [[[1.514665, 43.579845], [1.514973, 43.579895], [1.514984, 43.57986], [1.515038, 43.579868], [1.515026, 43.579902], [1.515212, 43.579933], [1.515157, 43.580125], [1.514609, 43.580041], [1.514539, 43.580028], [1.514552, 43.579976], [1.514622, 43.57999], [1.514665, 43.579845]]], "type": "Polygon"}, "properties": {"id": "BATIMENT0000002001981957", "zoneCode": "Bi", "zoneLabel": "Bleue inondation", "zoneColor": "#4FA8E0", "concerne": true, "regime": "Constructions nouvelles : Autorisées sous prescriptions (plancher au-dessus des PHEC, sens d'écoulement ou transparence hydraulique, matériaux peu vulnérables), hors établissements sensibles. Constructions existantes : Extensions autorisées selon usage (habitation, annexes, hébergement +plan de secours, ERP/activités, agricole), plancher au-dessus des PHEC.", "etudeGeotechniqueG2": false, "etagePresent": "Oui", "etageSource": "étage retenu par prudence (hauteur 10.2 m > seuil 5.30 m)", "typologie": "Activité économique", "typologieSource": "BD TOPO", "zoneRefuge": "Conditionnelle : si le plancher ne peut pas être calé au-dessus des PHEC (impossibilité fonctionnelle dûment justifiée), un niveau refuge adapté est exigé (20 m² minimum, hauteur 1,80 m minimum).", "refugeCategorie": "Conditionnelle (impossibilité fonctionnelle à justifier)", "diagnostic": "Étude de vulnérabilité obligatoire sous 1 an pour les établissements sensibles (aléa faible à moyen : pas de délai de mise en œuvre chiffré).", "eligibiliteFprnm": "Potentiellement éligible - activité : FPRNM à 20% des travaux prescrits si moins de 20 salariés, sous réserve d'un bien existant avant le 18/04/2016.", "nbLogements": 0, "hauteurM": 10.2, "altitudeSolLidarHdM": 143.03, "coteReferencePheM": 143.84, "distanceIsocoteM": 50.0, "hauteurEauEstimeeM": 0.81, "hauteurEauNote": "Estimation : cote de référence PHE (143.84 m NGF, TIN isocotes (interpolation linéaire entre lignes de cote)) moins altitude sol LIDAR HD (143.03 m NGF).", "coteReferenceMethode": "TIN isocotes (interpolation linéaire entre lignes de cote)"}}, {"type": "Feature", "geometry": {"coordinates": [[[1.519021, 43.579943], [1.519196, 43.579797], [1.519237, 43.579761], [1.51922, 43.579747], [1.519329, 43.579658], [1.519353, 43.579669], [1.519601, 43.579672], [1.519597, 43.579788], [1.519345, 43.579995], [1.519292, 43.579965], [1.519192, 43.58005], [1.519146, 43.580022], [1.519114, 43.580047], [1.519016, 43.579988], [1.519047, 43.579959], [1.519021, 43.579943]]], "type": "Polygon"}, "properties": {"id": "BATIMENT0000002001981959", "zoneCode": "Ri", "zoneLabel": "Rouge inondation", "zoneColor": "#E2001A", "concerne": true, "regime": "Constructions nouvelles : Interdites, sauf exceptions très limitées (accès de sécurité, abris légers ≤20 m² une fois, locaux techniques ≤20 m², locaux jardinage, serres tunnel démontables, piscines). Constructions existantes : Extension habitations/annexes limitée à 20 m² une fois, plancher au-dessus des PHEC (refuge si impossibilité fonctionnelle) ; extension ERP/activités/agricole limitée à 20% de l'emprise, une fois.", "etudeGeotechniqueG2": false, "etagePresent": "Oui", "etageSource": "estimé par la hauteur (8.0 m), fiabilité modérée", "typologie": "Activité économique", "typologieSource": "BD TOPO", "zoneRefuge": "Conditionnelle : si le plancher ne peut pas être calé au-dessus des PHEC (impossibilité fonctionnelle dûment justifiée), un niveau refuge adapté est exigé (20 m² minimum, hauteur 1,80 m minimum).", "refugeCategorie": "Conditionnelle (impossibilité fonctionnelle à justifier)", "diagnostic": "Étude de vulnérabilité obligatoire sous 1 an pour les établissements sensibles ; mesures mises en œuvre sous 5 ans (aléa fort), limite 10% valeur vénale.", "eligibiliteFprnm": "Potentiellement éligible - activité : FPRNM à 20% des travaux prescrits si moins de 20 salariés, sous réserve d'un bien existant avant le 18/04/2016.", "hauteurM": 8.0, "altitudeSolLidarHdM": 143.77, "coteReferencePheM": 144.63, "distanceIsocoteM": 59.0, "hauteurEauEstimeeM": 0.86, "hauteurEauNote": "Estimation : cote de référence PHE (144.63 m NGF, TIN isocotes (interpolation linéaire entre lignes de cote)) moins altitude sol LIDAR HD (143.77 m NGF).", "coteReferenceMethode": "TIN isocotes (interpolation linéaire entre lignes de cote)"}}, {"type": "Feature", "geometry": {"coordinates": [[[1.524552, 43.582313], [1.524572, 43.582325], [1.524588, 43.58231], [1.52457, 43.582298], [1.524552, 43.582313]]], "type": "Polygon"}, "properties": {"id": "BATIMENT0000002205674243", "zoneCode": "Bi", "zoneLabel": "Bleue inondation", "zoneColor": "#4FA8E0", "concerne": true, "regime": "Constructions nouvelles : Autorisées sous prescriptions (plancher au-dessus des PHEC, sens d'écoulement ou transparence hydraulique, matériaux peu vulnérables), hors établissements sensibles. Constructions existantes : Extensions autorisées selon usage (habitation, annexes, hébergement +plan de secours, ERP/activités, agricole), plancher au-dessus des PHEC.", "etudeGeotechniqueG2": false, "etagePresent": "Non", "etageSource": "estimé par la hauteur (1.6 m), fiabilité modérée", "typologie": "Typologie indéterminée (donnée absente)", "zoneRefuge": "Conditionnelle : si le plancher ne peut pas être calé au-dessus des PHEC (impossibilité fonctionnelle dûment justifiée), un niveau refuge adapté est exigé (20 m² minimum, hauteur 1,80 m minimum).", "refugeCategorie": "Conditionnelle (impossibilité fonctionnelle à justifier)", "diagnostic": "Étude de vulnérabilité obligatoire sous 1 an pour les établissements sensibles (aléa faible à moyen : pas de délai de mise en œuvre chiffré).", "eligibiliteFprnm": "Non déterminé - typologie non qualifiée en l'état.", "hauteurM": 1.6, "altitudeSolLidarHdM": 147.56, "coteReferencePheM": 146.22, "distanceIsocoteM": 59.0, "hauteurEauEstimeeM": 0.0, "hauteurEauNote": "Estimation : cote de référence PHE (146.22 m NGF, TIN isocotes (interpolation linéaire entre lignes de cote)) moins altitude sol LIDAR HD (147.56 m NGF). Terrain surélevé localement par rapport à la cote de référence PHE interpolée à cet endroit : pas de submersion attendue pour cette crue de référence.", "coteReferenceMethode": "TIN isocotes (interpolation linéaire entre lignes de cote)"}}, {"type": "Feature", "geometry": {"coordinates": [[[1.52457, 43.582298], [1.524602, 43.582318], [1.524628, 43.582295], [1.524597, 43.582275], [1.52457, 43.582298]]], "type": "Polygon"}, "properties": {"id": "BATIMENT0000002205674244", "zoneCode": "Bi", "zoneLabel": "Bleue inondation", "zoneColor": "#4FA8E0", "concerne": true, "regime": "Constructions nouvelles : Autorisées sous prescriptions (plancher au-dessus des PHEC, sens d'écoulement ou transparence hydraulique, matériaux peu vulnérables), hors établissements sensibles. Constructions existantes : Extensions autorisées selon usage (habitation, annexes, hébergement +plan de secours, ERP/activités, agricole), plancher au-dessus des PHEC.", "etudeGeotechniqueG2": false, "etagePresent": "Non", "etageSource": "estimé par la hauteur (1.3 m), fiabilité modérée", "typologie": "Typologie indéterminée (donnée absente)", "zoneRefuge": "Conditionnelle : si le plancher ne peut pas être calé au-dessus des PHEC (impossibilité fonctionnelle dûment justifiée), un niveau refuge adapté est exigé (20 m² minimum, hauteur 1,80 m minimum).", "refugeCategorie": "Conditionnelle (impossibilité fonctionnelle à justifier)", "diagnostic": "Étude de vulnérabilité obligatoire sous 1 an pour les établissements sensibles (aléa faible à moyen : pas de délai de mise en œuvre chiffré).", "eligibiliteFprnm": "Non déterminé - typologie non qualifiée en l'état.", "hauteurM": 1.3, "altitudeSolLidarHdM": 147.62, "coteReferencePheM": 146.23, "distanceIsocoteM": 62.0, "hauteurEauEstimeeM": 0.0, "hauteurEauNote": "Estimation : cote de référence PHE (146.23 m NGF, TIN isocotes (interpolation linéaire entre lignes de cote)) moins altitude sol LIDAR HD (147.62 m NGF). Terrain surélevé localement par rapport à la cote de référence PHE interpolée à cet endroit : pas de submersion attendue pour cette crue de référence.", "coteReferenceMethode": "TIN isocotes (interpolation linéaire entre lignes de cote)"}}, {"type": "Feature", "geometry": {"coordinates": [[[1.524597, 43.582275], [1.524625, 43.582293], [1.524646, 43.582274], [1.524638, 43.582269], [1.524643, 43.582264], [1.524623, 43.582253], [1.524597, 43.582275]]], "type": "Polygon"}, "properties": {"id": "BATIMENT0000002205674245", "zoneCode": "Bi", "zoneLabel": "Bleue inondation", "zoneColor": "#4FA8E0", "concerne": true, "regime": "Constructions nouvelles : Autorisées sous prescriptions (plancher au-dessus des PHEC, sens d'écoulement ou transparence hydraulique, matériaux peu vulnérables), hors établissements sensibles. Constructions existantes : Extensions autorisées selon usage (habitation, annexes, hébergement +plan de secours, ERP/activités, agricole), plancher au-dessus des PHEC.", "etudeGeotechniqueG2": false, "etagePresent": "Non", "etageSource": "estimé par la hauteur (1.0 m), fiabilité modérée", "typologie": "Typologie indéterminée (donnée absente)", "zoneRefuge": "Conditionnelle : si le plancher ne peut pas être calé au-dessus des PHEC (impossibilité fonctionnelle dûment justifiée), un niveau refuge adapté est exigé (20 m² minimum, hauteur 1,80 m minimum).", "refugeCategorie": "Conditionnelle (impossibilité fonctionnelle à justifier)", "diagnostic": "Étude de vulnérabilité obligatoire sous 1 an pour les établissements sensibles (aléa faible à moyen : pas de délai de mise en œuvre chiffré).", "eligibiliteFprnm": "Non déterminé - typologie non qualifiée en l'état.", "hauteurM": 1.0, "altitudeSolLidarHdM": 147.74, "coteReferencePheM": 146.24, "distanceIsocoteM": 64.0, "hauteurEauEstimeeM": 0.0, "hauteurEauNote": "Estimation : cote de référence PHE (146.24 m NGF, TIN isocotes (interpolation linéaire entre lignes de cote)) moins altitude sol LIDAR HD (147.74 m NGF). Terrain surélevé localement par rapport à la cote de référence PHE interpolée à cet endroit : pas de submersion attendue pour cette crue de référence.", "coteReferenceMethode": "TIN isocotes (interpolation linéaire entre lignes de cote)"}}, {"type": "Feature", "geometry": {"coordinates": [[[1.522771, 43.580669], [1.522845, 43.58068], [1.522858, 43.580634], [1.522782, 43.580622], [1.522771, 43.580669]]], "type": "Polygon"}, "properties": {"id": "BATIMENT0000002205674248", "zoneCode": "Bi", "zoneLabel": "Bleue inondation", "zoneColor": "#4FA8E0", "concerne": true, "regime": "Constructions nouvelles : Autorisées sous prescriptions (plancher au-dessus des PHEC, sens d'écoulement ou transparence hydraulique, matériaux peu vulnérables), hors établissements sensibles. Constructions existantes : Extensions autorisées selon usage (habitation, annexes, hébergement +plan de secours, ERP/activités, agricole), plancher au-dessus des PHEC.", "etudeGeotechniqueG2": false, "etagePresent": "Non", "etageSource": "connu (BDNB Fichiers Fonciers nb_niveau=1)", "typologie": "Activité économique", "typologieSource": "BDNB (Fichiers Fonciers, millésime 2026-02.a)", "zoneRefuge": "Conditionnelle : si le plancher ne peut pas être calé au-dessus des PHEC (impossibilité fonctionnelle dûment justifiée), un niveau refuge adapté est exigé (20 m² minimum, hauteur 1,80 m minimum).", "refugeCategorie": "Conditionnelle (impossibilité fonctionnelle à justifier)", "diagnostic": "Étude de vulnérabilité obligatoire sous 1 an pour les établissements sensibles (aléa faible à moyen : pas de délai de mise en œuvre chiffré).", "eligibiliteFprnm": "Potentiellement éligible - activité : FPRNM à 20% des travaux prescrits si moins de 20 salariés, sous réserve d'un bien existant avant le 18/04/2016.", "nbLogements": 0, "hauteurM": 2.8, "altitudeSolLidarHdM": 145.73, "coteReferencePheM": 145.84, "distanceIsocoteM": 17.0, "hauteurEauEstimeeM": 0.11, "hauteurEauNote": "Estimation : cote de référence PHE (145.84 m NGF, TIN isocotes (interpolation linéaire entre lignes de cote)) moins altitude sol LIDAR HD (145.73 m NGF).", "coteReferenceMethode": "TIN isocotes (interpolation linéaire entre lignes de cote)"}}, {"type": "Feature", "geometry": {"coordinates": [[[1.517286, 43.580624], [1.517351, 43.580635], [1.517361, 43.580517], [1.517298, 43.580513], [1.517293, 43.580562], [1.517322, 43.580565], [1.517321, 43.580584], [1.517291, 43.580582], [1.517286, 43.580624]]], "type": "Polygon"}, "properties": {"id": "BATIMENT0000002205674255", "zoneCode": "Bi", "zoneLabel": "Bleue inondation", "zoneColor": "#4FA8E0", "concerne": true, "regime": "Constructions nouvelles : Autorisées sous prescriptions (plancher au-dessus des PHEC, sens d'écoulement ou transparence hydraulique, matériaux peu vulnérables), hors établissements sensibles. Constructions existantes : Extensions autorisées selon usage (habitation, annexes, hébergement +plan de secours, ERP/activités, agricole), plancher au-dessus des PHEC.", "etudeGeotechniqueG2": false, "etagePresent": "Oui", "etageSource": "connu (BDNB Fichiers Fonciers nb_niveau=2)", "typologie": "Maison individuelle", "typologieSource": "BDNB (Fichiers Fonciers, millésime 2026-02.a)", "zoneRefuge": "Conditionnelle : si le plancher ne peut pas être calé au-dessus des PHEC (impossibilité fonctionnelle dûment justifiée), un niveau refuge adapté est exigé (20 m² minimum, hauteur 1,80 m minimum).", "refugeCategorie": "Conditionnelle (impossibilité fonctionnelle à justifier)", "diagnostic": "Étude de vulnérabilité obligatoire sous 1 an pour les établissements sensibles (aléa faible à moyen : pas de délai de mise en œuvre chiffré).", "eligibiliteFprnm": "Éligible - habitation : FPRNM à 80% des travaux prescrits, sous réserve d'un bien existant avant le 18/04/2016.", "nbLogements": 1, "hauteurM": 3.8, "altitudeSolLidarHdM": 143.5, "coteReferencePheM": 144.29, "distanceIsocoteM": 104.0, "hauteurEauEstimeeM": 0.79, "hauteurEauNote": "Estimation : cote de référence PHE (144.29 m NGF, TIN isocotes (interpolation linéaire entre lignes de cote)) moins altitude sol LIDAR HD (143.50 m NGF).", "coteReferenceMethode": "TIN isocotes (interpolation linéaire entre lignes de cote)"}}, {"type": "Feature", "geometry": {"coordinates": [[[1.517351, 43.580635], [1.517416, 43.580631], [1.517425, 43.58052], [1.517361, 43.580517], [1.517351, 43.580635]]], "type": "Polygon"}, "properties": {"id": "BATIMENT0000002205674256", "zoneCode": "Bi", "zoneLabel": "Bleue inondation", "zoneColor": "#4FA8E0", "concerne": true, "regime": "Constructions nouvelles : Autorisées sous prescriptions (plancher au-dessus des PHEC, sens d'écoulement ou transparence hydraulique, matériaux peu vulnérables), hors établissements sensibles. Constructions existantes : Extensions autorisées selon usage (habitation, annexes, hébergement +plan de secours, ERP/activités, agricole), plancher au-dessus des PHEC.", "etudeGeotechniqueG2": false, "etagePresent": "Oui", "etageSource": "connu (BDNB Fichiers Fonciers nb_niveau=2)", "typologie": "Maison individuelle", "typologieSource": "BDNB (Fichiers Fonciers, millésime 2026-02.a)", "zoneRefuge": "Conditionnelle : si le plancher ne peut pas être calé au-dessus des PHEC (impossibilité fonctionnelle dûment justifiée), un niveau refuge adapté est exigé (20 m² minimum, hauteur 1,80 m minimum).", "refugeCategorie": "Conditionnelle (impossibilité fonctionnelle à justifier)", "diagnostic": "Étude de vulnérabilité obligatoire sous 1 an pour les établissements sensibles (aléa faible à moyen : pas de délai de mise en œuvre chiffré).", "eligibiliteFprnm": "Éligible - habitation : FPRNM à 80% des travaux prescrits, sous réserve d'un bien existant avant le 18/04/2016.", "nbLogements": 1, "hauteurM": 6.6, "altitudeSolLidarHdM": 143.84, "coteReferencePheM": 144.3, "distanceIsocoteM": 99.0, "hauteurEauEstimeeM": 0.46, "hauteurEauNote": "Estimation : cote de référence PHE (144.30 m NGF, TIN isocotes (interpolation linéaire entre lignes de cote)) moins altitude sol LIDAR HD (143.84 m NGF).", "coteReferenceMethode": "TIN isocotes (interpolation linéaire entre lignes de cote)"}}, {"type": "Feature", "geometry": {"coordinates": [[[1.517739, 43.580661], [1.517804, 43.580651], [1.517808, 43.580611], [1.517778, 43.580609], [1.51778, 43.58059], [1.517811, 43.580591], [1.517816, 43.580542], [1.517753, 43.580538], [1.517739, 43.580661]]], "type": "Polygon"}, "properties": {"id": "BATIMENT0000002205674257", "zoneCode": "Bi", "zoneLabel": "Bleue inondation", "zoneColor": "#4FA8E0", "concerne": true, "regime": "Constructions nouvelles : Autorisées sous prescriptions (plancher au-dessus des PHEC, sens d'écoulement ou transparence hydraulique, matériaux peu vulnérables), hors établissements sensibles. Constructions existantes : Extensions autorisées selon usage (habitation, annexes, hébergement +plan de secours, ERP/activités, agricole), plancher au-dessus des PHEC.", "etudeGeotechniqueG2": false, "etagePresent": "Oui", "etageSource": "connu (BDNB Fichiers Fonciers nb_niveau=2)", "typologie": "Maison individuelle", "typologieSource": "BDNB (Fichiers Fonciers, millésime 2026-02.a)", "zoneRefuge": "Conditionnelle : si le plancher ne peut pas être calé au-dessus des PHEC (impossibilité fonctionnelle dûment justifiée), un niveau refuge adapté est exigé (20 m² minimum, hauteur 1,80 m minimum).", "refugeCategorie": "Conditionnelle (impossibilité fonctionnelle à justifier)", "diagnostic": "Étude de vulnérabilité obligatoire sous 1 an pour les établissements sensibles (aléa faible à moyen : pas de délai de mise en œuvre chiffré).", "eligibiliteFprnm": "Éligible - habitation : FPRNM à 80% des travaux prescrits, sous réserve d'un bien existant avant le 18/04/2016.", "nbLogements": 1, "hauteurM": 7.1, "altitudeSolLidarHdM": 144.53, "coteReferencePheM": 144.36, "distanceIsocoteM": 68.0, "hauteurEauEstimeeM": 0.0, "hauteurEauNote": "Estimation : cote de référence PHE (144.36 m NGF, TIN isocotes (interpolation linéaire entre lignes de cote)) moins altitude sol LIDAR HD (144.53 m NGF). Terrain surélevé localement par rapport à la cote de référence PHE interpolée à cet endroit : pas de submersion attendue pour cette crue de référence.", "coteReferenceMethode": "TIN isocotes (interpolation linéaire entre lignes de cote)"}}, {"type": "Feature", "geometry": {"coordinates": [[[1.517677, 43.580645], [1.517739, 43.580661], [1.517753, 43.580538], [1.517688, 43.580535], [1.517677, 43.580645]]], "type": "Polygon"}, "properties": {"id": "BATIMENT0000002205674258", "zoneCode": "Bi", "zoneLabel": "Bleue inondation", "zoneColor": "#4FA8E0", "concerne": true, "regime": "Constructions nouvelles : Autorisées sous prescriptions (plancher au-dessus des PHEC, sens d'écoulement ou transparence hydraulique, matériaux peu vulnérables), hors établissements sensibles. Constructions existantes : Extensions autorisées selon usage (habitation, annexes, hébergement +plan de secours, ERP/activités, agricole), plancher au-dessus des PHEC.", "etudeGeotechniqueG2": false, "etagePresent": "Oui", "etageSource": "connu (BDNB Fichiers Fonciers nb_niveau=2)", "typologie": "Maison individuelle", "typologieSource": "BDNB (Fichiers Fonciers, millésime 2026-02.a)", "zoneRefuge": "Conditionnelle : si le plancher ne peut pas être calé au-dessus des PHEC (impossibilité fonctionnelle dûment justifiée), un niveau refuge adapté est exigé (20 m² minimum, hauteur 1,80 m minimum).", "refugeCategorie": "Conditionnelle (impossibilité fonctionnelle à justifier)", "diagnostic": "Étude de vulnérabilité obligatoire sous 1 an pour les établissements sensibles (aléa faible à moyen : pas de délai de mise en œuvre chiffré).", "eligibiliteFprnm": "Éligible - habitation : FPRNM à 80% des travaux prescrits, sous réserve d'un bien existant avant le 18/04/2016.", "nbLogements": 1, "hauteurM": 6.2, "altitudeSolLidarHdM": 144.53, "coteReferencePheM": 144.35, "distanceIsocoteM": 73.0, "hauteurEauEstimeeM": 0.0, "hauteurEauNote": "Estimation : cote de référence PHE (144.35 m NGF, TIN isocotes (interpolation linéaire entre lignes de cote)) moins altitude sol LIDAR HD (144.53 m NGF). Terrain surélevé localement par rapport à la cote de référence PHE interpolée à cet endroit : pas de submersion attendue pour cette crue de référence.", "coteReferenceMethode": "TIN isocotes (interpolation linéaire entre lignes de cote)"}}, {"type": "Feature", "geometry": {"coordinates": [[[1.517611, 43.58065], [1.517677, 43.580645], [1.517688, 43.580535], [1.517623, 43.580531], [1.517611, 43.58065]]], "type": "Polygon"}, "properties": {"id": "BATIMENT0000002205674259", "zoneCode": "Bi", "zoneLabel": "Bleue inondation", "zoneColor": "#4FA8E0", "concerne": true, "regime": "Constructions nouvelles : Autorisées sous prescriptions (plancher au-dessus des PHEC, sens d'écoulement ou transparence hydraulique, matériaux peu vulnérables), hors établissements sensibles. Constructions existantes : Extensions autorisées selon usage (habitation, annexes, hébergement +plan de secours, ERP/activités, agricole), plancher au-dessus des PHEC.", "etudeGeotechniqueG2": false, "etagePresent": "Oui", "etageSource": "connu (BDNB Fichiers Fonciers nb_niveau=2)", "typologie": "Maison individuelle", "typologieSource": "BDNB (Fichiers Fonciers, millésime 2026-02.a)", "zoneRefuge": "Conditionnelle : si le plancher ne peut pas être calé au-dessus des PHEC (impossibilité fonctionnelle dûment justifiée), un niveau refuge adapté est exigé (20 m² minimum, hauteur 1,80 m minimum).", "refugeCategorie": "Conditionnelle (impossibilité fonctionnelle à justifier)", "diagnostic": "Étude de vulnérabilité obligatoire sous 1 an pour les établissements sensibles (aléa faible à moyen : pas de délai de mise en œuvre chiffré).", "eligibiliteFprnm": "Éligible - habitation : FPRNM à 80% des travaux prescrits, sous réserve d'un bien existant avant le 18/04/2016.", "nbLogements": 1, "hauteurM": 7.0, "altitudeSolLidarHdM": 144.45, "coteReferencePheM": 144.34, "distanceIsocoteM": 78.0, "hauteurEauEstimeeM": 0.0, "hauteurEauNote": "Estimation : cote de référence PHE (144.34 m NGF, TIN isocotes (interpolation linéaire entre lignes de cote)) moins altitude sol LIDAR HD (144.45 m NGF). Terrain surélevé localement par rapport à la cote de référence PHE interpolée à cet endroit : pas de submersion attendue pour cette crue de référence.", "coteReferenceMethode": "TIN isocotes (interpolation linéaire entre lignes de cote)"}}, {"type": "Feature", "geometry": {"coordinates": [[[1.517547, 43.580638], [1.517611, 43.58065], [1.517623, 43.580531], [1.517556, 43.580527], [1.517547, 43.580638]]], "type": "Polygon"}, "properties": {"id": "BATIMENT0000002205674260", "zoneCode": "Bi", "zoneLabel": "Bleue inondation", "zoneColor": "#4FA8E0", "concerne": true, "regime": "Constructions nouvelles : Autorisées sous prescriptions (plancher au-dessus des PHEC, sens d'écoulement ou transparence hydraulique, matériaux peu vulnérables), hors établissements sensibles. Constructions existantes : Extensions autorisées selon usage (habitation, annexes, hébergement +plan de secours, ERP/activités, agricole), plancher au-dessus des PHEC.", "etudeGeotechniqueG2": false, "etagePresent": "Oui", "etageSource": "connu (BDNB Fichiers Fonciers nb_niveau=2)", "typologie": "Maison individuelle", "typologieSource": "BDNB (Fichiers Fonciers, millésime 2026-02.a)", "zoneRefuge": "Conditionnelle : si le plancher ne peut pas être calé au-dessus des PHEC (impossibilité fonctionnelle dûment justifiée), un niveau refuge adapté est exigé (20 m² minimum, hauteur 1,80 m minimum).", "refugeCategorie": "Conditionnelle (impossibilité fonctionnelle à justifier)", "diagnostic": "Étude de vulnérabilité obligatoire sous 1 an pour les établissements sensibles (aléa faible à moyen : pas de délai de mise en œuvre chiffré).", "eligibiliteFprnm": "Éligible - habitation : FPRNM à 80% des travaux prescrits, sous réserve d'un bien existant avant le 18/04/2016.", "nbLogements": 1, "hauteurM": 6.1, "altitudeSolLidarHdM": 144.42, "coteReferencePheM": 144.33, "distanceIsocoteM": 83.0, "hauteurEauEstimeeM": 0.0, "hauteurEauNote": "Estimation : cote de référence PHE (144.33 m NGF, TIN isocotes (interpolation linéaire entre lignes de cote)) moins altitude sol LIDAR HD (144.42 m NGF). Terrain surélevé localement par rapport à la cote de référence PHE interpolée à cet endroit : pas de submersion attendue pour cette crue de référence.", "coteReferenceMethode": "TIN isocotes (interpolation linéaire entre lignes de cote)"}}, {"type": "Feature", "geometry": {"coordinates": [[[1.51748, 43.580642], [1.517547, 43.580638], [1.517556, 43.580527], [1.51749, 43.580524], [1.51748, 43.580642]]], "type": "Polygon"}, "properties": {"id": "BATIMENT0000002205674261", "zoneCode": "Bi", "zoneLabel": "Bleue inondation", "zoneColor": "#4FA8E0", "concerne": true, "regime": "Constructions nouvelles : Autorisées sous prescriptions (plancher au-dessus des PHEC, sens d'écoulement ou transparence hydraulique, matériaux peu vulnérables), hors établissements sensibles. Constructions existantes : Extensions autorisées selon usage (habitation, annexes, hébergement +plan de secours, ERP/activités, agricole), plancher au-dessus des PHEC.", "etudeGeotechniqueG2": false, "etagePresent": "Oui", "etageSource": "connu (BDNB Fichiers Fonciers nb_niveau=2)", "typologie": "Maison individuelle", "typologieSource": "BDNB (Fichiers Fonciers, millésime 2026-02.a)", "zoneRefuge": "Conditionnelle : si le plancher ne peut pas être calé au-dessus des PHEC (impossibilité fonctionnelle dûment justifiée), un niveau refuge adapté est exigé (20 m² minimum, hauteur 1,80 m minimum).", "refugeCategorie": "Conditionnelle (impossibilité fonctionnelle à justifier)", "diagnostic": "Étude de vulnérabilité obligatoire sous 1 an pour les établissements sensibles (aléa faible à moyen : pas de délai de mise en œuvre chiffré).", "eligibiliteFprnm": "Éligible - habitation : FPRNM à 80% des travaux prescrits, sous réserve d'un bien existant avant le 18/04/2016.", "nbLogements": 1, "hauteurM": 6.8, "altitudeSolLidarHdM": 144.46, "coteReferencePheM": 144.32, "distanceIsocoteM": 89.0, "hauteurEauEstimeeM": 0.0, "hauteurEauNote": "Estimation : cote de référence PHE (144.32 m NGF, TIN isocotes (interpolation linéaire entre lignes de cote)) moins altitude sol LIDAR HD (144.46 m NGF). Terrain surélevé localement par rapport à la cote de référence PHE interpolée à cet endroit : pas de submersion attendue pour cette crue de référence.", "coteReferenceMethode": "TIN isocotes (interpolation linéaire entre lignes de cote)"}}, {"type": "Feature", "geometry": {"coordinates": [[[1.517416, 43.580631], [1.51748, 43.580642], [1.51749, 43.580524], [1.517425, 43.58052], [1.517416, 43.580631]]], "type": "Polygon"}, "properties": {"id": "BATIMENT0000002205674262", "zoneCode": "Bi", "zoneLabel": "Bleue inondation", "zoneColor": "#4FA8E0", "concerne": true, "regime": "Constructions nouvelles : Autorisées sous prescriptions (plancher au-dessus des PHEC, sens d'écoulement ou transparence hydraulique, matériaux peu vulnérables), hors établissements sensibles. Constructions existantes : Extensions autorisées selon usage (habitation, annexes, hébergement +plan de secours, ERP/activités, agricole), plancher au-dessus des PHEC.", "etudeGeotechniqueG2": false, "etagePresent": "Oui", "etageSource": "connu (BDNB Fichiers Fonciers nb_niveau=2)", "typologie": "Maison individuelle", "typologieSource": "BDNB (Fichiers Fonciers, millésime 2026-02.a)", "zoneRefuge": "Conditionnelle : si le plancher ne peut pas être calé au-dessus des PHEC (impossibilité fonctionnelle dûment justifiée), un niveau refuge adapté est exigé (20 m² minimum, hauteur 1,80 m minimum).", "refugeCategorie": "Conditionnelle (impossibilité fonctionnelle à justifier)", "diagnostic": "Étude de vulnérabilité obligatoire sous 1 an pour les établissements sensibles (aléa faible à moyen : pas de délai de mise en œuvre chiffré).", "eligibiliteFprnm": "Éligible - habitation : FPRNM à 80% des travaux prescrits, sous réserve d'un bien existant avant le 18/04/2016.", "nbLogements": 1, "hauteurM": 6.1, "altitudeSolLidarHdM": 144.43, "coteReferencePheM": 144.31, "distanceIsocoteM": 94.0, "hauteurEauEstimeeM": 0.0, "hauteurEauNote": "Estimation : cote de référence PHE (144.31 m NGF, TIN isocotes (interpolation linéaire entre lignes de cote)) moins altitude sol LIDAR HD (144.43 m NGF). Terrain surélevé localement par rapport à la cote de référence PHE interpolée à cet endroit : pas de submersion attendue pour cette crue de référence.", "coteReferenceMethode": "TIN isocotes (interpolation linéaire entre lignes de cote)"}}, {"type": "Feature", "geometry": {"coordinates": [[[1.525193, 43.58274], [1.525217, 43.582755], [1.52524, 43.582734], [1.525217, 43.58272], [1.525193, 43.58274]]], "type": "Polygon"}, "properties": {"id": "BATIMENT0000002205674299", "zoneCode": "Bi", "zoneLabel": "Bleue inondation", "zoneColor": "#4FA8E0", "concerne": true, "regime": "Constructions nouvelles : Autorisées sous prescriptions (plancher au-dessus des PHEC, sens d'écoulement ou transparence hydraulique, matériaux peu vulnérables), hors établissements sensibles. Constructions existantes : Extensions autorisées selon usage (habitation, annexes, hébergement +plan de secours, ERP/activités, agricole), plancher au-dessus des PHEC.", "etudeGeotechniqueG2": false, "etagePresent": "Non", "etageSource": "estimé par la hauteur (2.2 m), fiabilité modérée", "typologie": "Typologie indéterminée (donnée absente)", "zoneRefuge": "Conditionnelle : si le plancher ne peut pas être calé au-dessus des PHEC (impossibilité fonctionnelle dûment justifiée), un niveau refuge adapté est exigé (20 m² minimum, hauteur 1,80 m minimum).", "refugeCategorie": "Conditionnelle (impossibilité fonctionnelle à justifier)", "diagnostic": "Étude de vulnérabilité obligatoire sous 1 an pour les établissements sensibles (aléa faible à moyen : pas de délai de mise en œuvre chiffré).", "eligibiliteFprnm": "Non déterminé - typologie non qualifiée en l'état.", "hauteurM": 2.2, "altitudeSolLidarHdM": 148.36, "coteReferencePheM": 146.86, "distanceIsocoteM": 106.0, "hauteurEauEstimeeM": 0.0, "hauteurEauNote": "Estimation : cote de référence PHE (146.86 m NGF, TIN isocotes (interpolation linéaire entre lignes de cote)) moins altitude sol LIDAR HD (148.36 m NGF). Terrain surélevé localement par rapport à la cote de référence PHE interpolée à cet endroit : pas de submersion attendue pour cette crue de référence.", "coteReferenceMethode": "TIN isocotes (interpolation linéaire entre lignes de cote)"}}, {"type": "Feature", "geometry": {"coordinates": [[[1.525263, 43.582783], [1.525286, 43.582798], [1.52531, 43.582778], [1.525287, 43.582764], [1.525263, 43.582783]]], "type": "Polygon"}, "properties": {"id": "BATIMENT0000002205674300", "zoneCode": "Bi", "zoneLabel": "Bleue inondation", "zoneColor": "#4FA8E0", "concerne": true, "regime": "Constructions nouvelles : Autorisées sous prescriptions (plancher au-dessus des PHEC, sens d'écoulement ou transparence hydraulique, matériaux peu vulnérables), hors établissements sensibles. Constructions existantes : Extensions autorisées selon usage (habitation, annexes, hébergement +plan de secours, ERP/activités, agricole), plancher au-dessus des PHEC.", "etudeGeotechniqueG2": false, "etagePresent": "Non", "etageSource": "estimé par la hauteur (3.7 m), fiabilité modérée", "typologie": "Typologie indéterminée (donnée absente)", "zoneRefuge": "Conditionnelle : si le plancher ne peut pas être calé au-dessus des PHEC (impossibilité fonctionnelle dûment justifiée), un niveau refuge adapté est exigé (20 m² minimum, hauteur 1,80 m minimum).", "refugeCategorie": "Conditionnelle (impossibilité fonctionnelle à justifier)", "diagnostic": "Étude de vulnérabilité obligatoire sous 1 an pour les établissements sensibles (aléa faible à moyen : pas de délai de mise en œuvre chiffré).", "eligibiliteFprnm": "Non déterminé - typologie non qualifiée en l'état.", "hauteurM": 3.7, "altitudeSolLidarHdM": 148.3, "coteReferencePheM": 146.97, "distanceIsocoteM": 108.0, "hauteurEauEstimeeM": 0.0, "hauteurEauNote": "Estimation : cote de référence PHE (146.97 m NGF, TIN isocotes (interpolation linéaire entre lignes de cote)) moins altitude sol LIDAR HD (148.30 m NGF). Terrain surélevé localement par rapport à la cote de référence PHE interpolée à cet endroit : pas de submersion attendue pour cette crue de référence.", "coteReferenceMethode": "TIN isocotes (interpolation linéaire entre lignes de cote)"}}, {"type": "Feature", "geometry": {"coordinates": [[[1.525135, 43.582811], [1.525148, 43.582819], [1.525165, 43.582805], [1.52515, 43.582797], [1.525135, 43.582811]]], "type": "Polygon"}, "properties": {"id": "BATIMENT0000002205674301", "zoneCode": "Bi", "zoneLabel": "Bleue inondation", "zoneColor": "#4FA8E0", "concerne": true, "regime": "Constructions nouvelles : Autorisées sous prescriptions (plancher au-dessus des PHEC, sens d'écoulement ou transparence hydraulique, matériaux peu vulnérables), hors établissements sensibles. Constructions existantes : Extensions autorisées selon usage (habitation, annexes, hébergement +plan de secours, ERP/activités, agricole), plancher au-dessus des PHEC.", "etudeGeotechniqueG2": false, "etagePresent": "Oui", "etageSource": "connu (BDNB Fichiers Fonciers nb_niveau=2)", "typologie": "Logement collectif (2 logements)", "typologieSource": "BDNB (Fichiers Fonciers, millésime 2026-02.a)", "zoneRefuge": "Conditionnelle : si le plancher ne peut pas être calé au-dessus des PHEC (impossibilité fonctionnelle dûment justifiée), un niveau refuge adapté est exigé (20 m² minimum, hauteur 1,80 m minimum).", "refugeCategorie": "Conditionnelle (impossibilité fonctionnelle à justifier)", "diagnostic": "Étude de vulnérabilité obligatoire sous 1 an pour les établissements sensibles (aléa faible à moyen : pas de délai de mise en œuvre chiffré).", "eligibiliteFprnm": "Éligible - habitation : FPRNM à 80% des travaux prescrits, sous réserve d'un bien existant avant le 18/04/2016.", "nbLogements": 2, "hauteurM": 4.2, "altitudeSolLidarHdM": 148.16, "coteReferencePheM": 146.88, "distanceIsocoteM": 105.0, "hauteurEauEstimeeM": 0.0, "hauteurEauNote": "Estimation : cote de référence PHE (146.88 m NGF, TIN isocotes (interpolation linéaire entre lignes de cote)) moins altitude sol LIDAR HD (148.16 m NGF). Terrain surélevé localement par rapport à la cote de référence PHE interpolée à cet endroit : pas de submersion attendue pour cette crue de référence.", "coteReferenceMethode": "TIN isocotes (interpolation linéaire entre lignes de cote)"}}, {"type": "Feature", "geometry": {"coordinates": [[[1.525186, 43.582843], [1.5252, 43.582851], [1.525216, 43.582838], [1.525203, 43.58283], [1.525186, 43.582843]]], "type": "Polygon"}, "properties": {"id": "BATIMENT0000002205674302", "zoneCode": "Bi", "zoneLabel": "Bleue inondation", "zoneColor": "#4FA8E0", "concerne": true, "regime": "Constructions nouvelles : Autorisées sous prescriptions (plancher au-dessus des PHEC, sens d'écoulement ou transparence hydraulique, matériaux peu vulnérables), hors établissements sensibles. Constructions existantes : Extensions autorisées selon usage (habitation, annexes, hébergement +plan de secours, ERP/activités, agricole), plancher au-dessus des PHEC.", "etudeGeotechniqueG2": false, "etagePresent": "Oui", "etageSource": "connu (BDNB Fichiers Fonciers nb_niveau=2)", "typologie": "Logement collectif (2 logements)", "typologieSource": "BDNB (Fichiers Fonciers, millésime 2026-02.a)", "zoneRefuge": "Conditionnelle : si le plancher ne peut pas être calé au-dessus des PHEC (impossibilité fonctionnelle dûment justifiée), un niveau refuge adapté est exigé (20 m² minimum, hauteur 1,80 m minimum).", "refugeCategorie": "Conditionnelle (impossibilité fonctionnelle à justifier)", "diagnostic": "Étude de vulnérabilité obligatoire sous 1 an pour les établissements sensibles (aléa faible à moyen : pas de délai de mise en œuvre chiffré).", "eligibiliteFprnm": "Éligible - habitation : FPRNM à 80% des travaux prescrits, sous réserve d'un bien existant avant le 18/04/2016.", "nbLogements": 2, "hauteurM": 4.1, "altitudeSolLidarHdM": 148.25, "coteReferencePheM": 146.96, "distanceIsocoteM": 109.0, "hauteurEauEstimeeM": 0.0, "hauteurEauNote": "Estimation : cote de référence PHE (146.96 m NGF, TIN isocotes (interpolation linéaire entre lignes de cote)) moins altitude sol LIDAR HD (148.25 m NGF). Terrain surélevé localement par rapport à la cote de référence PHE interpolée à cet endroit : pas de submersion attendue pour cette crue de référence.", "coteReferenceMethode": "TIN isocotes (interpolation linéaire entre lignes de cote)"}}, {"type": "Feature", "geometry": {"coordinates": [[[1.525183, 43.582818], [1.525216, 43.582838], [1.5252, 43.582851], [1.525241, 43.582877], [1.52529, 43.582837], [1.525262, 43.582819], [1.525286, 43.582798], [1.525263, 43.582783], [1.525287, 43.582764], [1.525263, 43.582749], [1.525183, 43.582818]]], "type": "Polygon"}, "properties": {"id": "BATIMENT0000002205674303", "zoneCode": "Bi", "zoneLabel": "Bleue inondation", "zoneColor": "#4FA8E0", "concerne": true, "regime": "Constructions nouvelles : Autorisées sous prescriptions (plancher au-dessus des PHEC, sens d'écoulement ou transparence hydraulique, matériaux peu vulnérables), hors établissements sensibles. Constructions existantes : Extensions autorisées selon usage (habitation, annexes, hébergement +plan de secours, ERP/activités, agricole), plancher au-dessus des PHEC.", "etudeGeotechniqueG2": false, "etagePresent": "Oui", "etageSource": "connu (BDNB Fichiers Fonciers nb_niveau=2)", "typologie": "Logement collectif (2 logements)", "typologieSource": "BDNB (Fichiers Fonciers, millésime 2026-02.a)", "zoneRefuge": "Conditionnelle : si le plancher ne peut pas être calé au-dessus des PHEC (impossibilité fonctionnelle dûment justifiée), un niveau refuge adapté est exigé (20 m² minimum, hauteur 1,80 m minimum).", "refugeCategorie": "Conditionnelle (impossibilité fonctionnelle à justifier)", "diagnostic": "Étude de vulnérabilité obligatoire sous 1 an pour les établissements sensibles (aléa faible à moyen : pas de délai de mise en œuvre chiffré).", "eligibiliteFprnm": "Éligible - habitation : FPRNM à 80% des travaux prescrits, sous réserve d'un bien existant avant le 18/04/2016.", "nbLogements": 2, "hauteurM": 5.0, "altitudeSolLidarHdM": 148.25, "coteReferencePheM": 146.97, "distanceIsocoteM": 112.0, "hauteurEauEstimeeM": 0.0, "hauteurEauNote": "Estimation : cote de référence PHE (146.97 m NGF, TIN isocotes (interpolation linéaire entre lignes de cote)) moins altitude sol LIDAR HD (148.25 m NGF). Terrain surélevé localement par rapport à la cote de référence PHE interpolée à cet endroit : pas de submersion attendue pour cette crue de référence.", "coteReferenceMethode": "TIN isocotes (interpolation linéaire entre lignes de cote)"}}, {"type": "Feature", "geometry": {"coordinates": [[[1.525092, 43.582784], [1.525135, 43.582811], [1.52515, 43.582797], [1.525183, 43.582818], [1.525263, 43.582749], [1.52524, 43.582734], [1.525217, 43.582755], [1.525193, 43.58274], [1.525169, 43.582761], [1.525141, 43.582743], [1.525092, 43.582784]]], "type": "Polygon"}, "properties": {"id": "BATIMENT0000002205674304", "zoneCode": "Bi", "zoneLabel": "Bleue inondation", "zoneColor": "#4FA8E0", "concerne": true, "regime": "Constructions nouvelles : Autorisées sous prescriptions (plancher au-dessus des PHEC, sens d'écoulement ou transparence hydraulique, matériaux peu vulnérables), hors établissements sensibles. Constructions existantes : Extensions autorisées selon usage (habitation, annexes, hébergement +plan de secours, ERP/activités, agricole), plancher au-dessus des PHEC.", "etudeGeotechniqueG2": false, "etagePresent": "Oui", "etageSource": "connu (BDNB Fichiers Fonciers nb_niveau=2)", "typologie": "Logement collectif (2 logements)", "typologieSource": "BDNB (Fichiers Fonciers, millésime 2026-02.a)", "zoneRefuge": "Conditionnelle : si le plancher ne peut pas être calé au-dessus des PHEC (impossibilité fonctionnelle dûment justifiée), un niveau refuge adapté est exigé (20 m² minimum, hauteur 1,80 m minimum).", "refugeCategorie": "Conditionnelle (impossibilité fonctionnelle à justifier)", "diagnostic": "Étude de vulnérabilité obligatoire sous 1 an pour les établissements sensibles (aléa faible à moyen : pas de délai de mise en œuvre chiffré).", "eligibiliteFprnm": "Éligible - habitation : FPRNM à 80% des travaux prescrits, sous réserve d'un bien existant avant le 18/04/2016.", "nbLogements": 2, "hauteurM": 5.0, "altitudeSolLidarHdM": 148.3, "coteReferencePheM": 146.86, "distanceIsocoteM": 107.0, "hauteurEauEstimeeM": 0.0, "hauteurEauNote": "Estimation : cote de référence PHE (146.86 m NGF, TIN isocotes (interpolation linéaire entre lignes de cote)) moins altitude sol LIDAR HD (148.30 m NGF). Terrain surélevé localement par rapport à la cote de référence PHE interpolée à cet endroit : pas de submersion attendue pour cette crue de référence.", "coteReferenceMethode": "TIN isocotes (interpolation linéaire entre lignes de cote)"}}, {"type": "Feature", "geometry": {"coordinates": [[[1.518937, 43.58017], [1.518927, 43.580258], [1.518795, 43.580251], [1.518803, 43.580159], [1.518937, 43.58017]]], "type": "Polygon"}, "properties": {"id": "BATIMENT0000002206315559", "zoneCode": "Ri", "zoneLabel": "Rouge inondation", "zoneColor": "#E2001A", "concerne": true, "zonesIntersectees": "Bi;Ri", "regime": "Constructions nouvelles : Interdites, sauf exceptions très limitées (accès de sécurité, abris légers ≤20 m² une fois, locaux techniques ≤20 m², locaux jardinage, serres tunnel démontables, piscines). Constructions existantes : Extension habitations/annexes limitée à 20 m² une fois, plancher au-dessus des PHEC (refuge si impossibilité fonctionnelle) ; extension ERP/activités/agricole limitée à 20% de l'emprise, une fois.", "etudeGeotechniqueG2": false, "etagePresent": "Oui", "etageSource": "connu (BDNB Fichiers Fonciers nb_niveau=2)", "typologie": "Activité économique", "typologieSource": "BDNB (Fichiers Fonciers, millésime 2026-02.a)", "zoneRefuge": "Conditionnelle : si le plancher ne peut pas être calé au-dessus des PHEC (impossibilité fonctionnelle dûment justifiée), un niveau refuge adapté est exigé (20 m² minimum, hauteur 1,80 m minimum).", "refugeCategorie": "Conditionnelle (impossibilité fonctionnelle à justifier)", "diagnostic": "Étude de vulnérabilité obligatoire sous 1 an pour les établissements sensibles ; mesures mises en œuvre sous 5 ans (aléa fort), limite 10% valeur vénale.", "eligibiliteFprnm": "Potentiellement éligible - activité : FPRNM à 20% des travaux prescrits si moins de 20 salariés, sous réserve d'un bien existant avant le 18/04/2016.", "nbLogements": 0, "hauteurM": 6.3, "altitudeSolLidarHdM": 143.76, "coteReferencePheM": 144.54, "distanceIsocoteM": 21.0, "hauteurEauEstimeeM": 0.78, "hauteurEauNote": "Estimation : cote de référence PHE (144.54 m NGF, TIN isocotes (interpolation linéaire entre lignes de cote)) moins altitude sol LIDAR HD (143.76 m NGF).", "coteReferenceMethode": "TIN isocotes (interpolation linéaire entre lignes de cote)"}}, {"type": "Feature", "geometry": {"coordinates": [[[1.521129, 43.581129], [1.521167, 43.580793], [1.521368, 43.580806], [1.521367, 43.580813], [1.521421, 43.580816], [1.521438, 43.580832], [1.521594, 43.580846], [1.521596, 43.580842], [1.521796, 43.580855], [1.521766, 43.581144], [1.521563, 43.581135], [1.521566, 43.581072], [1.521549, 43.581071], [1.521555, 43.581022], [1.521574, 43.581023], [1.521576, 43.580984], [1.521501, 43.580977], [1.521504, 43.58094], [1.521428, 43.580934], [1.521425, 43.580953], [1.521347, 43.58095], [1.521343, 43.580981], [1.521366, 43.580982], [1.521359, 43.581036], [1.52134, 43.581034], [1.521326, 43.58114], [1.521129, 43.581129]]], "type": "Polygon"}, "properties": {"id": "BATIMENT0000002206316035", "zoneCode": "Bi", "zoneLabel": "Bleue inondation", "zoneColor": "#4FA8E0", "concerne": true, "regime": "Constructions nouvelles : Autorisées sous prescriptions (plancher au-dessus des PHEC, sens d'écoulement ou transparence hydraulique, matériaux peu vulnérables), hors établissements sensibles. Constructions existantes : Extensions autorisées selon usage (habitation, annexes, hébergement +plan de secours, ERP/activités, agricole), plancher au-dessus des PHEC.", "etudeGeotechniqueG2": false, "etagePresent": "Oui", "etageSource": "estimé par la hauteur (11.6 m), fiabilité modérée", "typologie": "Maison individuelle", "typologieSource": "BD TOPO", "zoneRefuge": "Conditionnelle : si le plancher ne peut pas être calé au-dessus des PHEC (impossibilité fonctionnelle dûment justifiée), un niveau refuge adapté est exigé (20 m² minimum, hauteur 1,80 m minimum).", "refugeCategorie": "Conditionnelle (impossibilité fonctionnelle à justifier)", "diagnostic": "Étude de vulnérabilité obligatoire sous 1 an pour les établissements sensibles (aléa faible à moyen : pas de délai de mise en œuvre chiffré).", "eligibiliteFprnm": "Éligible - habitation : FPRNM à 80% des travaux prescrits, sous réserve d'un bien existant avant le 18/04/2016.", "hauteurM": 11.6, "altitudeSolLidarHdM": 145.39, "coteReferencePheM": 144.99, "distanceIsocoteM": 5.0, "hauteurEauEstimeeM": 0.0, "hauteurEauNote": "Estimation : cote de référence PHE (144.99 m NGF, TIN isocotes (interpolation linéaire entre lignes de cote)) moins altitude sol LIDAR HD (145.39 m NGF). Terrain surélevé localement par rapport à la cote de référence PHE interpolée à cet endroit : pas de submersion attendue pour cette crue de référence.", "coteReferenceMethode": "TIN isocotes (interpolation linéaire entre lignes de cote)"}}, {"type": "Feature", "geometry": {"coordinates": [[[1.519958, 43.579898], [1.519995, 43.579709], [1.519749, 43.579686], [1.519712, 43.579875], [1.519806, 43.579886], [1.519805, 43.579903], [1.519871, 43.579909], [1.519874, 43.579889], [1.519958, 43.579898]]], "type": "Polygon"}, "properties": {"id": "BATIMENT0000002206316038", "zoneCode": "Ri", "zoneLabel": "Rouge inondation", "zoneColor": "#E2001A", "concerne": true, "regime": "Constructions nouvelles : Interdites, sauf exceptions très limitées (accès de sécurité, abris légers ≤20 m² une fois, locaux techniques ≤20 m², locaux jardinage, serres tunnel démontables, piscines). Constructions existantes : Extension habitations/annexes limitée à 20 m² une fois, plancher au-dessus des PHEC (refuge si impossibilité fonctionnelle) ; extension ERP/activités/agricole limitée à 20% de l'emprise, une fois.", "etudeGeotechniqueG2": false, "etagePresent": "Oui", "etageSource": "estimé par la hauteur (8.9 m), fiabilité modérée", "typologie": "Activité économique", "typologieSource": "BD TOPO", "zoneRefuge": "Conditionnelle : si le plancher ne peut pas être calé au-dessus des PHEC (impossibilité fonctionnelle dûment justifiée), un niveau refuge adapté est exigé (20 m² minimum, hauteur 1,80 m minimum).", "refugeCategorie": "Conditionnelle (impossibilité fonctionnelle à justifier)", "diagnostic": "Étude de vulnérabilité obligatoire sous 1 an pour les établissements sensibles ; mesures mises en œuvre sous 5 ans (aléa fort), limite 10% valeur vénale.", "eligibiliteFprnm": "Potentiellement éligible - activité : FPRNM à 20% des travaux prescrits si moins de 20 salariés, sous réserve d'un bien existant avant le 18/04/2016.", "hauteurM": 8.9, "altitudeSolLidarHdM": 143.9, "coteReferencePheM": 144.72, "distanceIsocoteM": 102.0, "hauteurEauEstimeeM": 0.82, "hauteurEauNote": "Estimation : cote de référence PHE (144.72 m NGF, TIN isocotes (interpolation linéaire entre lignes de cote)) moins altitude sol LIDAR HD (143.90 m NGF).", "coteReferenceMethode": "TIN isocotes (interpolation linéaire entre lignes de cote)"}}, {"type": "Feature", "geometry": {"coordinates": [[[1.529025, 43.581172], [1.529067, 43.581172], [1.529066, 43.581197], [1.529024, 43.581195], [1.529025, 43.581172]]], "type": "Polygon"}, "properties": {"id": "BATIMENT0000002330175859", "zoneCode": "Ji", "zoneLabel": "Jaune inondation (expansion des crues)", "zoneColor": "#FBC02D", "concerne": true, "zonesIntersectees": "Bi;Ji", "regime": "Constructions nouvelles : Interdites comme en zone Rouge, sauf bâtiments agricoles nouveaux et locaux liés à l'existant ≤20 m². Constructions existantes : Mêmes prescriptions qu'en zone Rouge, avec une limite plus stricte pour l'hébergement/établissements vulnérables (+10% de capacité au lieu de +20%).", "etudeGeotechniqueG2": false, "etagePresent": "Non", "etageSource": "estimé par la hauteur (2.0 m), fiabilité modérée", "typologie": "Typologie indéterminée (donnée absente)", "zoneRefuge": "Conditionnelle : si le plancher ne peut pas être calé au-dessus des PHEC (impossibilité fonctionnelle dûment justifiée), un niveau refuge adapté est exigé (20 m² minimum, hauteur 1,80 m minimum).", "refugeCategorie": "Conditionnelle (impossibilité fonctionnelle à justifier)", "diagnostic": "Étude de vulnérabilité obligatoire sous 1 an pour les établissements sensibles (aléa faible à moyen : pas de délai de mise en œuvre chiffré).", "eligibiliteFprnm": "Non déterminé - typologie non qualifiée en l'état.", "hauteurM": 2.0, "altitudeSolLidarHdM": 146.59, "coteReferencePheM": 146.51, "distanceIsocoteM": 8.0, "hauteurEauEstimeeM": 0.0, "hauteurEauNote": "Estimation : cote de référence PHE (146.51 m NGF, TIN isocotes (interpolation linéaire entre lignes de cote)) moins altitude sol LIDAR HD (146.59 m NGF). Terrain surélevé localement par rapport à la cote de référence PHE interpolée à cet endroit : pas de submersion attendue pour cette crue de référence.", "coteReferenceMethode": "TIN isocotes (interpolation linéaire entre lignes de cote)"}}, {"type": "Feature", "geometry": {"coordinates": [[[1.529513, 43.581242], [1.529515, 43.581223], [1.529543, 43.581223], [1.529541, 43.581243], [1.529513, 43.581242]]], "type": "Polygon"}, "properties": {"id": "BATIMENT0000002330175977", "zoneCode": "Bi", "zoneLabel": "Bleue inondation", "zoneColor": "#4FA8E0", "concerne": true, "regime": "Constructions nouvelles : Autorisées sous prescriptions (plancher au-dessus des PHEC, sens d'écoulement ou transparence hydraulique, matériaux peu vulnérables), hors établissements sensibles. Constructions existantes : Extensions autorisées selon usage (habitation, annexes, hébergement +plan de secours, ERP/activités, agricole), plancher au-dessus des PHEC.", "etudeGeotechniqueG2": false, "etagePresent": "Non", "etageSource": "estimé par la hauteur (2.4 m), fiabilité modérée", "typologie": "Typologie indéterminée (donnée absente)", "zoneRefuge": "Conditionnelle : si le plancher ne peut pas être calé au-dessus des PHEC (impossibilité fonctionnelle dûment justifiée), un niveau refuge adapté est exigé (20 m² minimum, hauteur 1,80 m minimum).", "refugeCategorie": "Conditionnelle (impossibilité fonctionnelle à justifier)", "diagnostic": "Étude de vulnérabilité obligatoire sous 1 an pour les établissements sensibles (aléa faible à moyen : pas de délai de mise en œuvre chiffré).", "eligibiliteFprnm": "Non déterminé - typologie non qualifiée en l'état.", "hauteurM": 2.4, "altitudeSolLidarHdM": 146.54, "coteReferencePheM": 146.55, "distanceIsocoteM": 45.0, "hauteurEauEstimeeM": 0.01, "hauteurEauNote": "Estimation : cote de référence PHE (146.55 m NGF, TIN isocotes (interpolation linéaire entre lignes de cote)) moins altitude sol LIDAR HD (146.54 m NGF).", "coteReferenceMethode": "TIN isocotes (interpolation linéaire entre lignes de cote)"}}, {"type": "Feature", "geometry": {"coordinates": [[[1.517941, 43.580192], [1.517946, 43.580121], [1.518003, 43.580123], [1.518, 43.580194], [1.517941, 43.580192]]], "type": "Polygon"}, "properties": {"id": "BATIMENT0000002330175979", "zoneCode": "Bi", "zoneLabel": "Bleue inondation", "zoneColor": "#4FA8E0", "concerne": true, "regime": "Constructions nouvelles : Autorisées sous prescriptions (plancher au-dessus des PHEC, sens d'écoulement ou transparence hydraulique, matériaux peu vulnérables), hors établissements sensibles. Constructions existantes : Extensions autorisées selon usage (habitation, annexes, hébergement +plan de secours, ERP/activités, agricole), plancher au-dessus des PHEC.", "etudeGeotechniqueG2": false, "etagePresent": "Non", "etageSource": "connu (BDNB Fichiers Fonciers nb_niveau=1)", "typologie": "Maison individuelle", "typologieSource": "BDNB (Fichiers Fonciers, millésime 2026-02.a)", "zoneRefuge": "Conditionnelle : si le plancher ne peut pas être calé au-dessus des PHEC (impossibilité fonctionnelle dûment justifiée), un niveau refuge adapté est exigé (20 m² minimum, hauteur 1,80 m minimum).", "refugeCategorie": "Conditionnelle (impossibilité fonctionnelle à justifier)", "diagnostic": "Étude de vulnérabilité obligatoire sous 1 an pour les établissements sensibles (aléa faible à moyen : pas de délai de mise en œuvre chiffré).", "eligibiliteFprnm": "Éligible - habitation : FPRNM à 80% des travaux prescrits, sous réserve d'un bien existant avant le 18/04/2016.", "nbLogements": 1, "hauteurM": 2.9, "altitudeSolLidarHdM": 143.6, "coteReferencePheM": 144.4, "distanceIsocoteM": 51.0, "hauteurEauEstimeeM": 0.8, "hauteurEauNote": "Estimation : cote de référence PHE (144.40 m NGF, TIN isocotes (interpolation linéaire entre lignes de cote)) moins altitude sol LIDAR HD (143.60 m NGF).", "coteReferenceMethode": "TIN isocotes (interpolation linéaire entre lignes de cote)"}}, {"type": "Feature", "geometry": {"coordinates": [[[1.527786, 43.583904], [1.527804, 43.583892], [1.527817, 43.583902], [1.527799, 43.583914], [1.527786, 43.583904]]], "type": "Polygon"}, "properties": {"id": "BATIMENT0000002330176001", "zoneCode": "Bi", "zoneLabel": "Bleue inondation", "zoneColor": "#4FA8E0", "concerne": true, "regime": "Constructions nouvelles : Autorisées sous prescriptions (plancher au-dessus des PHEC, sens d'écoulement ou transparence hydraulique, matériaux peu vulnérables), hors établissements sensibles. Constructions existantes : Extensions autorisées selon usage (habitation, annexes, hébergement +plan de secours, ERP/activités, agricole), plancher au-dessus des PHEC.", "etudeGeotechniqueG2": false, "etagePresent": "Non", "etageSource": "connu (BDNB Fichiers Fonciers nb_niveau=1)", "typologie": "Maison individuelle", "typologieSource": "BDNB (Fichiers Fonciers, millésime 2026-02.a)", "zoneRefuge": "Conditionnelle : si le plancher ne peut pas être calé au-dessus des PHEC (impossibilité fonctionnelle dûment justifiée), un niveau refuge adapté est exigé (20 m² minimum, hauteur 1,80 m minimum).", "refugeCategorie": "Conditionnelle (impossibilité fonctionnelle à justifier)", "diagnostic": "Étude de vulnérabilité obligatoire sous 1 an pour les établissements sensibles (aléa faible à moyen : pas de délai de mise en œuvre chiffré).", "eligibiliteFprnm": "Éligible - habitation : FPRNM à 80% des travaux prescrits, sous réserve d'un bien existant avant le 18/04/2016.", "nbLogements": 1, "hauteurM": 2.6, "altitudeSolLidarHdM": 149.81, "coteReferencePheM": 148.95, "distanceIsocoteM": 149.0, "hauteurEauEstimeeM": 0.0, "hauteurEauNote": "Estimation : cote de référence PHE (148.95 m NGF, TIN isocotes (interpolation linéaire entre lignes de cote)) moins altitude sol LIDAR HD (149.81 m NGF). Terrain surélevé localement par rapport à la cote de référence PHE interpolée à cet endroit : pas de submersion attendue pour cette crue de référence.", "coteReferenceMethode": "TIN isocotes (interpolation linéaire entre lignes de cote)"}}, {"type": "Feature", "geometry": {"coordinates": [[[1.525939, 43.582759], [1.526022, 43.58269], [1.526054, 43.58271], [1.526042, 43.582719], [1.526083, 43.582745], [1.526072, 43.582754], [1.526092, 43.582765], [1.526102, 43.582756], [1.52618, 43.582805], [1.526109, 43.582866], [1.525939, 43.582759]]], "type": "Polygon"}, "properties": {"id": "BATIMENT0000002330176032", "zoneCode": "Bi", "zoneLabel": "Bleue inondation", "zoneColor": "#4FA8E0", "concerne": true, "regime": "Constructions nouvelles : Autorisées sous prescriptions (plancher au-dessus des PHEC, sens d'écoulement ou transparence hydraulique, matériaux peu vulnérables), hors établissements sensibles. Constructions existantes : Extensions autorisées selon usage (habitation, annexes, hébergement +plan de secours, ERP/activités, agricole), plancher au-dessus des PHEC.", "etudeGeotechniqueG2": false, "etagePresent": "Non", "etageSource": "estimé par la hauteur (4.9 m), fiabilité modérée", "typologie": "Maison individuelle", "typologieSource": "BD TOPO", "zoneRefuge": "Conditionnelle : si le plancher ne peut pas être calé au-dessus des PHEC (impossibilité fonctionnelle dûment justifiée), un niveau refuge adapté est exigé (20 m² minimum, hauteur 1,80 m minimum).", "refugeCategorie": "Conditionnelle (impossibilité fonctionnelle à justifier)", "diagnostic": "Étude de vulnérabilité obligatoire sous 1 an pour les établissements sensibles (aléa faible à moyen : pas de délai de mise en œuvre chiffré).", "eligibiliteFprnm": "Éligible - habitation : FPRNM à 80% des travaux prescrits, sous réserve d'un bien existant avant le 18/04/2016.", "hauteurM": 4.9, "altitudeSolLidarHdM": 148.68, "coteReferencePheM": 147.68, "distanceIsocoteM": 100.0, "hauteurEauEstimeeM": 0.0, "hauteurEauNote": "Estimation : cote de référence PHE (147.68 m NGF, TIN isocotes (interpolation linéaire entre lignes de cote)) moins altitude sol LIDAR HD (148.68 m NGF). Terrain surélevé localement par rapport à la cote de référence PHE interpolée à cet endroit : pas de submersion attendue pour cette crue de référence.", "coteReferenceMethode": "TIN isocotes (interpolation linéaire entre lignes de cote)"}}, {"type": "Feature", "geometry": {"coordinates": [[[1.534366, 43.579971], [1.53439, 43.579966], [1.534397, 43.579983], [1.534373, 43.579988], [1.534366, 43.579971]]], "type": "Polygon"}, "properties": {"id": "BATIMENT0000002330176055", "zoneCode": "Ji", "zoneLabel": "Jaune inondation (expansion des crues)", "zoneColor": "#FBC02D", "concerne": true, "regime": "Constructions nouvelles : Interdites comme en zone Rouge, sauf bâtiments agricoles nouveaux et locaux liés à l'existant ≤20 m². Constructions existantes : Mêmes prescriptions qu'en zone Rouge, avec une limite plus stricte pour l'hébergement/établissements vulnérables (+10% de capacité au lieu de +20%).", "etudeGeotechniqueG2": false, "etagePresent": "Non", "etageSource": "estimé par la hauteur (2.1 m), fiabilité modérée", "typologie": "Maison individuelle", "typologieSource": "BD TOPO", "zoneRefuge": "Conditionnelle : si le plancher ne peut pas être calé au-dessus des PHEC (impossibilité fonctionnelle dûment justifiée), un niveau refuge adapté est exigé (20 m² minimum, hauteur 1,80 m minimum).", "refugeCategorie": "Conditionnelle (impossibilité fonctionnelle à justifier)", "diagnostic": "Étude de vulnérabilité obligatoire sous 1 an pour les établissements sensibles (aléa faible à moyen : pas de délai de mise en œuvre chiffré).", "eligibiliteFprnm": "Éligible - habitation : FPRNM à 80% des travaux prescrits, sous réserve d'un bien existant avant le 18/04/2016.", "hauteurM": 2.1, "altitudeSolLidarHdM": 147.02, "coteReferencePheM": 147.08, "distanceIsocoteM": 49.0, "hauteurEauEstimeeM": 0.06, "hauteurEauNote": "Estimation : cote de référence PHE (147.08 m NGF, TIN isocotes (interpolation linéaire entre lignes de cote)) moins altitude sol LIDAR HD (147.02 m NGF).", "coteReferenceMethode": "TIN isocotes (interpolation linéaire entre lignes de cote)"}}, {"type": "Feature", "geometry": {"coordinates": [[[1.514012, 43.579422], [1.514018, 43.579401], [1.514059, 43.579407], [1.514053, 43.579427], [1.514012, 43.579422]]], "type": "Polygon"}, "properties": {"id": "BATIMENT0000002330176078", "zoneCode": "Ri", "zoneLabel": "Rouge inondation", "zoneColor": "#E2001A", "concerne": true, "regime": "Constructions nouvelles : Interdites, sauf exceptions très limitées (accès de sécurité, abris légers ≤20 m² une fois, locaux techniques ≤20 m², locaux jardinage, serres tunnel démontables, piscines). Constructions existantes : Extension habitations/annexes limitée à 20 m² une fois, plancher au-dessus des PHEC (refuge si impossibilité fonctionnelle) ; extension ERP/activités/agricole limitée à 20% de l'emprise, une fois.", "etudeGeotechniqueG2": false, "etagePresent": "Non", "etageSource": "connu (BDNB Fichiers Fonciers nb_niveau=1)", "typologie": "Activité économique", "typologieSource": "BDNB (Fichiers Fonciers, millésime 2026-02.a)", "zoneRefuge": "Conditionnelle : si le plancher ne peut pas être calé au-dessus des PHEC (impossibilité fonctionnelle dûment justifiée), un niveau refuge adapté est exigé (20 m² minimum, hauteur 1,80 m minimum).", "refugeCategorie": "Conditionnelle (impossibilité fonctionnelle à justifier)", "diagnostic": "Étude de vulnérabilité obligatoire sous 1 an pour les établissements sensibles ; mesures mises en œuvre sous 5 ans (aléa fort), limite 10% valeur vénale.", "eligibiliteFprnm": "Potentiellement éligible - activité : FPRNM à 20% des travaux prescrits si moins de 20 salariés, sous réserve d'un bien existant avant le 18/04/2016.", "nbLogements": 0, "hauteurM": 2.3, "altitudeSolLidarHdM": 142.11, "coteReferencePheM": 143.65, "distanceIsocoteM": 48.0, "hauteurEauEstimeeM": 1.54, "hauteurEauNote": "Estimation : cote de référence PHE (143.65 m NGF, TIN isocotes (interpolation linéaire entre lignes de cote)) moins altitude sol LIDAR HD (142.11 m NGF).", "coteReferenceMethode": "TIN isocotes (interpolation linéaire entre lignes de cote)"}}, {"type": "Feature", "geometry": {"coordinates": [[[1.531045, 43.581148], [1.531071, 43.581147], [1.531074, 43.581176], [1.531048, 43.581177], [1.531045, 43.581148]]], "type": "Polygon"}, "properties": {"id": "BATIMENT0000002330176099", "zoneCode": "Ji", "zoneLabel": "Jaune inondation (expansion des crues)", "zoneColor": "#FBC02D", "concerne": true, "zonesIntersectees": "Bi;Ji", "regime": "Constructions nouvelles : Interdites comme en zone Rouge, sauf bâtiments agricoles nouveaux et locaux liés à l'existant ≤20 m². Constructions existantes : Mêmes prescriptions qu'en zone Rouge, avec une limite plus stricte pour l'hébergement/établissements vulnérables (+10% de capacité au lieu de +20%).", "etudeGeotechniqueG2": false, "etagePresent": "Non", "etageSource": "estimé par la hauteur (2.2 m), fiabilité modérée", "typologie": "Maison individuelle", "typologieSource": "BD TOPO", "zoneRefuge": "Conditionnelle : si le plancher ne peut pas être calé au-dessus des PHEC (impossibilité fonctionnelle dûment justifiée), un niveau refuge adapté est exigé (20 m² minimum, hauteur 1,80 m minimum).", "refugeCategorie": "Conditionnelle (impossibilité fonctionnelle à justifier)", "diagnostic": "Étude de vulnérabilité obligatoire sous 1 an pour les établissements sensibles (aléa faible à moyen : pas de délai de mise en œuvre chiffré).", "eligibiliteFprnm": "Éligible - habitation : FPRNM à 80% des travaux prescrits, sous réserve d'un bien existant avant le 18/04/2016.", "hauteurM": 2.2, "altitudeSolLidarHdM": 146.32, "coteReferencePheM": 146.7, "distanceIsocoteM": 168.0, "hauteurEauEstimeeM": 0.38, "hauteurEauNote": "Estimation : cote de référence PHE (146.70 m NGF, TIN isocotes (interpolation linéaire entre lignes de cote)) moins altitude sol LIDAR HD (146.32 m NGF).", "coteReferenceMethode": "TIN isocotes (interpolation linéaire entre lignes de cote)"}}, {"type": "Feature", "geometry": {"coordinates": [[[1.513395, 43.578736], [1.51343, 43.578747], [1.513481, 43.578666], [1.513445, 43.578654], [1.513395, 43.578736]]], "type": "Polygon"}, "properties": {"id": "BATIMENT0000002330176100", "zoneCode": "Ri", "zoneLabel": "Rouge inondation", "zoneColor": "#E2001A", "concerne": true, "regime": "Constructions nouvelles : Interdites, sauf exceptions très limitées (accès de sécurité, abris légers ≤20 m² une fois, locaux techniques ≤20 m², locaux jardinage, serres tunnel démontables, piscines). Constructions existantes : Extension habitations/annexes limitée à 20 m² une fois, plancher au-dessus des PHEC (refuge si impossibilité fonctionnelle) ; extension ERP/activités/agricole limitée à 20% de l'emprise, une fois.", "etudeGeotechniqueG2": false, "etagePresent": "Non", "etageSource": "connu (BDNB Fichiers Fonciers nb_niveau=1)", "typologie": "Activité économique", "typologieSource": "BDNB (Fichiers Fonciers, millésime 2026-02.a)", "zoneRefuge": "Conditionnelle : si le plancher ne peut pas être calé au-dessus des PHEC (impossibilité fonctionnelle dûment justifiée), un niveau refuge adapté est exigé (20 m² minimum, hauteur 1,80 m minimum).", "refugeCategorie": "Conditionnelle (impossibilité fonctionnelle à justifier)", "diagnostic": "Étude de vulnérabilité obligatoire sous 1 an pour les établissements sensibles ; mesures mises en œuvre sous 5 ans (aléa fort), limite 10% valeur vénale.", "eligibiliteFprnm": "Potentiellement éligible - activité : FPRNM à 20% des travaux prescrits si moins de 20 salariés, sous réserve d'un bien existant avant le 18/04/2016.", "nbLogements": 0, "altitudeSolLidarHdM": 141.9, "coteReferencePheM": 143.54, "distanceIsocoteM": 13.0, "hauteurEauEstimeeM": 1.64, "hauteurEauNote": "Estimation : cote de référence PHE (143.54 m NGF, TIN isocotes (interpolation linéaire entre lignes de cote)) moins altitude sol LIDAR HD (141.90 m NGF).", "coteReferenceMethode": "TIN isocotes (interpolation linéaire entre lignes de cote)"}}, {"type": "Feature", "geometry": {"coordinates": [[[1.513462, 43.578628], [1.513514, 43.578545], [1.513548, 43.578557], [1.513498, 43.578639], [1.513462, 43.578628]]], "type": "Polygon"}, "properties": {"id": "BATIMENT0000002330176101", "zoneCode": "Ri", "zoneLabel": "Rouge inondation", "zoneColor": "#E2001A", "concerne": true, "regime": "Constructions nouvelles : Interdites, sauf exceptions très limitées (accès de sécurité, abris légers ≤20 m² une fois, locaux techniques ≤20 m², locaux jardinage, serres tunnel démontables, piscines). Constructions existantes : Extension habitations/annexes limitée à 20 m² une fois, plancher au-dessus des PHEC (refuge si impossibilité fonctionnelle) ; extension ERP/activités/agricole limitée à 20% de l'emprise, une fois.", "etudeGeotechniqueG2": false, "etagePresent": "Non", "etageSource": "connu (BDNB Fichiers Fonciers nb_niveau=1)", "typologie": "Activité économique", "typologieSource": "BDNB (Fichiers Fonciers, millésime 2026-02.a)", "zoneRefuge": "Conditionnelle : si le plancher ne peut pas être calé au-dessus des PHEC (impossibilité fonctionnelle dûment justifiée), un niveau refuge adapté est exigé (20 m² minimum, hauteur 1,80 m minimum).", "refugeCategorie": "Conditionnelle (impossibilité fonctionnelle à justifier)", "diagnostic": "Étude de vulnérabilité obligatoire sous 1 an pour les établissements sensibles ; mesures mises en œuvre sous 5 ans (aléa fort), limite 10% valeur vénale.", "eligibiliteFprnm": "Potentiellement éligible - activité : FPRNM à 20% des travaux prescrits si moins de 20 salariés, sous réserve d'un bien existant avant le 18/04/2016.", "nbLogements": 0, "hauteurM": 1.1, "altitudeSolLidarHdM": 141.93, "coteReferencePheM": 143.56, "distanceIsocoteM": 21.0, "hauteurEauEstimeeM": 1.63, "hauteurEauNote": "Estimation : cote de référence PHE (143.56 m NGF, TIN isocotes (interpolation linéaire entre lignes de cote)) moins altitude sol LIDAR HD (141.93 m NGF).", "coteReferenceMethode": "TIN isocotes (interpolation linéaire entre lignes de cote)"}}, {"type": "Feature", "geometry": {"coordinates": [[[1.528544, 43.585234], [1.528587, 43.585217], [1.5286, 43.585236], [1.528557, 43.585252], [1.528544, 43.585234]]], "type": "Polygon"}, "properties": {"id": "BATIMENT0000002330176122", "zoneCode": "Bi", "zoneLabel": "Bleue inondation", "zoneColor": "#4FA8E0", "concerne": true, "regime": "Constructions nouvelles : Autorisées sous prescriptions (plancher au-dessus des PHEC, sens d'écoulement ou transparence hydraulique, matériaux peu vulnérables), hors établissements sensibles. Constructions existantes : Extensions autorisées selon usage (habitation, annexes, hébergement +plan de secours, ERP/activités, agricole), plancher au-dessus des PHEC.", "etudeGeotechniqueG2": false, "etagePresent": "Non", "etageSource": "estimé par la hauteur (2.6 m), fiabilité modérée", "typologie": "Typologie indéterminée (donnée absente)", "zoneRefuge": "Conditionnelle : si le plancher ne peut pas être calé au-dessus des PHEC (impossibilité fonctionnelle dûment justifiée), un niveau refuge adapté est exigé (20 m² minimum, hauteur 1,80 m minimum).", "refugeCategorie": "Conditionnelle (impossibilité fonctionnelle à justifier)", "diagnostic": "Étude de vulnérabilité obligatoire sous 1 an pour les établissements sensibles (aléa faible à moyen : pas de délai de mise en œuvre chiffré).", "eligibiliteFprnm": "Non déterminé - typologie non qualifiée en l'état.", "hauteurM": 2.6, "altitudeSolLidarHdM": 152.06, "coteReferencePheM": 151.52, "distanceIsocoteM": 35.0, "hauteurEauEstimeeM": 0.0, "hauteurEauNote": "Estimation : cote de référence PHE (151.52 m NGF, TIN isocotes (interpolation linéaire entre lignes de cote)) moins altitude sol LIDAR HD (152.06 m NGF). Terrain surélevé localement par rapport à la cote de référence PHE interpolée à cet endroit : pas de submersion attendue pour cette crue de référence.", "coteReferenceMethode": "TIN isocotes (interpolation linéaire entre lignes de cote)"}}, {"type": "Feature", "geometry": {"coordinates": [[[1.508233, 43.581239], [1.508254, 43.581271], [1.508279, 43.581262], [1.508258, 43.581231], [1.508233, 43.581239]]], "type": "Polygon"}, "properties": {"id": "BATIMENT0000002330176159", "zoneCode": "Bi", "zoneLabel": "Bleue inondation", "zoneColor": "#4FA8E0", "concerne": true, "regime": "Constructions nouvelles : Autorisées sous prescriptions (plancher au-dessus des PHEC, sens d'écoulement ou transparence hydraulique, matériaux peu vulnérables), hors établissements sensibles. Constructions existantes : Extensions autorisées selon usage (habitation, annexes, hébergement +plan de secours, ERP/activités, agricole), plancher au-dessus des PHEC.", "etudeGeotechniqueG2": false, "etagePresent": "Inconnu", "etageSource": "aucune donnée disponible", "typologie": "Typologie indéterminée (donnée absente)", "zoneRefuge": "Conditionnelle : si le plancher ne peut pas être calé au-dessus des PHEC (impossibilité fonctionnelle dûment justifiée), un niveau refuge adapté est exigé (20 m² minimum, hauteur 1,80 m minimum).", "refugeCategorie": "Conditionnelle (impossibilité fonctionnelle à justifier)", "diagnostic": "Étude de vulnérabilité obligatoire sous 1 an pour les établissements sensibles (aléa faible à moyen : pas de délai de mise en œuvre chiffré).", "eligibiliteFprnm": "Non déterminé - typologie non qualifiée en l'état.", "altitudeSolLidarHdM": 141.35, "coteReferencePheM": 141.36, "distanceIsocoteM": 60.0, "hauteurEauEstimeeM": 0.01, "hauteurEauNote": "Estimation : cote de référence PHE (141.36 m NGF, TIN isocotes (interpolation linéaire entre lignes de cote)) moins altitude sol LIDAR HD (141.35 m NGF).", "coteReferenceMethode": "TIN isocotes (interpolation linéaire entre lignes de cote)"}}, {"type": "Feature", "geometry": {"coordinates": [[[1.525822, 43.581191], [1.525825, 43.58117], [1.525847, 43.581172], [1.525843, 43.581191], [1.525822, 43.581191]]], "type": "Polygon"}, "properties": {"id": "BATIMENT0000002330176179", "zoneCode": "Bi", "zoneLabel": "Bleue inondation", "zoneColor": "#4FA8E0", "concerne": true, "regime": "Constructions nouvelles : Autorisées sous prescriptions (plancher au-dessus des PHEC, sens d'écoulement ou transparence hydraulique, matériaux peu vulnérables), hors établissements sensibles. Constructions existantes : Extensions autorisées selon usage (habitation, annexes, hébergement +plan de secours, ERP/activités, agricole), plancher au-dessus des PHEC.", "etudeGeotechniqueG2": false, "etagePresent": "Non", "etageSource": "connu (BDNB Fichiers Fonciers nb_niveau=1)", "typologie": "Maison individuelle", "typologieSource": "BDNB (Fichiers Fonciers, millésime 2026-02.a)", "zoneRefuge": "Conditionnelle : si le plancher ne peut pas être calé au-dessus des PHEC (impossibilité fonctionnelle dûment justifiée), un niveau refuge adapté est exigé (20 m² minimum, hauteur 1,80 m minimum).", "refugeCategorie": "Conditionnelle (impossibilité fonctionnelle à justifier)", "diagnostic": "Étude de vulnérabilité obligatoire sous 1 an pour les établissements sensibles (aléa faible à moyen : pas de délai de mise en œuvre chiffré).", "eligibiliteFprnm": "Éligible - habitation : FPRNM à 80% des travaux prescrits, sous réserve d'un bien existant avant le 18/04/2016.", "nbLogements": 1, "hauteurM": 1.6, "altitudeSolLidarHdM": 146.14, "coteReferencePheM": 146.5, "distanceIsocoteM": 67.0, "hauteurEauEstimeeM": 0.36, "hauteurEauNote": "Estimation : cote de référence PHE (146.50 m NGF, TIN isocotes (interpolation linéaire entre lignes de cote)) moins altitude sol LIDAR HD (146.14 m NGF).", "coteReferenceMethode": "TIN isocotes (interpolation linéaire entre lignes de cote)"}}, {"type": "Feature", "geometry": {"coordinates": [[[1.510104, 43.580366], [1.510129, 43.580358], [1.51014, 43.580376], [1.510115, 43.580384], [1.510104, 43.580366]]], "type": "Polygon"}, "properties": {"id": "BATIMENT0000002330176215", "zoneCode": "Bi", "zoneLabel": "Bleue inondation", "zoneColor": "#4FA8E0", "concerne": true, "regime": "Constructions nouvelles : Autorisées sous prescriptions (plancher au-dessus des PHEC, sens d'écoulement ou transparence hydraulique, matériaux peu vulnérables), hors établissements sensibles. Constructions existantes : Extensions autorisées selon usage (habitation, annexes, hébergement +plan de secours, ERP/activités, agricole), plancher au-dessus des PHEC.", "etudeGeotechniqueG2": false, "etagePresent": "Non", "etageSource": "estimé par la hauteur (2.0 m), fiabilité modérée", "typologie": "Typologie indéterminée (donnée absente)", "zoneRefuge": "Conditionnelle : si le plancher ne peut pas être calé au-dessus des PHEC (impossibilité fonctionnelle dûment justifiée), un niveau refuge adapté est exigé (20 m² minimum, hauteur 1,80 m minimum).", "refugeCategorie": "Conditionnelle (impossibilité fonctionnelle à justifier)", "diagnostic": "Étude de vulnérabilité obligatoire sous 1 an pour les établissements sensibles (aléa faible à moyen : pas de délai de mise en œuvre chiffré).", "eligibiliteFprnm": "Non déterminé - typologie non qualifiée en l'état.", "hauteurM": 2.0, "altitudeSolLidarHdM": 141.75, "coteReferencePheM": 142.2, "distanceIsocoteM": 30.0, "hauteurEauEstimeeM": 0.45, "hauteurEauNote": "Estimation : cote de référence PHE (142.20 m NGF, TIN isocotes (interpolation linéaire entre lignes de cote)) moins altitude sol LIDAR HD (141.75 m NGF).", "coteReferenceMethode": "TIN isocotes (interpolation linéaire entre lignes de cote)"}}, {"type": "Feature", "geometry": {"coordinates": [[[1.518038, 43.580882], [1.518041, 43.580856], [1.518064, 43.580858], [1.51806, 43.580883], [1.518038, 43.580882]]], "type": "Polygon"}, "properties": {"id": "BATIMENT0000002330176217", "zoneCode": "Bi", "zoneLabel": "Bleue inondation", "zoneColor": "#4FA8E0", "concerne": true, "regime": "Constructions nouvelles : Autorisées sous prescriptions (plancher au-dessus des PHEC, sens d'écoulement ou transparence hydraulique, matériaux peu vulnérables), hors établissements sensibles. Constructions existantes : Extensions autorisées selon usage (habitation, annexes, hébergement +plan de secours, ERP/activités, agricole), plancher au-dessus des PHEC.", "etudeGeotechniqueG2": false, "etagePresent": "Non", "etageSource": "estimé par la hauteur (1.9 m), fiabilité modérée", "typologie": "Typologie indéterminée (donnée absente)", "zoneRefuge": "Conditionnelle : si le plancher ne peut pas être calé au-dessus des PHEC (impossibilité fonctionnelle dûment justifiée), un niveau refuge adapté est exigé (20 m² minimum, hauteur 1,80 m minimum).", "refugeCategorie": "Conditionnelle (impossibilité fonctionnelle à justifier)", "diagnostic": "Étude de vulnérabilité obligatoire sous 1 an pour les établissements sensibles (aléa faible à moyen : pas de délai de mise en œuvre chiffré).", "eligibiliteFprnm": "Non déterminé - typologie non qualifiée en l'état.", "hauteurM": 1.9, "altitudeSolLidarHdM": 144.3, "coteReferencePheM": 144.41, "distanceIsocoteM": 45.0, "hauteurEauEstimeeM": 0.11, "hauteurEauNote": "Estimation : cote de référence PHE (144.41 m NGF, TIN isocotes (interpolation linéaire entre lignes de cote)) moins altitude sol LIDAR HD (144.30 m NGF).", "coteReferenceMethode": "TIN isocotes (interpolation linéaire entre lignes de cote)"}}, {"type": "Feature", "geometry": {"coordinates": [[[1.51807, 43.580883], [1.518075, 43.580858], [1.518098, 43.58086], [1.518094, 43.580885], [1.51807, 43.580883]]], "type": "Polygon"}, "properties": {"id": "BATIMENT0000002330176218", "zoneCode": "Bi", "zoneLabel": "Bleue inondation", "zoneColor": "#4FA8E0", "concerne": true, "regime": "Constructions nouvelles : Autorisées sous prescriptions (plancher au-dessus des PHEC, sens d'écoulement ou transparence hydraulique, matériaux peu vulnérables), hors établissements sensibles. Constructions existantes : Extensions autorisées selon usage (habitation, annexes, hébergement +plan de secours, ERP/activités, agricole), plancher au-dessus des PHEC.", "etudeGeotechniqueG2": false, "etagePresent": "Non", "etageSource": "estimé par la hauteur (2.2 m), fiabilité modérée", "typologie": "Typologie indéterminée (donnée absente)", "zoneRefuge": "Conditionnelle : si le plancher ne peut pas être calé au-dessus des PHEC (impossibilité fonctionnelle dûment justifiée), un niveau refuge adapté est exigé (20 m² minimum, hauteur 1,80 m minimum).", "refugeCategorie": "Conditionnelle (impossibilité fonctionnelle à justifier)", "diagnostic": "Étude de vulnérabilité obligatoire sous 1 an pour les établissements sensibles (aléa faible à moyen : pas de délai de mise en œuvre chiffré).", "eligibiliteFprnm": "Non déterminé - typologie non qualifiée en l'état.", "hauteurM": 2.2, "altitudeSolLidarHdM": 144.35, "coteReferencePheM": 144.41, "distanceIsocoteM": 42.0, "hauteurEauEstimeeM": 0.06, "hauteurEauNote": "Estimation : cote de référence PHE (144.41 m NGF, TIN isocotes (interpolation linéaire entre lignes de cote)) moins altitude sol LIDAR HD (144.35 m NGF).", "coteReferenceMethode": "TIN isocotes (interpolation linéaire entre lignes de cote)"}}, {"type": "Feature", "geometry": {"coordinates": [[[1.525928, 43.582768], [1.525939, 43.582759], [1.525967, 43.582777], [1.525956, 43.582786], [1.525928, 43.582768]]], "type": "Polygon"}, "properties": {"id": "BATIMENT0000002330176222", "zoneCode": "Bi", "zoneLabel": "Bleue inondation", "zoneColor": "#4FA8E0", "concerne": true, "regime": "Constructions nouvelles : Autorisées sous prescriptions (plancher au-dessus des PHEC, sens d'écoulement ou transparence hydraulique, matériaux peu vulnérables), hors établissements sensibles. Constructions existantes : Extensions autorisées selon usage (habitation, annexes, hébergement +plan de secours, ERP/activités, agricole), plancher au-dessus des PHEC.", "etudeGeotechniqueG2": false, "etagePresent": "Non", "etageSource": "estimé par la hauteur (2.9 m), fiabilité modérée", "typologie": "Maison individuelle", "typologieSource": "BD TOPO", "zoneRefuge": "Conditionnelle : si le plancher ne peut pas être calé au-dessus des PHEC (impossibilité fonctionnelle dûment justifiée), un niveau refuge adapté est exigé (20 m² minimum, hauteur 1,80 m minimum).", "refugeCategorie": "Conditionnelle (impossibilité fonctionnelle à justifier)", "diagnostic": "Étude de vulnérabilité obligatoire sous 1 an pour les établissements sensibles (aléa faible à moyen : pas de délai de mise en œuvre chiffré).", "eligibiliteFprnm": "Éligible - habitation : FPRNM à 80% des travaux prescrits, sous réserve d'un bien existant avant le 18/04/2016.", "hauteurM": 2.9, "altitudeSolLidarHdM": 148.6, "coteReferencePheM": 147.57, "distanceIsocoteM": 98.0, "hauteurEauEstimeeM": 0.0, "hauteurEauNote": "Estimation : cote de référence PHE (147.57 m NGF, TIN isocotes (interpolation linéaire entre lignes de cote)) moins altitude sol LIDAR HD (148.60 m NGF). Terrain surélevé localement par rapport à la cote de référence PHE interpolée à cet endroit : pas de submersion attendue pour cette crue de référence.", "coteReferenceMethode": "TIN isocotes (interpolation linéaire entre lignes de cote)"}}, {"type": "Feature", "geometry": {"coordinates": [[[1.523279, 43.581285], [1.523286, 43.581263], [1.52332, 43.581286], [1.523303, 43.5813], [1.523279, 43.581285]]], "type": "Polygon"}, "properties": {"id": "BATIMENT0000002333914917", "zoneCode": "Bi", "zoneLabel": "Bleue inondation", "zoneColor": "#4FA8E0", "concerne": true, "regime": "Constructions nouvelles : Autorisées sous prescriptions (plancher au-dessus des PHEC, sens d'écoulement ou transparence hydraulique, matériaux peu vulnérables), hors établissements sensibles. Constructions existantes : Extensions autorisées selon usage (habitation, annexes, hébergement +plan de secours, ERP/activités, agricole), plancher au-dessus des PHEC.", "etudeGeotechniqueG2": false, "etagePresent": "Oui", "etageSource": "estimé par la hauteur (6.0 m), fiabilité modérée", "typologie": "Maison individuelle", "typologieSource": "BD TOPO", "zoneRefuge": "Conditionnelle : si le plancher ne peut pas être calé au-dessus des PHEC (impossibilité fonctionnelle dûment justifiée), un niveau refuge adapté est exigé (20 m² minimum, hauteur 1,80 m minimum).", "refugeCategorie": "Conditionnelle (impossibilité fonctionnelle à justifier)", "diagnostic": "Étude de vulnérabilité obligatoire sous 1 an pour les établissements sensibles (aléa faible à moyen : pas de délai de mise en œuvre chiffré).", "eligibiliteFprnm": "Éligible - habitation : FPRNM à 80% des travaux prescrits, sous réserve d'un bien existant avant le 18/04/2016.", "hauteurM": 6.0, "altitudeSolLidarHdM": 146.66, "coteReferencePheM": 146.4, "distanceIsocoteM": 10.0, "hauteurEauEstimeeM": 0.0, "hauteurEauNote": "Estimation : cote de référence PHE (146.40 m NGF, TIN isocotes (interpolation linéaire entre lignes de cote)) moins altitude sol LIDAR HD (146.66 m NGF). Terrain surélevé localement par rapport à la cote de référence PHE interpolée à cet endroit : pas de submersion attendue pour cette crue de référence.", "coteReferenceMethode": "TIN isocotes (interpolation linéaire entre lignes de cote)"}}, {"type": "Feature", "geometry": {"coordinates": [[[1.523527, 43.581286], [1.52359, 43.581327], [1.523571, 43.581342], [1.523506, 43.581301], [1.523527, 43.581286]]], "type": "Polygon"}, "properties": {"id": "BATIMENT0000002333914918", "zoneCode": "Bi", "zoneLabel": "Bleue inondation", "zoneColor": "#4FA8E0", "concerne": true, "regime": "Constructions nouvelles : Autorisées sous prescriptions (plancher au-dessus des PHEC, sens d'écoulement ou transparence hydraulique, matériaux peu vulnérables), hors établissements sensibles. Constructions existantes : Extensions autorisées selon usage (habitation, annexes, hébergement +plan de secours, ERP/activités, agricole), plancher au-dessus des PHEC.", "etudeGeotechniqueG2": false, "etagePresent": "Non", "etageSource": "estimé par la hauteur (4.1 m), fiabilité modérée", "typologie": "Maison individuelle", "typologieSource": "BD TOPO", "zoneRefuge": "Conditionnelle : si le plancher ne peut pas être calé au-dessus des PHEC (impossibilité fonctionnelle dûment justifiée), un niveau refuge adapté est exigé (20 m² minimum, hauteur 1,80 m minimum).", "refugeCategorie": "Conditionnelle (impossibilité fonctionnelle à justifier)", "diagnostic": "Étude de vulnérabilité obligatoire sous 1 an pour les établissements sensibles (aléa faible à moyen : pas de délai de mise en œuvre chiffré).", "eligibiliteFprnm": "Éligible - habitation : FPRNM à 80% des travaux prescrits, sous réserve d'un bien existant avant le 18/04/2016.", "hauteurM": 4.1, "altitudeSolLidarHdM": 146.77, "coteReferencePheM": 146.42, "distanceIsocoteM": 7.0, "hauteurEauEstimeeM": 0.0, "hauteurEauNote": "Estimation : cote de référence PHE (146.42 m NGF, TIN isocotes (interpolation linéaire entre lignes de cote)) moins altitude sol LIDAR HD (146.77 m NGF). Terrain surélevé localement par rapport à la cote de référence PHE interpolée à cet endroit : pas de submersion attendue pour cette crue de référence.", "coteReferenceMethode": "TIN isocotes (interpolation linéaire entre lignes de cote)"}}, {"type": "Feature", "geometry": {"coordinates": [[[1.523237, 43.581477], [1.523184, 43.581469], [1.523204, 43.581399], [1.523239, 43.581404], [1.523288, 43.581435], [1.523237, 43.581477]]], "type": "Polygon"}, "properties": {"id": "BATIMENT0000002333914919", "zoneCode": "Bi", "zoneLabel": "Bleue inondation", "zoneColor": "#4FA8E0", "concerne": true, "regime": "Constructions nouvelles : Autorisées sous prescriptions (plancher au-dessus des PHEC, sens d'écoulement ou transparence hydraulique, matériaux peu vulnérables), hors établissements sensibles. Constructions existantes : Extensions autorisées selon usage (habitation, annexes, hébergement +plan de secours, ERP/activités, agricole), plancher au-dessus des PHEC.", "etudeGeotechniqueG2": false, "etagePresent": "Non", "etageSource": "estimé par la hauteur (3.0 m), fiabilité modérée", "typologie": "Maison individuelle", "typologieSource": "BD TOPO", "zoneRefuge": "Conditionnelle : si le plancher ne peut pas être calé au-dessus des PHEC (impossibilité fonctionnelle dûment justifiée), un niveau refuge adapté est exigé (20 m² minimum, hauteur 1,80 m minimum).", "refugeCategorie": "Conditionnelle (impossibilité fonctionnelle à justifier)", "diagnostic": "Étude de vulnérabilité obligatoire sous 1 an pour les établissements sensibles (aléa faible à moyen : pas de délai de mise en œuvre chiffré).", "eligibiliteFprnm": "Éligible - habitation : FPRNM à 80% des travaux prescrits, sous réserve d'un bien existant avant le 18/04/2016.", "hauteurM": 3.0, "altitudeSolLidarHdM": 146.44, "coteReferencePheM": 146.46, "distanceIsocoteM": 4.0, "hauteurEauEstimeeM": 0.02, "hauteurEauNote": "Estimation : cote de référence PHE (146.46 m NGF, TIN isocotes (interpolation linéaire entre lignes de cote)) moins altitude sol LIDAR HD (146.44 m NGF).", "coteReferenceMethode": "TIN isocotes (interpolation linéaire entre lignes de cote)"}}, {"type": "Feature", "geometry": {"coordinates": [[[1.523286, 43.581263], [1.523328, 43.581114], [1.523421, 43.581174], [1.523409, 43.581184], [1.523446, 43.581209], [1.523409, 43.581238], [1.523571, 43.581342], [1.523455, 43.581437], [1.523417, 43.581412], [1.523419, 43.581409], [1.523402, 43.581398], [1.523432, 43.581374], [1.523411, 43.581361], [1.523383, 43.581384], [1.523281, 43.581319], [1.52332, 43.581286], [1.523286, 43.581263]]], "type": "Polygon"}, "properties": {"id": "BATIMENT0000002333914920", "zoneCode": "Bi", "zoneLabel": "Bleue inondation", "zoneColor": "#4FA8E0", "concerne": true, "regime": "Constructions nouvelles : Autorisées sous prescriptions (plancher au-dessus des PHEC, sens d'écoulement ou transparence hydraulique, matériaux peu vulnérables), hors établissements sensibles. Constructions existantes : Extensions autorisées selon usage (habitation, annexes, hébergement +plan de secours, ERP/activités, agricole), plancher au-dessus des PHEC.", "etudeGeotechniqueG2": false, "etagePresent": "Oui", "etageSource": "estimé par la hauteur (7.5 m), fiabilité modérée", "typologie": "Maison individuelle", "typologieSource": "BD TOPO", "zoneRefuge": "Conditionnelle : si le plancher ne peut pas être calé au-dessus des PHEC (impossibilité fonctionnelle dûment justifiée), un niveau refuge adapté est exigé (20 m² minimum, hauteur 1,80 m minimum).", "refugeCategorie": "Conditionnelle (impossibilité fonctionnelle à justifier)", "diagnostic": "Étude de vulnérabilité obligatoire sous 1 an pour les établissements sensibles (aléa faible à moyen : pas de délai de mise en œuvre chiffré).", "eligibiliteFprnm": "Éligible - habitation : FPRNM à 80% des travaux prescrits, sous réserve d'un bien existant avant le 18/04/2016.", "hauteurM": 7.5, "altitudeSolLidarHdM": 146.66, "coteReferencePheM": 146.48, "distanceIsocoteM": 2.0, "hauteurEauEstimeeM": 0.0, "hauteurEauNote": "Estimation : cote de référence PHE (146.48 m NGF, TIN isocotes (interpolation linéaire entre lignes de cote)) moins altitude sol LIDAR HD (146.66 m NGF). Terrain surélevé localement par rapport à la cote de référence PHE interpolée à cet endroit : pas de submersion attendue pour cette crue de référence.", "coteReferenceMethode": "TIN isocotes (interpolation linéaire entre lignes de cote)"}}, {"type": "Feature", "geometry": {"coordinates": [[[1.523289, 43.581363], [1.523338, 43.581394], [1.523288, 43.581435], [1.523239, 43.581404], [1.523289, 43.581363]]], "type": "Polygon"}, "properties": {"id": "BATIMENT0000002333914921", "zoneCode": "Bi", "zoneLabel": "Bleue inondation", "zoneColor": "#4FA8E0", "concerne": true, "regime": "Constructions nouvelles : Autorisées sous prescriptions (plancher au-dessus des PHEC, sens d'écoulement ou transparence hydraulique, matériaux peu vulnérables), hors établissements sensibles. Constructions existantes : Extensions autorisées selon usage (habitation, annexes, hébergement +plan de secours, ERP/activités, agricole), plancher au-dessus des PHEC.", "etudeGeotechniqueG2": false, "etagePresent": "Non", "etageSource": "estimé par la hauteur (3.2 m), fiabilité modérée", "typologie": "Maison individuelle", "typologieSource": "BD TOPO", "zoneRefuge": "Conditionnelle : si le plancher ne peut pas être calé au-dessus des PHEC (impossibilité fonctionnelle dûment justifiée), un niveau refuge adapté est exigé (20 m² minimum, hauteur 1,80 m minimum).", "refugeCategorie": "Conditionnelle (impossibilité fonctionnelle à justifier)", "diagnostic": "Étude de vulnérabilité obligatoire sous 1 an pour les établissements sensibles (aléa faible à moyen : pas de délai de mise en œuvre chiffré).", "eligibiliteFprnm": "Éligible - habitation : FPRNM à 80% des travaux prescrits, sous réserve d'un bien existant avant le 18/04/2016.", "hauteurM": 3.2, "altitudeSolLidarHdM": 146.67, "coteReferencePheM": 146.48, "distanceIsocoteM": 2.0, "hauteurEauEstimeeM": 0.0, "hauteurEauNote": "Estimation : cote de référence PHE (146.48 m NGF, TIN isocotes (interpolation linéaire entre lignes de cote)) moins altitude sol LIDAR HD (146.67 m NGF). Terrain surélevé localement par rapport à la cote de référence PHE interpolée à cet endroit : pas de submersion attendue pour cette crue de référence.", "coteReferenceMethode": "TIN isocotes (interpolation linéaire entre lignes de cote)"}}, {"type": "Feature", "geometry": {"coordinates": [[[1.523411, 43.581361], [1.523432, 43.581374], [1.523402, 43.581398], [1.523419, 43.581409], [1.523417, 43.581412], [1.523455, 43.581437], [1.523267, 43.581593], [1.523217, 43.581563], [1.523389, 43.581419], [1.523358, 43.5814], [1.523379, 43.581382], [1.523383, 43.581384], [1.523411, 43.581361]]], "type": "Polygon"}, "properties": {"id": "BATIMENT0000002333914922", "zoneCode": "Bi", "zoneLabel": "Bleue inondation", "zoneColor": "#4FA8E0", "concerne": true, "regime": "Constructions nouvelles : Autorisées sous prescriptions (plancher au-dessus des PHEC, sens d'écoulement ou transparence hydraulique, matériaux peu vulnérables), hors établissements sensibles. Constructions existantes : Extensions autorisées selon usage (habitation, annexes, hébergement +plan de secours, ERP/activités, agricole), plancher au-dessus des PHEC.", "etudeGeotechniqueG2": false, "etagePresent": "Non", "etageSource": "estimé par la hauteur (3.3 m), fiabilité modérée", "typologie": "Maison individuelle", "typologieSource": "BD TOPO", "zoneRefuge": "Conditionnelle : si le plancher ne peut pas être calé au-dessus des PHEC (impossibilité fonctionnelle dûment justifiée), un niveau refuge adapté est exigé (20 m² minimum, hauteur 1,80 m minimum).", "refugeCategorie": "Conditionnelle (impossibilité fonctionnelle à justifier)", "diagnostic": "Étude de vulnérabilité obligatoire sous 1 an pour les établissements sensibles (aléa faible à moyen : pas de délai de mise en œuvre chiffré).", "eligibiliteFprnm": "Éligible - habitation : FPRNM à 80% des travaux prescrits, sous réserve d'un bien existant avant le 18/04/2016.", "hauteurM": 3.3, "altitudeSolLidarHdM": 146.62, "coteReferencePheM": 146.42, "distanceIsocoteM": 7.0, "hauteurEauEstimeeM": 0.0, "hauteurEauNote": "Estimation : cote de référence PHE (146.42 m NGF, TIN isocotes (interpolation linéaire entre lignes de cote)) moins altitude sol LIDAR HD (146.62 m NGF). Terrain surélevé localement par rapport à la cote de référence PHE interpolée à cet endroit : pas de submersion attendue pour cette crue de référence.", "coteReferenceMethode": "TIN isocotes (interpolation linéaire entre lignes de cote)"}}, {"type": "Feature", "geometry": {"coordinates": [[[1.523301, 43.581355], [1.523317, 43.581342], [1.523363, 43.581372], [1.523348, 43.581385], [1.523301, 43.581355]]], "type": "Polygon"}, "properties": {"id": "BATIMENT0000002333914923", "zoneCode": "Bi", "zoneLabel": "Bleue inondation", "zoneColor": "#4FA8E0", "concerne": true, "regime": "Constructions nouvelles : Autorisées sous prescriptions (plancher au-dessus des PHEC, sens d'écoulement ou transparence hydraulique, matériaux peu vulnérables), hors établissements sensibles. Constructions existantes : Extensions autorisées selon usage (habitation, annexes, hébergement +plan de secours, ERP/activités, agricole), plancher au-dessus des PHEC.", "etudeGeotechniqueG2": false, "etagePresent": "Non", "etageSource": "estimé par la hauteur (4.1 m), fiabilité modérée", "typologie": "Maison individuelle", "typologieSource": "BD TOPO", "zoneRefuge": "Conditionnelle : si le plancher ne peut pas être calé au-dessus des PHEC (impossibilité fonctionnelle dûment justifiée), un niveau refuge adapté est exigé (20 m² minimum, hauteur 1,80 m minimum).", "refugeCategorie": "Conditionnelle (impossibilité fonctionnelle à justifier)", "diagnostic": "Étude de vulnérabilité obligatoire sous 1 an pour les établissements sensibles (aléa faible à moyen : pas de délai de mise en œuvre chiffré).", "eligibiliteFprnm": "Éligible - habitation : FPRNM à 80% des travaux prescrits, sous réserve d'un bien existant avant le 18/04/2016.", "hauteurM": 4.1, "altitudeSolLidarHdM": 146.65, "coteReferencePheM": 146.48, "distanceIsocoteM": 2.0, "hauteurEauEstimeeM": 0.0, "hauteurEauNote": "Estimation : cote de référence PHE (146.48 m NGF, TIN isocotes (interpolation linéaire entre lignes de cote)) moins altitude sol LIDAR HD (146.65 m NGF). Terrain surélevé localement par rapport à la cote de référence PHE interpolée à cet endroit : pas de submersion attendue pour cette crue de référence.", "coteReferenceMethode": "TIN isocotes (interpolation linéaire entre lignes de cote)"}}, {"type": "Feature", "geometry": {"coordinates": [[[1.52349, 43.581266], [1.523474, 43.581279], [1.523409, 43.581238], [1.523446, 43.581209], [1.523409, 43.581184], [1.523421, 43.581174], [1.523405, 43.581164], [1.523414, 43.581157], [1.523467, 43.581191], [1.52346, 43.581197], [1.523478, 43.581209], [1.523445, 43.581237], [1.52349, 43.581266]]], "type": "Polygon"}, "properties": {"id": "BATIMENT0000002333914924", "zoneCode": "Bi", "zoneLabel": "Bleue inondation", "zoneColor": "#4FA8E0", "concerne": true, "regime": "Constructions nouvelles : Autorisées sous prescriptions (plancher au-dessus des PHEC, sens d'écoulement ou transparence hydraulique, matériaux peu vulnérables), hors établissements sensibles. Constructions existantes : Extensions autorisées selon usage (habitation, annexes, hébergement +plan de secours, ERP/activités, agricole), plancher au-dessus des PHEC.", "etudeGeotechniqueG2": false, "etagePresent": "Non", "etageSource": "estimé par la hauteur (5.3 m), fiabilité modérée", "typologie": "Maison individuelle", "typologieSource": "BD TOPO", "zoneRefuge": "Conditionnelle : si le plancher ne peut pas être calé au-dessus des PHEC (impossibilité fonctionnelle dûment justifiée), un niveau refuge adapté est exigé (20 m² minimum, hauteur 1,80 m minimum).", "refugeCategorie": "Conditionnelle (impossibilité fonctionnelle à justifier)", "diagnostic": "Étude de vulnérabilité obligatoire sous 1 an pour les établissements sensibles (aléa faible à moyen : pas de délai de mise en œuvre chiffré).", "eligibiliteFprnm": "Éligible - habitation : FPRNM à 80% des travaux prescrits, sous réserve d'un bien existant avant le 18/04/2016.", "hauteurM": 5.3, "altitudeSolLidarHdM": 146.64, "coteReferencePheM": 146.46, "distanceIsocoteM": 6.0, "hauteurEauEstimeeM": 0.0, "hauteurEauNote": "Estimation : cote de référence PHE (146.46 m NGF, TIN isocotes (interpolation linéaire entre lignes de cote)) moins altitude sol LIDAR HD (146.64 m NGF). Terrain surélevé localement par rapport à la cote de référence PHE interpolée à cet endroit : pas de submersion attendue pour cette crue de référence.", "coteReferenceMethode": "TIN isocotes (interpolation linéaire entre lignes de cote)"}}, {"type": "Feature", "geometry": {"coordinates": [[[1.523538, 43.581821], [1.523447, 43.581764], [1.523525, 43.581696], [1.52358, 43.58173], [1.523597, 43.581715], [1.523583, 43.581685], [1.523653, 43.581667], [1.523677, 43.581714], [1.523666, 43.581721], [1.523697, 43.581739], [1.523626, 43.581799], [1.523591, 43.581777], [1.523538, 43.581821]]], "type": "Polygon"}, "properties": {"id": "BATIMENT0000002333914925", "zoneCode": "Bi", "zoneLabel": "Bleue inondation", "zoneColor": "#4FA8E0", "concerne": true, "regime": "Constructions nouvelles : Autorisées sous prescriptions (plancher au-dessus des PHEC, sens d'écoulement ou transparence hydraulique, matériaux peu vulnérables), hors établissements sensibles. Constructions existantes : Extensions autorisées selon usage (habitation, annexes, hébergement +plan de secours, ERP/activités, agricole), plancher au-dessus des PHEC.", "etudeGeotechniqueG2": false, "etagePresent": "Non", "etageSource": "estimé par la hauteur (4.3 m), fiabilité modérée", "typologie": "Maison individuelle", "typologieSource": "BD TOPO", "zoneRefuge": "Conditionnelle : si le plancher ne peut pas être calé au-dessus des PHEC (impossibilité fonctionnelle dûment justifiée), un niveau refuge adapté est exigé (20 m² minimum, hauteur 1,80 m minimum).", "refugeCategorie": "Conditionnelle (impossibilité fonctionnelle à justifier)", "diagnostic": "Étude de vulnérabilité obligatoire sous 1 an pour les établissements sensibles (aléa faible à moyen : pas de délai de mise en œuvre chiffré).", "eligibiliteFprnm": "Éligible - habitation : FPRNM à 80% des travaux prescrits, sous réserve d'un bien existant avant le 18/04/2016.", "hauteurM": 4.3, "altitudeSolLidarHdM": 146.58, "coteReferencePheM": 146.12, "distanceIsocoteM": 19.0, "hauteurEauEstimeeM": 0.0, "hauteurEauNote": "Estimation : cote de référence PHE (146.12 m NGF, TIN isocotes (interpolation linéaire entre lignes de cote)) moins altitude sol LIDAR HD (146.58 m NGF). Terrain surélevé localement par rapport à la cote de référence PHE interpolée à cet endroit : pas de submersion attendue pour cette crue de référence.", "coteReferenceMethode": "TIN isocotes (interpolation linéaire entre lignes de cote)"}}, {"type": "Feature", "geometry": {"coordinates": [[[1.526105, 43.583959], [1.526063, 43.583979], [1.526062, 43.583993], [1.525954, 43.583982], [1.525883, 43.584005], [1.525794, 43.583862], [1.525906, 43.583825], [1.526154, 43.583853], [1.526203, 43.583895], [1.526105, 43.583959]]], "type": "Polygon"}, "properties": {"id": "BATIMENT0000002340121629", "zoneCode": "Bi", "zoneLabel": "Bleue inondation", "zoneColor": "#4FA8E0", "concerne": true, "regime": "Constructions nouvelles : Autorisées sous prescriptions (plancher au-dessus des PHEC, sens d'écoulement ou transparence hydraulique, matériaux peu vulnérables), hors établissements sensibles. Constructions existantes : Extensions autorisées selon usage (habitation, annexes, hébergement +plan de secours, ERP/activités, agricole), plancher au-dessus des PHEC.", "etudeGeotechniqueG2": false, "etagePresent": "Oui", "etageSource": "connu (BDNB Fichiers Fonciers nb_niveau=4)", "typologie": "Logement collectif (73 logements)", "typologieSource": "BDNB (Fichiers Fonciers, millésime 2026-02.a)", "zoneRefuge": "Conditionnelle : si le plancher ne peut pas être calé au-dessus des PHEC (impossibilité fonctionnelle dûment justifiée), un niveau refuge adapté est exigé (20 m² minimum, hauteur 1,80 m minimum).", "refugeCategorie": "Conditionnelle (impossibilité fonctionnelle à justifier)", "diagnostic": "Étude de vulnérabilité obligatoire sous 1 an pour les établissements sensibles (aléa faible à moyen : pas de délai de mise en œuvre chiffré).", "eligibiliteFprnm": "Éligible - habitation : FPRNM à 80% des travaux prescrits, sous réserve d'un bien existant avant le 18/04/2016.", "nbLogements": 73, "hauteurM": 12.1, "altitudeSolLidarHdM": 148.68, "coteReferencePheM": 148.86, "distanceIsocoteM": 195.0, "hauteurEauEstimeeM": 0.18, "hauteurEauNote": "Estimation : cote de référence PHE (148.86 m NGF, TIN isocotes (interpolation linéaire entre lignes de cote)) moins altitude sol LIDAR HD (148.68 m NGF).", "coteReferenceMethode": "TIN isocotes (interpolation linéaire entre lignes de cote)"}}, {"type": "Feature", "geometry": {"coordinates": [[[1.545094, 43.578054], [1.545306, 43.577979], [1.545078, 43.577631], [1.544862, 43.577707], [1.545094, 43.578054]]], "type": "Polygon"}, "properties": {"id": "BATIMENT0000002340121759", "zoneCode": "Ji", "zoneLabel": "Jaune inondation (expansion des crues)", "zoneColor": "#FBC02D", "concerne": true, "regime": "Constructions nouvelles : Interdites comme en zone Rouge, sauf bâtiments agricoles nouveaux et locaux liés à l'existant ≤20 m². Constructions existantes : Mêmes prescriptions qu'en zone Rouge, avec une limite plus stricte pour l'hébergement/établissements vulnérables (+10% de capacité au lieu de +20%).", "etudeGeotechniqueG2": false, "etagePresent": "Non", "etageSource": "estimé par la hauteur (3.6 m), fiabilité modérée", "typologie": "Activité économique", "typologieSource": "BD TOPO", "zoneRefuge": "Conditionnelle : si le plancher ne peut pas être calé au-dessus des PHEC (impossibilité fonctionnelle dûment justifiée), un niveau refuge adapté est exigé (20 m² minimum, hauteur 1,80 m minimum).", "refugeCategorie": "Conditionnelle (impossibilité fonctionnelle à justifier)", "diagnostic": "Étude de vulnérabilité obligatoire sous 1 an pour les établissements sensibles (aléa faible à moyen : pas de délai de mise en œuvre chiffré).", "eligibiliteFprnm": "Potentiellement éligible - activité : FPRNM à 20% des travaux prescrits si moins de 20 salariés, sous réserve d'un bien existant avant le 18/04/2016.", "hauteurM": 3.6, "altitudeSolLidarHdM": 148.65, "coteReferencePheM": 148.4, "distanceIsocoteM": 63.0, "hauteurEauEstimeeM": 0.0, "hauteurEauNote": "Estimation : cote de référence PHE (148.40 m NGF, TIN isocotes (interpolation linéaire entre lignes de cote)) moins altitude sol LIDAR HD (148.65 m NGF). Terrain surélevé localement par rapport à la cote de référence PHE interpolée à cet endroit : pas de submersion attendue pour cette crue de référence.", "coteReferenceMethode": "TIN isocotes (interpolation linéaire entre lignes de cote)"}}, {"type": "Feature", "geometry": {"coordinates": [[[1.520599, 43.580391], [1.520524, 43.580381], [1.520523, 43.580374], [1.520473, 43.580371], [1.520494, 43.580278], [1.52062, 43.580295], [1.520599, 43.580391]]], "type": "Polygon"}, "properties": {"id": "BATIMENT0000002340122050", "zoneCode": "Bi", "zoneLabel": "Bleue inondation", "zoneColor": "#4FA8E0", "concerne": true, "regime": "Constructions nouvelles : Autorisées sous prescriptions (plancher au-dessus des PHEC, sens d'écoulement ou transparence hydraulique, matériaux peu vulnérables), hors établissements sensibles. Constructions existantes : Extensions autorisées selon usage (habitation, annexes, hébergement +plan de secours, ERP/activités, agricole), plancher au-dessus des PHEC.", "etudeGeotechniqueG2": false, "etagePresent": "Oui", "etageSource": "étage retenu par prudence (hauteur 7.9 m > seuil 5.30 m)", "typologie": "Activité économique", "typologieSource": "BDNB (Fichiers Fonciers, millésime 2026-02.a)", "zoneRefuge": "Conditionnelle : si le plancher ne peut pas être calé au-dessus des PHEC (impossibilité fonctionnelle dûment justifiée), un niveau refuge adapté est exigé (20 m² minimum, hauteur 1,80 m minimum).", "refugeCategorie": "Conditionnelle (impossibilité fonctionnelle à justifier)", "diagnostic": "Étude de vulnérabilité obligatoire sous 1 an pour les établissements sensibles (aléa faible à moyen : pas de délai de mise en œuvre chiffré).", "eligibiliteFprnm": "Potentiellement éligible - activité : FPRNM à 20% des travaux prescrits si moins de 20 salariés, sous réserve d'un bien existant avant le 18/04/2016.", "nbLogements": 0, "hauteurM": 7.9, "altitudeSolLidarHdM": 144.11, "coteReferencePheM": 144.83, "distanceIsocoteM": 78.0, "hauteurEauEstimeeM": 0.72, "hauteurEauNote": "Estimation : cote de référence PHE (144.83 m NGF, TIN isocotes (interpolation linéaire entre lignes de cote)) moins altitude sol LIDAR HD (144.11 m NGF).", "coteReferenceMethode": "TIN isocotes (interpolation linéaire entre lignes de cote)"}}, {"type": "Feature", "geometry": {"coordinates": [[[1.51353, 43.579636], [1.513541, 43.579593], [1.513636, 43.579605], [1.513621, 43.57965], [1.51353, 43.579636]]], "type": "Polygon"}, "properties": {"id": "BATIMENT0000002492770389", "zoneCode": "Bi", "zoneLabel": "Bleue inondation", "zoneColor": "#4FA8E0", "concerne": true, "regime": "Constructions nouvelles : Autorisées sous prescriptions (plancher au-dessus des PHEC, sens d'écoulement ou transparence hydraulique, matériaux peu vulnérables), hors établissements sensibles. Constructions existantes : Extensions autorisées selon usage (habitation, annexes, hébergement +plan de secours, ERP/activités, agricole), plancher au-dessus des PHEC.", "etudeGeotechniqueG2": false, "etagePresent": "Non", "etageSource": "connu (BDNB Fichiers Fonciers nb_niveau=1)", "typologie": "Activité économique", "typologieSource": "BDNB (Fichiers Fonciers, millésime 2026-02.a)", "zoneRefuge": "Conditionnelle : si le plancher ne peut pas être calé au-dessus des PHEC (impossibilité fonctionnelle dûment justifiée), un niveau refuge adapté est exigé (20 m² minimum, hauteur 1,80 m minimum).", "refugeCategorie": "Conditionnelle (impossibilité fonctionnelle à justifier)", "diagnostic": "Étude de vulnérabilité obligatoire sous 1 an pour les établissements sensibles (aléa faible à moyen : pas de délai de mise en œuvre chiffré).", "eligibiliteFprnm": "Potentiellement éligible - activité : FPRNM à 20% des travaux prescrits si moins de 20 salariés, sous réserve d'un bien existant avant le 18/04/2016.", "nbLogements": 0, "altitudeSolLidarHdM": 142.39, "coteReferencePheM": 143.53, "distanceIsocoteM": 9.0, "hauteurEauEstimeeM": 1.14, "hauteurEauNote": "Estimation : cote de référence PHE (143.53 m NGF, TIN isocotes (interpolation linéaire entre lignes de cote)) moins altitude sol LIDAR HD (142.39 m NGF).", "coteReferenceMethode": "TIN isocotes (interpolation linéaire entre lignes de cote)"}}, {"type": "Feature", "geometry": {"coordinates": [[[1.513451, 43.579626], [1.513464, 43.579584], [1.513541, 43.579593], [1.51353, 43.579636], [1.513451, 43.579626]]], "type": "Polygon"}, "properties": {"id": "BATIMENT0000002492770390", "zoneCode": "Bi", "zoneLabel": "Bleue inondation", "zoneColor": "#4FA8E0", "concerne": true, "regime": "Constructions nouvelles : Autorisées sous prescriptions (plancher au-dessus des PHEC, sens d'écoulement ou transparence hydraulique, matériaux peu vulnérables), hors établissements sensibles. Constructions existantes : Extensions autorisées selon usage (habitation, annexes, hébergement +plan de secours, ERP/activités, agricole), plancher au-dessus des PHEC.", "etudeGeotechniqueG2": false, "etagePresent": "Non", "etageSource": "connu (BDNB Fichiers Fonciers nb_niveau=1)", "typologie": "Activité économique", "typologieSource": "BDNB (Fichiers Fonciers, millésime 2026-02.a)", "zoneRefuge": "Conditionnelle : si le plancher ne peut pas être calé au-dessus des PHEC (impossibilité fonctionnelle dûment justifiée), un niveau refuge adapté est exigé (20 m² minimum, hauteur 1,80 m minimum).", "refugeCategorie": "Conditionnelle (impossibilité fonctionnelle à justifier)", "diagnostic": "Étude de vulnérabilité obligatoire sous 1 an pour les établissements sensibles (aléa faible à moyen : pas de délai de mise en œuvre chiffré).", "eligibiliteFprnm": "Potentiellement éligible - activité : FPRNM à 20% des travaux prescrits si moins de 20 salariés, sous réserve d'un bien existant avant le 18/04/2016.", "nbLogements": 0, "altitudeSolLidarHdM": 142.42, "coteReferencePheM": 143.51, "distanceIsocoteM": 2.0, "hauteurEauEstimeeM": 1.09, "hauteurEauNote": "Estimation : cote de référence PHE (143.51 m NGF, TIN isocotes (interpolation linéaire entre lignes de cote)) moins altitude sol LIDAR HD (142.42 m NGF).", "coteReferenceMethode": "TIN isocotes (interpolation linéaire entre lignes de cote)"}}, {"type": "Feature", "geometry": {"coordinates": [[[1.535386, 43.579867], [1.535433, 43.579857], [1.535417, 43.579809], [1.535499, 43.579791], [1.535549, 43.579893], [1.535457, 43.579913], [1.535454, 43.579909], [1.535438, 43.579912], [1.535437, 43.579908], [1.535397, 43.579914], [1.535386, 43.579867]]], "type": "Polygon"}, "properties": {"id": "BATIMENT0000002492771677", "zoneCode": "GHi", "zoneLabel": "Grise hachurée inondation (crue historique)", "zoneColor": "#8A8A8A", "concerne": true, "regime": "Constructions nouvelles : Autorisées sous prescriptions : étude géotechnique G2 AVP obligatoire pour toute construction nécessitant des fondations, réseaux eaux pluviales/assainissement étanches. Recommandation : plancher surexhaussé de 30 cm. Constructions existantes : Même régime unique que pour le neuf (pas de distinction nouveau/existant) : étude géotechnique G2 AVP obligatoire pour toute construction nécessitant des fondations. Étude géotechnique G2 AVP (norme NF P 94-500) obligatoire avant travaux nécessitant des fondations.", "etudeGeotechniqueG2": true, "etagePresent": "Oui", "etageSource": "connu (BDNB Fichiers Fonciers nb_niveau=2)", "typologie": "Maison individuelle", "typologieSource": "BDNB (Fichiers Fonciers, millésime 2026-02.a)", "diagnostic": "Étude de vulnérabilité obligatoire sous 1 an pour les établissements sensibles (aléa faible à moyen : pas de délai de mise en œuvre chiffré).", "eligibiliteFprnm": "Éligible - habitation : FPRNM à 80% des travaux prescrits, sous réserve d'un bien existant avant le 18/04/2016.", "nbLogements": 1, "altitudeSolLidarHdM": 147.89, "coteReferencePheM": 147.22, "distanceIsocoteM": 136.0, "hauteurEauEstimeeM": 0.0, "hauteurEauNote": "Estimation : cote de référence PHE (147.22 m NGF, TIN isocotes (interpolation linéaire entre lignes de cote)) moins altitude sol LIDAR HD (147.89 m NGF). Terrain surélevé localement par rapport à la cote de référence PHE interpolée à cet endroit : pas de submersion attendue pour cette crue de référence.", "coteReferenceMethode": "TIN isocotes (interpolation linéaire entre lignes de cote)"}}, {"type": "Feature", "geometry": {"coordinates": [[[1.535394, 43.579662], [1.53546, 43.579644], [1.535487, 43.579702], [1.53542, 43.579718], [1.535394, 43.579662]]], "type": "Polygon"}, "properties": {"id": "BATIMENT0000002492771678", "zoneCode": "Bi", "zoneLabel": "Bleue inondation", "zoneColor": "#4FA8E0", "concerne": true, "zonesIntersectees": "Bi;GHi", "regime": "Constructions nouvelles : Autorisées sous prescriptions (plancher au-dessus des PHEC, sens d'écoulement ou transparence hydraulique, matériaux peu vulnérables), hors établissements sensibles. Constructions existantes : Extensions autorisées selon usage (habitation, annexes, hébergement +plan de secours, ERP/activités, agricole), plancher au-dessus des PHEC.", "etudeGeotechniqueG2": false, "etagePresent": "Inconnu", "etageSource": "aucune donnée disponible", "typologie": "Typologie indéterminée (donnée absente)", "zoneRefuge": "Conditionnelle : si le plancher ne peut pas être calé au-dessus des PHEC (impossibilité fonctionnelle dûment justifiée), un niveau refuge adapté est exigé (20 m² minimum, hauteur 1,80 m minimum).", "refugeCategorie": "Conditionnelle (impossibilité fonctionnelle à justifier)", "diagnostic": "Étude de vulnérabilité obligatoire sous 1 an pour les établissements sensibles (aléa faible à moyen : pas de délai de mise en œuvre chiffré).", "eligibiliteFprnm": "Non déterminé - typologie non qualifiée en l'état.", "altitudeSolLidarHdM": 147.4, "coteReferencePheM": 147.23, "distanceIsocoteM": 141.0, "hauteurEauEstimeeM": 0.0, "hauteurEauNote": "Estimation : cote de référence PHE (147.23 m NGF, TIN isocotes (interpolation linéaire entre lignes de cote)) moins altitude sol LIDAR HD (147.40 m NGF). Terrain surélevé localement par rapport à la cote de référence PHE interpolée à cet endroit : pas de submersion attendue pour cette crue de référence.", "coteReferenceMethode": "TIN isocotes (interpolation linéaire entre lignes de cote)"}}, {"type": "Feature", "geometry": {"coordinates": [[[1.511669, 43.579965], [1.511687, 43.579905], [1.511766, 43.579917], [1.511746, 43.579978], [1.511669, 43.579965]]], "type": "Polygon"}, "properties": {"id": "BATIMENT0000002492774387", "zoneCode": "Bi", "zoneLabel": "Bleue inondation", "zoneColor": "#4FA8E0", "concerne": true, "zonesIntersectees": "Bi;GHi", "regime": "Constructions nouvelles : Autorisées sous prescriptions (plancher au-dessus des PHEC, sens d'écoulement ou transparence hydraulique, matériaux peu vulnérables), hors établissements sensibles. Constructions existantes : Extensions autorisées selon usage (habitation, annexes, hébergement +plan de secours, ERP/activités, agricole), plancher au-dessus des PHEC.", "etudeGeotechniqueG2": false, "etagePresent": "Inconnu", "etageSource": "aucune donnée disponible", "typologie": "Typologie indéterminée (donnée absente)", "zoneRefuge": "Conditionnelle : si le plancher ne peut pas être calé au-dessus des PHEC (impossibilité fonctionnelle dûment justifiée), un niveau refuge adapté est exigé (20 m² minimum, hauteur 1,80 m minimum).", "refugeCategorie": "Conditionnelle (impossibilité fonctionnelle à justifier)", "diagnostic": "Étude de vulnérabilité obligatoire sous 1 an pour les établissements sensibles (aléa faible à moyen : pas de délai de mise en œuvre chiffré).", "eligibiliteFprnm": "Non déterminé - typologie non qualifiée en l'état.", "altitudeSolLidarHdM": 143.23, "coteReferencePheM": 143.0, "distanceIsocoteM": 1.0, "hauteurEauEstimeeM": 0.0, "hauteurEauNote": "Estimation : cote de référence PHE (143.00 m NGF, TIN isocotes (interpolation linéaire entre lignes de cote)) moins altitude sol LIDAR HD (143.23 m NGF). Terrain surélevé localement par rapport à la cote de référence PHE interpolée à cet endroit : pas de submersion attendue pour cette crue de référence.", "coteReferenceMethode": "TIN isocotes (interpolation linéaire entre lignes de cote)"}}, {"type": "Feature", "geometry": {"coordinates": [[[1.529598, 43.581351], [1.529581, 43.58135], [1.52958, 43.581376], [1.529531, 43.581373], [1.52953, 43.581392], [1.529494, 43.581392], [1.529495, 43.581361], [1.529452, 43.581359], [1.529454, 43.581318], [1.529599, 43.581323], [1.529598, 43.581351]]], "type": "Polygon"}, "properties": {"id": "BATIMENT0000002500198043", "zoneCode": "Bi", "zoneLabel": "Bleue inondation", "zoneColor": "#4FA8E0", "concerne": true, "regime": "Constructions nouvelles : Autorisées sous prescriptions (plancher au-dessus des PHEC, sens d'écoulement ou transparence hydraulique, matériaux peu vulnérables), hors établissements sensibles. Constructions existantes : Extensions autorisées selon usage (habitation, annexes, hébergement +plan de secours, ERP/activités, agricole), plancher au-dessus des PHEC.", "etudeGeotechniqueG2": false, "etagePresent": "Oui", "etageSource": "connu (BDNB Fichiers Fonciers nb_niveau=2)", "typologie": "Maison individuelle", "typologieSource": "BDNB (Fichiers Fonciers, millésime 2026-02.a)", "zoneRefuge": "Conditionnelle : si le plancher ne peut pas être calé au-dessus des PHEC (impossibilité fonctionnelle dûment justifiée), un niveau refuge adapté est exigé (20 m² minimum, hauteur 1,80 m minimum).", "refugeCategorie": "Conditionnelle (impossibilité fonctionnelle à justifier)", "diagnostic": "Étude de vulnérabilité obligatoire sous 1 an pour les établissements sensibles (aléa faible à moyen : pas de délai de mise en œuvre chiffré).", "eligibiliteFprnm": "Éligible - habitation : FPRNM à 80% des travaux prescrits, sous réserve d'un bien existant avant le 18/04/2016.", "nbLogements": 1, "hauteurM": 3.2, "altitudeSolLidarHdM": 146.65, "coteReferencePheM": 146.55, "distanceIsocoteM": 43.0, "hauteurEauEstimeeM": 0.0, "hauteurEauNote": "Estimation : cote de référence PHE (146.55 m NGF, TIN isocotes (interpolation linéaire entre lignes de cote)) moins altitude sol LIDAR HD (146.65 m NGF). Terrain surélevé localement par rapport à la cote de référence PHE interpolée à cet endroit : pas de submersion attendue pour cette crue de référence.", "coteReferenceMethode": "TIN isocotes (interpolation linéaire entre lignes de cote)"}}, {"type": "Feature", "geometry": {"coordinates": [[[1.521223, 43.58032], [1.521205, 43.580384], [1.521115, 43.58037], [1.521121, 43.580338], [1.521021, 43.580322], [1.521012, 43.58034], [1.520963, 43.580332], [1.520978, 43.580281], [1.521223, 43.58032]]], "type": "Polygon"}, "properties": {"id": "BATIMENT0000002500198060", "zoneCode": "Bi", "zoneLabel": "Bleue inondation", "zoneColor": "#4FA8E0", "concerne": true, "regime": "Constructions nouvelles : Autorisées sous prescriptions (plancher au-dessus des PHEC, sens d'écoulement ou transparence hydraulique, matériaux peu vulnérables), hors établissements sensibles. Constructions existantes : Extensions autorisées selon usage (habitation, annexes, hébergement +plan de secours, ERP/activités, agricole), plancher au-dessus des PHEC.", "etudeGeotechniqueG2": false, "etagePresent": "Non", "etageSource": "connu (BDNB Fichiers Fonciers nb_niveau=1)", "typologie": "Activité économique", "typologieSource": "BDNB (Fichiers Fonciers, millésime 2026-02.a)", "zoneRefuge": "Conditionnelle : si le plancher ne peut pas être calé au-dessus des PHEC (impossibilité fonctionnelle dûment justifiée), un niveau refuge adapté est exigé (20 m² minimum, hauteur 1,80 m minimum).", "refugeCategorie": "Conditionnelle (impossibilité fonctionnelle à justifier)", "diagnostic": "Étude de vulnérabilité obligatoire sous 1 an pour les établissements sensibles (aléa faible à moyen : pas de délai de mise en œuvre chiffré).", "eligibiliteFprnm": "Potentiellement éligible - activité : FPRNM à 20% des travaux prescrits si moins de 20 salariés, sous réserve d'un bien existant avant le 18/04/2016.", "nbLogements": 0, "hauteurM": 3.7, "altitudeSolLidarHdM": 144.28, "coteReferencePheM": 144.93, "distanceIsocoteM": 33.0, "hauteurEauEstimeeM": 0.65, "hauteurEauNote": "Estimation : cote de référence PHE (144.93 m NGF, TIN isocotes (interpolation linéaire entre lignes de cote)) moins altitude sol LIDAR HD (144.28 m NGF).", "coteReferenceMethode": "TIN isocotes (interpolation linéaire entre lignes de cote)"}}, {"type": "Feature", "geometry": {"coordinates": [[[1.514002, 43.579652], [1.513673, 43.579602], [1.513717, 43.579455], [1.514045, 43.579506], [1.514002, 43.579652]]], "type": "Polygon"}, "properties": {"id": "BATIMENT0000002500199863", "zoneCode": "Bi", "zoneLabel": "Bleue inondation", "zoneColor": "#4FA8E0", "concerne": true, "regime": "Constructions nouvelles : Autorisées sous prescriptions (plancher au-dessus des PHEC, sens d'écoulement ou transparence hydraulique, matériaux peu vulnérables), hors établissements sensibles. Constructions existantes : Extensions autorisées selon usage (habitation, annexes, hébergement +plan de secours, ERP/activités, agricole), plancher au-dessus des PHEC.", "etudeGeotechniqueG2": false, "etagePresent": "Oui", "etageSource": "estimé par la hauteur (8.1 m), fiabilité modérée", "typologie": "Activité économique", "typologieSource": "BD TOPO", "zoneRefuge": "Conditionnelle : si le plancher ne peut pas être calé au-dessus des PHEC (impossibilité fonctionnelle dûment justifiée), un niveau refuge adapté est exigé (20 m² minimum, hauteur 1,80 m minimum).", "refugeCategorie": "Conditionnelle (impossibilité fonctionnelle à justifier)", "diagnostic": "Étude de vulnérabilité obligatoire sous 1 an pour les établissements sensibles (aléa faible à moyen : pas de délai de mise en œuvre chiffré).", "eligibiliteFprnm": "Potentiellement éligible - activité : FPRNM à 20% des travaux prescrits si moins de 20 salariés, sous réserve d'un bien existant avant le 18/04/2016.", "hauteurM": 8.1, "altitudeSolLidarHdM": 142.5, "coteReferencePheM": 143.6, "distanceIsocoteM": 32.0, "hauteurEauEstimeeM": 1.1, "hauteurEauNote": "Estimation : cote de référence PHE (143.60 m NGF, TIN isocotes (interpolation linéaire entre lignes de cote)) moins altitude sol LIDAR HD (142.50 m NGF).", "coteReferenceMethode": "TIN isocotes (interpolation linéaire entre lignes de cote)"}}]}